,0,1,2,3,4,5,6,7,8,9,10,11,12,13,14,15,16,17,18,19,20,21,22,23,24,25,26,27,28,29,30,31
0,-1.8463482,-0.005240305,5.6893135e-05,-6.464225e-28,-1.8256937e-29,1.8081921e-22,0.3152098,-0.32701528,1.4275854e-18,-0.0002791759,0.01727607,-1.307799,-0.06128546,-3.5202788e-31,1.5372004e-09,-2.079235,-0.007001967,-1.7733227e-29,3.582791e-22,-2.792825e-29,9.944897e-19,0.0008230909,-3.469237e-07,-1.3012001e-29,0.54007584,1.791152e-05,-0.012262336,0.063468784,-1.518274,3.0927081e-28,2.0527482e-25,-1.4073597
1,-1.688679,-0.004872165,5.347941e-05,-5.433242e-28,-4.7309085e-30,1.1670219e-24,0.2882863,-0.29914656,1.5005474e-18,-0.00026108057,0.015975494,-1.1945598,-0.05646917,-3.0168263e-31,1.4531742e-09,-1.9029214,-0.006512616,-1.7898019e-29,3.6681005e-22,-2.809096e-29,1.3462629e-18,0.00076842576,-3.276792e-07,-7.5546295e-30,0.49331573,1.6880202e-05,-0.011357292,0.05846029,-1.3874784,3.1936273e-28,1.6358151e-25,-1.2859253
2,-1.3568847,-0.004065736,4.529499e-05,-3.0028409e-28,4.3752256e-29,-1.7527666e-23,0.2351455,-0.24422008,1.4762459e-18,-0.00021890082,0.013238762,-0.96266943,-0.046619184,-2.2143365e-31,1.2897546e-09,-1.5279775,-0.0054399753,-1.8226805e-29,3.6674454e-22,-3.327047e-29,1.3930069e-18,0.00064391264,-2.8108747e-07,-3.8217514e-30,0.40101567,1.4387255e-05,-0.00943053,0.04823781,-1.1165762,2.879346e-28,7.727747e-26,-1.0358799
3,-1.2904677,-0.0038636741,4.3025917e-05,-2.5023186e-28,2.9178763e-29,-1.198107e-22,0.22255546,-0.23115851,1.4286157e-18,-0.00020775717,0.012560679,-0.9138797,-0.04419916,-2.418856e-31,1.2054289e-09,-1.4541675,-0.0051714648,-1.7183379e-29,3.6929681e-22,-3.320547e-29,1.5431695e-18,0.0006118362,-2.6554903e-07,3.2030716e-30,0.37967768,1.365824e-05,-0.008951978,0.045727167,-1.060812,2.8556165e-28,7.533719e-26,-0.98377395
4,-0.6128293,-0.0020657545,2.3696659e-05,-4.6322395e-29,1.5888314e-29,-2.2114293e-22,0.11003199,-0.114916384,9.975389e-19,-0.00011064652,0.0065610916,-0.43751645,-0.02284803,-2.3687462e-31,6.940834e-10,-0.6898532,-0.0027926017,-1.275588e-29,3.2339455e-22,-2.67424e-29,1.378773e-18,0.0003277266,-1.4614335e-07,9.535355e-30,0.18645963,7.584995e-06,-0.004711915,0.023543298,-0.5058009,1.3800701e-28,4.5491476e-26,-0.4709306
5,0.17565268,4.214357e-05,5.394695e-07,-1.350361e-29,-7.58569e-30,-1.7593817e-22,-0.020247366,0.019628447,3.9972575e-19,4.693433e-06,-0.00043172296,0.11562039,0.0019440511,-1.779651e-31,6.5533745e-11,0.20046556,-3.8859434e-06,-6.453512e-30,2.589783e-22,-1.3287048e-29,9.624037e-19,-9.071926e-06,1.1118928e-09,9.2786204e-30,-0.03722696,2.3272719e-07,0.0002375344,-0.0022143973,0.13917032,-3.2968773e-29,4.474859e-26,0.12486339
6,0.5219096,0.00090092694,-7.431001e-06,-4.2014114e-28,1.1249209e-29,-3.0570902e-22,-0.077583924,0.078746855,3.0768542e-19,4.727067e-05,-0.0033828523,0.35870153,0.012617259,-3.2699972e-31,-7.295159e-11,0.59089756,0.0011246956,-5.7797395e-30,2.8792115e-22,-1.06947025e-29,9.058003e-19,-0.00013885822,4.1512433e-08,1.436253e-29,-0.13561398,-2.1558856e-06,0.002305824,-0.013332444,0.42263427,-1.8617385e-28,1.506964e-26,0.38638
7,-0.5817692,-0.001962606,2.1715718e-05,-1.1194899e-28,9.72749e-30,1.1098384e-22,0.10777049,-0.112665474,7.9421033e-19,-0.00010221498,0.0063139913,-0.42052656,-0.022190291,-1.8687943e-31,6.4115774e-10,-0.6517713,-0.0026562281,-1.1394918e-29,2.8972046e-22,-2.3728895e-29,8.2787095e-19,0.00030528306,-1.2939375e-07,-2.5533821e-30,0.18245992,6.87436e-06,-0.0045184186,0.022869159,-0.4836574,1.2178765e-28,8.3388255e-26,-0.45154187
8,-1.5946931,-0.004691298,5.184234e-05,-4.385978e-28,6.6608167e-29,2.157237e-22,0.2768135,-0.2873425,1.5472293e-18,-0.00025190506,0.015374089,-1.1337394,-0.054351375,-2.6382638e-31,1.4993475e-09,-1.7938663,-0.00626844,-2.0156355e-29,3.817122e-22,-3.9089595e-29,1.0455696e-18,0.0007408162,-3.226785e-07,-9.384388e-30,0.4725791,1.6450276e-05,-0.010929487,0.056278482,-1.3139759,2.9368751e-28,8.2854166e-26,-1.2192353
9,-0.8542833,-0.0026963928,3.0415487e-05,-1.7016937e-28,3.700473e-29,-1.0473763e-23,0.15139395,-0.15769255,1.1182472e-18,-0.00014431938,0.008693432,-0.6097053,-0.03054412,-2.191696e-31,9.013836e-10,-0.96068287,-0.0036284998,-1.5006774e-29,3.2897893e-22,-3.0410058e-29,1.148142e-18,0.00042675348,-1.8942595e-07,3.2293707e-30,0.25759298,9.723291e-06,-0.006212781,0.03154488,-0.70521176,1.6911247e-28,5.466932e-26,-0.6557988
10,-0.5883574,-0.0019867579,2.294773e-05,-9.187863e-29,3.2876343e-29,-1.2941083e-22,0.10609558,-0.110868245,9.917929e-19,-0.00010656039,0.006302148,-0.4210056,-0.021989362,-2.0723041e-31,6.975227e-10,-0.66172314,-0.0026894633,-1.3485834e-29,3.1615326e-22,-2.7244614e-29,1.22426e-18,0.00031585034,-1.4370985e-07,8.750434e-30,0.17993298,7.3904303e-06,-0.004527333,0.022655234,-0.48623413,1.1628507e-28,3.5674903e-26,-0.45302334
11,0.3560403,0.00054453855,-3.858061e-06,1.04148754e-29,3.179671e-29,-2.2765327e-22,-0.0522278,0.052672815,4.56076e-19,2.9057333e-05,-0.0021723863,0.24428748,0.008147835,-1.6038205e-31,1.20740085e-11,0.4028664,0.00065514864,-8.748977e-30,2.5005278e-22,-1.7951655e-29,9.754899e-19,-8.200907e-05,1.8590978e-08,2.1364702e-29,-0.091302104,-9.706505e-07,0.0014567333,-0.008660908,0.288179,-1.0785603e-28,-1.3739276e-26,0.26285365
12,-0.8020422,-0.0025599073,2.9089491e-05,-2.2012472e-28,4.669241e-29,1.6346277e-23,0.14308639,-0.14914961,1.0830183e-18,-0.00013732609,0.008237818,-0.57378733,-0.028938353,-2.3641944e-31,8.8496577e-10,-0.90129614,-0.003449544,-1.5178734e-29,3.272398e-22,-3.0195918e-29,1.0175421e-18,0.00040558935,-1.8281588e-07,2.9036738e-30,0.24342263,9.3261015e-06,-0.005890698,0.02987384,-0.6629567,1.2863029e-28,4.7416882e-26,-0.61700046
13,-1.1227205,-0.0034308445,3.8543105e-05,-3.1120088e-28,5.574543e-29,4.3136107e-23,0.19675535,-0.2045988,1.3104891e-18,-0.00018465033,0.011134278,-0.799475,-0.0392036,-2.487322e-31,1.1397666e-09,-1.262927,-0.004601466,-1.7419874e-29,3.5525984e-22,-3.4276494e-29,1.1404165e-18,0.0005434807,-2.4136858e-07,1.632504e-31,0.33534682,1.2294838e-05,-0.007939765,0.040536974,-0.9257578,2.0264505e-28,5.5445785e-26,-0.8599155
14,-1.8677434,-0.0054319114,5.993538e-05,-5.4631275e-28,8.3462413e-29,2.8269539e-22,0.32298914,-0.33508623,1.7261768e-18,-0.00029225563,0.017844468,-1.3268865,-0.0631365,-2.8645932e-31,1.7326505e-09,-2.1012168,-0.0072492054,-2.247323e-29,4.036916e-22,-4.2939752e-29,1.0144212e-18,0.0008580154,-3.738563e-07,-1.2854845e-29,0.5517529,1.900321e-05,-0.012675528,0.065403156,-1.5383972,3.3011084e-28,8.5893117e-26,-1.4269469
15,-0.6565766,-0.0021871652,2.5449483e-05,-2.5766013e-28,4.6341115e-29,-8.030233e-23,0.11863895,-0.1239178,1.022683e-18,-0.00011833261,0.0069679352,-0.47116518,-0.024358708,-2.9775378e-31,8.028744e-10,-0.7375848,-0.002958505,-1.4586351e-29,3.3148864e-22,-2.9397322e-29,1.0327282e-18,0.0003485756,-1.6278135e-07,6.5431175e-30,0.2015301,8.21424e-06,-0.004998571,0.02510653,-0.5435412,7.0361455e-29,3.563325e-26,-0.5066791
16,0.19431204,0.000113625836,9.6862e-07,-2.1041355e-28,7.157758e-30,-2.5718582e-22,-0.025090132,0.024563778,4.8229676e-19,5.230646e-06,-0.0007303057,0.12944609,0.0030282326,-3.3031187e-31,1.4612758e-10,0.22075978,7.933425e-05,-8.786309e-30,2.7199785e-22,-1.8926943e-29,9.280338e-19,-1.341178e-05,-1.3138083e-08,2.0271002e-29,-0.04437145,5.4945144e-07,0.0004372343,-0.0033600582,0.15498924,-1.265523e-28,2.7242325e-26,0.139278
17,0.6829722,0.0014132557,-1.3094355e-05,6.589692e-29,5.3209502e-30,-3.85531e-22,-0.10690378,0.10909136,1.6823453e-19,7.531555e-05,-0.0050731073,0.47446918,0.018499728,-2.0238507e-31,-2.4914826e-10,0.7711103,0.0018007085,-5.5991824e-30,2.1093648e-22,-3.4845008e-30,7.6246676e-19,-0.00021813624,7.470665e-08,1.306337e-29,-0.1849142,-3.874502e-06,0.0035050216,-0.019436121,0.5562531,-2.435303e-28,1.0019988e-26,0.51044023
18,-0.39530814,-0.0013765984,1.5079052e-05,-4.3849597e-29,-6.841294e-29,-4.2417928e-23,0.07333146,-0.07707201,5.0584255e-19,-6.992297e-05,0.004382043,-0.2858566,-0.015402216,-1.7270579e-31,3.8770187e-10,-0.44374308,-0.0018885566,-7.388943e-30,2.16299e-22,-3.111552e-30,7.5157227e-19,0.00021331408,-8.7103764e-08,-1.2707144e-29,0.124672495,4.7736585e-06,-0.0031505614,0.015797041,-0.32851905,5.7101807e-29,1.7771233e-25,-0.30751166
19,0.4481948,0.0006552459,-5.250874e-06,2.787606e-28,5.6767327e-30,-1.2340867e-22,-0.06325956,0.06397833,4.2699958e-19,3.500572e-05,-0.002559211,0.30616415,0.009700478,2.1286846e-31,-6.3300754e-11,0.5075922,0.00080049597,-7.264241e-30,1.394828e-22,1.1826558e-29,8.4093337e-19,-9.872234e-05,2.958392e-08,-2.9758732e-29,-0.11217626,-1.4577151e-06,0.0017228271,-0.010309118,0.3619874,-2.7071937e-29,7.279307e-26,0.33007908
20,-0.32968643,-0.0013050127,1.5022769e-05,1.5677551e-28,-9.899563e-30,-1.1450444e-22,0.0639905,-0.06735286,7.4345696e-19,-6.8172274e-05,0.0040604575,-0.23969732,-0.014038208,-7.9451734e-32,4.3753567e-10,-0.36987588,-0.0017863392,-9.896644e-30,2.4913136e-22,-1.3287069e-29,1.124007e-18,0.00020622328,-9.073797e-08,-6.88092e-30,0.10723434,4.840118e-06,-0.0029379404,0.014390304,-0.2746798,1.1848154e-28,8.375267e-26,-0.25767583
21,-0.28697234,-0.0011846527,1.3825467e-05,1.2019262e-28,-4.038979e-30,-9.3177284e-23,0.056443997,-0.059530523,7.647894e-19,-6.177361e-05,0.0036489978,-0.20919494,-0.012578453,-8.083316e-32,4.1652992e-10,-0.3218339,-0.0016271295,-1.0205215e-29,2.5824282e-22,-1.8368977e-29,1.2114093e-18,0.00018740438,-8.382118e-08,1.42870505e-30,0.09437987,4.478702e-06,-0.0026485673,0.012878971,-0.23941135,1.3103826e-28,6.675642e-26,-0.22491226
22,0.3313376,0.000517462,-4.3846003e-06,1.7059541e-28,1.3404325e-29,-8.1396044e-23,-0.04821125,0.048606057,4.1196477e-19,3.0152336e-05,-0.0020313528,0.22711693,0.0075224964,-1.8800763e-32,-4.5040666e-11,0.3752111,0.000623408,-7.7773204e-30,2.1927019e-22,-1.6875833e-29,9.905029e-19,-8.157624e-05,2.7568998e-08,1.8272251e-29,-0.08447317,-1.2058342e-06,0.0013672577,-0.007992092,0.2680028,-1.8694502e-29,1.02351806e-26,0.24450311
23,0.5354091,0.0010740636,-1.0419328e-05,2.244407e-28,9.719314e-30,-1.1137471e-22,-0.08195254,0.083433494,2.2080462e-19,6.0321207e-05,-0.0038705873,0.36986607,0.014019179,-6.5736994e-32,-2.0079313e-10,0.60578334,0.0013592085,-6.1687356e-30,2.0451389e-22,-1.3475747e-29,7.7666474e-19,-0.00016973086,6.410623e-08,1.8025931e-29,-0.14217737,-3.095973e-06,0.0026708154,-0.014742251,0.4346687,-1.0755221e-28,5.268802e-27,0.3982915
24,0.2146081,0.00026451697,-2.2879958e-06,1.7821287e-28,8.262871e-31,-1.0123985e-23,-0.028251521,0.02792221,2.534563e-19,1.823466e-05,-0.0011048927,0.14291085,0.0040374314,-1.1017688e-31,-7.196299e-12,0.2448813,0.00028849463,-6.7972696e-30,2.0881422e-22,-1.2097208e-29,5.3195716e-19,-4.5010886e-05,1.6657072e-08,9.086638e-30,-0.049615912,-5.956276e-07,0.0007287762,-0.0043664593,0.17091942,-8.937625e-29,4.5903976e-26,0.15425965
25,-0.55826724,-0.0017988044,1.9507308e-05,4.49429e-29,-3.0299843e-30,9.959808e-23,0.102197036,-0.10688791,6.0063264e-19,-9.213571e-05,0.0058307536,-0.40348244,-0.020687398,-2.3934156e-31,5.6124305e-10,-0.62536323,-0.0024397676,-1.01688574e-29,2.6310306e-22,-1.8793167e-29,4.8819176e-19,0.00027871237,-1.1644228e-07,-4.7105147e-30,0.17407009,6.2048193e-06,-0.004163308,0.021321487,-0.46412367,3.6242637e-29,9.9582165e-26,-0.43335265
26,-0.6019719,-0.0019219406,2.1025298e-05,-5.4214735e-29,5.3357137e-30,1.1990621e-22,0.11004545,-0.11505318,6.109278e-19,-9.9341196e-05,0.006241906,-0.43540293,-0.022156503,-2.9813826e-31,6.2314565e-10,-0.6740614,-0.0026050194,-1.0792515e-29,2.7211993e-22,-1.9483148e-29,3.5471149e-19,0.00029874066,-1.2790163e-07,-6.216024e-30,0.18764499,6.7025185e-06,-0.0044538905,0.022841621,-0.5006995,6.747375e-31,9.977636e-26,-0.46754032
27,-1.0363743,-0.0031476212,3.4528814e-05,-1.5371153e-28,2.8609072e-29,2.1985773e-22,0.18373998,-0.19115628,1.0479062e-18,-0.00016634128,0.01028789,-0.7415982,-0.03641925,-2.3880111e-31,1.0050266e-09,-1.1637558,-0.0042247246,-1.4857639e-29,3.157709e-22,-3.0675027e-29,7.3838634e-19,0.0004938393,-2.123899e-07,-7.887358e-30,0.31321067,1.0967022e-05,-0.0073219556,0.037659954,-0.85698414,1.8107266e-28,9.295378e-26,-0.79694146
28,-1.5889056,-0.004629418,5.0730494e-05,-4.649629e-28,4.2137797e-29,2.795191e-22,0.2756954,-0.28621244,1.4029063e-18,-0.0002471925,0.01521834,-1.1304489,-0.053924702,-3.012454e-31,1.4489457e-09,-1.7868134,-0.0061885407,-1.873954e-29,3.6311674e-22,-3.549927e-29,8.207125e-19,0.00072855054,-3.1373867e-07,-1.2467525e-29,0.4711783,1.6060723e-05,-0.0108098285,0.05583591,-1.3097953,2.6363537e-28,1.1978168e-25,-1.2155637
29,-1.141732,-0.003425391,3.7756232e-05,-3.182756e-28,2.7675935e-29,2.1806827e-22,0.20010859,-0.20806693,1.17234e-18,-0.00018200814,0.011186149,-0.8141188,-0.039571237,-2.1741694e-31,1.0903884e-09,-1.283428,-0.0045954385,-1.6011202e-29,3.243166e-22,-3.1452603e-29,9.008741e-19,0.000538591,-2.3263485e-07,-4.5330433e-30,0.34154394,1.1986326e-05,-0.007962956,0.04092667,-0.94224983,2.1895695e-28,1.02852905e-25,-0.8753791
30,-0.5372193,-0.0018106818,2.0657712e-05,-2.6520265e-28,1.0891799e-29,1.4317867e-22,0.098331004,-0.10289782,8.675747e-19,-9.542881e-05,0.0057665524,-0.38736343,-0.020258408,-1.6719156e-31,6.404014e-10,-0.60255647,-0.0024623624,-1.2668894e-29,2.8169163e-22,-2.6719774e-29,9.408065e-19,0.00028494737,-1.2822e-07,6.394066e-30,0.16708761,6.6439798e-06,-0.0041392036,0.02085625,-0.44594163,1.2699471e-28,8.3232036e-26,-0.4163535
31,0.97933006,0.0022040016,-2.144757e-05,-9.3577325e-30,1.5334859e-29,-1.654162e-22,-0.15661108,0.16053243,1.8111298e-19,0.00011834731,-0.00774169,0.68348074,0.027968265,-4.254476e-32,-4.3956166e-10,1.1054221,0.0028455819,-5.82577e-30,1.9650022e-22,-1.5592066e-29,1.0256136e-18,-0.0003432346,1.2607427e-07,3.3023542e-29,-0.27032024,-6.463475e-06,0.005386091,-0.029257912,0.79934746,-1.5577018e-28,-2.6413183e-26,0.73545223
32,0.74611056,0.0015455824,-1.3823814e-05,-2.9502596e-28,2.1805213e-29,-9.228831e-23,-0.117625624,0.120225385,4.491373e-19,8.1403225e-05,-0.0055923886,0.51939887,0.020418618,-4.6100114e-32,-2.079989e-10,0.8422717,0.0019692993,-8.498551e-30,2.2399538e-22,-2.2115538e-29,1.2577141e-18,-0.00023723801,7.6314805e-08,3.579504e-29,-0.20353654,-4.033589e-06,0.003856934,-0.02142879,0.60828376,-6.9796574e-29,-1.4776893e-26,0.5587527
33,-0.2385831,-0.0010040675,1.20485065e-05,-1.8639124e-28,-5.645379e-30,9.024433e-24,0.047793947,-0.050681785,6.5645405e-19,-5.2159645e-05,0.003069328,-0.17632301,-0.010646323,-2.147148e-31,4.0193898e-10,-0.26641315,-0.0013958863,-1.0227723e-29,2.6613938e-22,-2.2189853e-29,9.159543e-19,0.00015823389,-7.545394e-08,1.0735662e-29,0.080586895,3.9446904e-06,-0.0022342799,0.010865691,-0.20060663,4.151386e-29,7.717273e-26,-0.18943363
34,-2.027074,-0.00571459,6.215603e-05,-8.0484564e-28,-1.3100628e-29,2.0240567e-22,0.3446105,-0.35739818,1.5669237e-18,-0.0003052029,0.018845767,-1.4342341,-0.06685945,-3.7166853e-31,1.6832468e-09,-2.2833674,-0.0076316046,-1.9287069e-29,3.7793697e-22,-3.1282832e-29,1.0811371e-18,0.0008983737,-3.7995287e-07,-9.843262e-30,0.59077984,1.9570665e-05,-0.013374357,0.06925635,-1.6659015,3.4276071e-28,2.1081568e-25,-1.5436374
35,-1.9197443,-0.0054881717,6.009132e-05,-7.7571335e-28,-3.145415e-29,6.352696e-23,0.32678872,-0.33901253,1.572795e-18,-0.00029444418,0.018036408,-1.35746,-0.06379886,-2.8966623e-31,1.6106996e-09,-2.1635373,-0.00733479,-1.8397265e-29,3.501418e-22,-1.904027e-29,1.2544096e-18,0.00086536707,-3.6789427e-07,-2.2082427e-29,0.559663,1.8925695e-05,-0.012814958,0.06605076,-1.5769833,3.4626603e-28,2.3735185e-25,-1.4613485
36,-1.3029511,-0.00394144,4.389922e-05,-4.292888e-28,9.1710166e-30,7.426994e-23,0.22726102,-0.23618889,1.363539e-18,-0.0002121616,0.012834035,-0.9262843,-0.045179788,-1.399981e-31,1.2364553e-09,-1.4666556,-0.0052835885,-1.6852212e-29,3.0928336e-22,-1.7153841e-29,1.1446256e-18,0.00062393985,-2.720872e-07,-2.5178651e-29,0.3874711,1.3919888e-05,-0.009145223,0.046712846,-1.0733254,2.6845562e-28,1.5638157e-25,-0.9965421
37,-1.5086613,-0.0044887145,5.0070405e-05,-4.524095e-28,2.860838e-29,-5.559575e-23,0.25991532,-0.26985028,1.5884727e-18,-0.00024259654,0.014622493,-1.068434,-0.051457763,-2.0085561e-31,1.4035123e-09,-1.6999521,-0.006004121,-1.8898934e-29,3.6273549e-22,-2.7102968e-29,1.5010685e-18,0.0007119301,-3.1076894e-07,-1.17220575e-29,0.44355562,1.587874e-05,-0.010415559,0.053244077,-1.2402029,3.2034732e-28,1.1719692e-25,-1.1500416
38,-1.5154757,-0.0044872724,4.9934933e-05,-4.1130535e-28,3.7798545e-29,-5.463263e-23,0.26080844,-0.2707365,1.5824788e-18,-0.00024206753,0.014631316,-1.0731776,-0.051534735,-2.4220915e-31,1.4041859e-09,-1.7074692,-0.005999266,-1.9002723e-29,3.8045461e-22,-3.2825965e-29,1.5074395e-18,0.0007110101,-3.0960987e-07,-4.3972103e-30,0.44519982,1.5838385e-05,-0.010418021,0.053337555,-1.2458062,3.1716046e-28,9.39093e-26,-1.155098
39,-1.3109452,-0.0038813592,4.2896114e-05,-4.364947e-28,-6.155543e-31,-8.3545393e-23,0.22548085,-0.23420145,1.3162425e-18,-0.00020781485,0.012653293,-0.9283977,-0.04461036,-3.0041093e-31,1.1786815e-09,-1.4771194,-0.0051971944,-1.5460026e-29,3.6691463e-22,-2.7685848e-29,1.4079423e-18,0.0006129248,-2.629641e-07,-1.11303065e-30,0.3851705,1.3579792e-05,-0.0090115825,0.0461503,-1.0777014,2.6592124e-28,1.2323257e-25,-0.99943477
40,0.26134598,0.00024795788,-8.0535756e-07,-3.3621636e-28,-1.1891913e-29,-2.9624658e-22,-0.03518709,0.035061773,4.2315947e-19,1.3117871e-05,-0.0011801652,0.17661043,0.004713853,-3.271881e-31,6.8408015e-11,0.29638216,0.0002646516,-5.8653617e-30,2.9949116e-22,-1.2437649e-29,1.0975804e-18,-3.5506302e-05,1.3411849e-09,1.0777663e-29,-0.06266736,-6.086589e-08,0.0007544616,-0.0051053874,0.20991826,-7.983144e-29,4.6132703e-26,0.1901722
41,0.34881085,0.0004761067,-3.8414964e-06,-4.6775504e-28,-2.838703e-29,-1.7109275e-22,-0.048258487,0.048545767,2.6139936e-19,2.7116075e-05,-0.001896672,0.23628066,0.0071981,-3.0190337e-31,-3.2688185e-11,0.39627132,0.0005689643,-3.4284355e-30,2.922374e-22,-6.0578088e-30,9.021204e-19,-7.526893e-05,2.4624814e-08,1.3951811e-30,-0.08548053,-1.0966817e-06,0.0012690357,-0.0076825824,0.28030327,-8.1776255e-29,7.822848e-26,0.25487757
42,-0.28199115,-0.0012244097,1.5301386e-05,-7.6240643e-28,2.3416777e-29,-3.0187287e-23,0.057215307,-0.060479324,7.8175785e-19,-6.705613e-05,0.003734766,-0.20867978,-0.012809468,-3.5085652e-31,5.483632e-10,-0.3145424,-0.0016859532,-1.0271564e-29,3.4895195e-22,-1.8945991e-29,9.589839e-19,0.00019789419,-1.0196827e-07,-7.2565053e-31,0.09576232,5.048625e-06,-0.0027184214,0.013098162,-0.2373035,1.1015519e-29,6.7206216e-26,-0.22397493
43,-1.1394876,-0.0034491043,3.8088234e-05,-2.8550503e-28,3.4172296e-29,1.4833545e-22,0.20043622,-0.20838879,1.1864245e-18,-0.00018370457,0.011254504,-0.8128534,-0.03975241,-2.5128044e-31,1.1025258e-09,-1.2808264,-0.0046231253,-1.5665165e-29,3.4362516e-22,-3.1143957e-29,9.559978e-19,0.0005433069,-2.3536266e-07,-7.47814e-30,0.3416455,1.2101284e-05,-0.008013076,0.041117292,-0.9405922,2.1551982e-28,8.923378e-26,-0.87392414
44,-1.5303011,-0.0045327,5.039727e-05,-3.5940662e-28,6.164603e-29,2.9018065e-23,0.26445833,-0.2745134,1.599672e-18,-0.00024429001,0.014797708,-1.0853724,-0.05217349,-2.4955898e-31,1.4429506e-09,-1.7230762,-0.00605705,-1.9900809e-29,3.9013435e-22,-3.8626442e-29,1.3857938e-18,0.0007177448,-3.1354242e-07,-2.6604006e-30,0.45127252,1.6003283e-05,-0.010531591,0.054012522,-1.2591499,3.1145867e-28,6.547985e-26,-1.1678001
45,-0.51105964,-0.0017911093,2.1048862e-05,-9.7384e-29,2.901418e-29,-2.0359459e-22,0.09274948,-0.097070366,9.841742e-19,-9.663486e-05,0.005626259,-0.36575413,-0.019526858,-2.2231137e-31,6.477219e-10,-0.57514226,-0.002431269,-1.3128127e-29,3.1912352e-22,-2.7069117e-29,1.3357165e-18,0.00028613285,-1.3278955e-07,1.21179324e-29,0.15700728,6.8070894e-06,-0.0040543936,0.020092085,-0.4222986,1.0657295e-28,2.944233e-26,-0.39375958
46,-0.8206899,-0.0026217985,2.9925102e-05,-1.8500259e-28,4.142584e-29,-1.1466373e-22,0.14514926,-0.15123461,1.1544931e-18,-0.00014131686,0.008411942,-0.5848446,-0.02946153,-2.3950798e-31,8.926679e-10,-0.92358506,-0.003530127,-1.521364e-29,3.397093e-22,-3.0400256e-29,1.2807706e-18,0.0004167257,-1.877179e-07,6.627107e-30,0.24684441,9.59008e-06,-0.00602034,0.030414548,-0.67684376,1.5567641e-28,4.047692e-26,-0.62932736
47,-0.4822571,-0.0017249417,2.0585436e-05,-1.9195443e-28,3.905135e-29,-1.7129105e-22,0.08847542,-0.09270416,9.794708e-19,-9.3720475e-05,0.005397829,-0.3464979,-0.018711805,-2.5199632e-31,6.6071987e-10,-0.5421436,-0.0023463098,-1.3607261e-29,3.222284e-22,-2.789319e-29,1.2293744e-18,0.0002764971,-1.3219552e-07,1.22175985e-29,0.14973147,6.6890543e-06,-0.0038944758,0.019239472,-0.3993529,7.2434117e-29,2.3741385e-26,-0.3728826
48,-1.7024744,-0.00498795,5.5163015e-05,-4.5461856e-28,7.236607e-29,1.8393274e-22,0.29452804,-0.30563825,1.6475897e-18,-0.00026836072,0.016348807,-1.2090048,-0.057776645,-2.6823013e-31,1.5888629e-09,-1.9157683,-0.006660709,-2.1137003e-29,3.9425912e-22,-4.072918e-29,1.1464043e-18,0.0007883676,-3.4355318e-07,-8.757899e-30,0.5029142,1.7499135e-05,-0.011621367,0.05983522,-1.4019048,3.1788044e-28,7.870733e-26,-1.3003736
49,-1.5230148,-0.004491952,4.9595234e-05,-3.6841713e-28,6.0060246e-29,1.8994649e-22,0.2646197,-0.27472866,1.4883945e-18,-0.00024084975,0.014714502,-1.08296,-0.05201519,-2.5694633e-31,1.42981e-09,-1.7132254,-0.006004025,-1.9426819e-29,3.7300146e-22,-3.799652e-29,1.0501583e-18,0.0007089847,-3.08038e-07,-8.36686e-30,0.45169482,1.5735393e-05,-0.010462207,0.05385339,-1.255016,2.839852e-28,8.247993e-26,-1.1646342
50,-0.6959375,-0.0022779799,2.6057538e-05,-2.3472514e-28,3.6883247e-29,4.702444e-23,0.12549403,-0.13097027,1.0294179e-18,-0.00012197193,0.0072955675,-0.49931318,-0.025591072,-2.213472e-31,8.0532747e-10,-0.7815707,-0.0030779028,-1.445838e-29,3.164727e-22,-3.0311745e-29,1.0369313e-18,0.00036095138,-1.6407992e-07,4.8629453e-30,0.21323195,8.374963e-06,-0.00522531,0.02639468,-0.5761315,1.3207211e-28,5.339821e-26,-0.53680617
51,0.22345388,0.00020326214,-6.2546314e-07,4.089676e-29,1.6162855e-30,-1.8932614e-22,-0.029351275,0.029043693,4.2786535e-19,1.195179e-05,-0.000991141,0.14961074,0.0038861996,-2.2873178e-31,7.462031e-11,0.25399026,0.00020425697,-7.8082504e-30,2.5196227e-22,-1.8692071e-29,9.36178e-19,-3.0135408e-05,7.334684e-10,1.6828216e-29,-0.052071586,3.416062e-09,0.0006297645,-0.004231776,0.17860433,-7.0898206e-29,2.5904923e-26,0.16122812
52,-0.38945758,-0.0013050596,1.4255944e-05,-1.4711844e-28,-7.548716e-29,-6.17496e-23,0.07076955,-0.07438804,4.661997e-19,-6.561715e-05,0.004158927,-0.28077102,-0.014690727,-3.0746486e-31,3.6914946e-10,-0.43742275,-0.0017945567,-7.0938515e-30,2.4635099e-22,-1.2726879e-29,8.0449803e-19,0.00020110744,-8.202959e-08,5.3842953e-30,0.12104243,4.5184943e-06,-0.0029888314,0.01506867,-0.3231782,3.63602e-29,1.643447e-25,-0.30225262
53,-0.14942265,-0.000822874,9.648513e-06,1.1685369e-28,-4.0725408e-29,-4.3163326e-23,0.03462486,-0.03709461,5.406243e-19,-4.1664578e-05,0.0024730242,-0.11404835,-0.008433951,-7.4917076e-33,2.7685823e-10,-0.1661363,-0.0011541964,-7.735931e-30,1.9090131e-22,8.1196e-31,8.519479e-19,0.0001291284,-5.659909e-08,-2.188266e-29,0.05696629,3.1227435e-06,-0.0018136973,0.00854924,-0.1277014,7.0445215e-29,1.4107143e-25,-0.122280814
54,-0.38714808,-0.0014432152,1.6278547e-05,3.2263106e-29,-4.3456367e-29,-4.3417087e-23,0.07367782,-0.07741989,6.8020034e-19,-7.498993e-05,0.004546187,-0.28077915,-0.015814692,-6.738045e-32,4.4771287e-10,-0.43445858,-0.0019745824,-8.9400585e-30,2.2036215e-22,-4.939148e-30,9.800173e-19,0.00022671335,-9.698155e-08,-1.7719049e-29,0.1241547,5.195608e-06,-0.0032781055,0.016220296,-0.322176,1.227978e-28,1.4858154e-25,-0.3018588
55,-0.23386762,-0.0011142697,1.33932135e-05,1.567523e-28,-3.3297252e-30,-1.2416433e-22,0.04923614,-0.052146908,7.8605785e-19,-5.921359e-05,0.003380145,-0.17291132,-0.011490284,-6.3805833e-34,4.1203913e-10,-0.2618003,-0.0015358648,-1.0185438e-29,2.3307556e-22,-8.6707074e-30,1.1887235e-18,0.00017848748,-8.2951686e-08,-1.503884e-29,0.081262186,4.3596983e-06,-0.0024666819,0.011727827,-0.19648278,1.2688592e-28,8.2966985e-26,-0.18569818
56,-0.42792872,-0.0015336822,1.7629662e-05,8.801151e-29,8.448429e-30,-1.701008e-22,0.07868225,-0.082478926,8.4553844e-19,-8.081464e-05,0.004812374,-0.30703527,-0.0167281,-1.6340076e-31,5.181507e-10,-0.4813531,-0.0020870534,-1.1243054e-29,2.9251099e-22,-2.3862645e-29,1.2841642e-18,0.00024266631,-1.0746487e-07,9.9967034e-30,0.1329127,5.6786666e-06,-0.0034701207,0.017198037,-0.35407603,1.2323843e-28,4.495911e-26,-0.330495
57,0.36213452,0.0005866085,-4.7836575e-06,1.8000123e-28,1.5119907e-29,-2.8086513e-22,-0.053550374,0.05408139,3.613777e-19,3.2568863e-05,-0.002278719,0.24900411,0.008474999,-1.6888838e-31,-4.7545357e-11,0.40954313,0.0007145909,-7.296381e-30,2.4129074e-22,-1.4931967e-29,9.465099e-19,-9.041401e-05,2.7333993e-08,1.879482e-29,-0.09353032,-1.3045567e-06,0.0015387335,-0.008991846,0.2934335,-1.1102993e-28,-2.9567986e-27,0.26790154
58,1.0877752,0.0025573648,-2.5782605e-05,3.152597e-28,3.7058368e-29,-3.6018233e-22,-0.17569858,0.18024246,-8.9179376e-20,0.00013837367,-0.008860471,0.76062196,0.031820677,-9.6917464e-32,-5.855968e-10,1.2275648,0.0033205126,-4.084986e-30,1.83777e-22,-4.2725793e-30,5.625816e-19,-0.00040083335,1.5507786e-07,2.5939544e-29,-0.30253544,-7.860123e-06,0.0061901817,-0.033243213,0.8887157,-3.359671e-28,-6.0099183e-26,0.81836975
59,0.83988184,0.0019164849,-1.9412144e-05,4.6354534e-28,3.1713972e-29,-4.0637368e-22,-0.13369642,0.13684757,-9.3019614e-20,0.000105010375,-0.006667012,0.58504236,0.02394554,-1.8999548e-31,-4.425625e-10,0.9486412,0.0024775688,-3.9496542e-30,1.9924236e-22,-2.917993e-30,3.9149574e-19,-0.0003016658,1.17991306e-07,1.6840428e-29,-0.23048362,-5.903362e-06,0.0046511693,-0.02505238,0.6847991,-3.4419298e-28,-4.4752153e-26,0.62965107
60,0.49666,0.0010383236,-1.0536076e-05,4.4090358e-28,4.671954e-30,-3.742919e-22,-0.076777145,0.07805534,-1.7865188e-20,5.9171052e-05,-0.003687819,0.34345573,0.013265376,-2.4408016e-31,-2.4725394e-10,0.5616733,0.001316658,-4.128497e-30,2.1002977e-22,-2.5195753e-30,3.7838648e-19,-0.0001656836,6.6854625e-08,1.0484433e-29,-0.13253969,-3.1801026e-06,0.0025547438,-0.013953454,0.40345415,-2.7997106e-28,6.237967e-27,0.3696358
61,0.13855371,3.7821534e-05,1.7794218e-07,3.382591e-28,1.4557262e-30,-1.8348582e-22,-0.014949143,0.014187444,2.611956e-19,5.5831115e-06,-0.00034792395,0.089035094,0.0014121151,-2.2769709e-31,5.2060467e-11,0.1590386,-6.9359085e-06,-6.4665746e-30,2.3492583e-22,-1.2481401e-29,5.6619567e-19,-8.226903e-06,7.1848305e-10,6.1392884e-30,-0.027152069,1.8217452e-07,0.00019420218,-0.0016381443,0.10840277,-1.1809128e-28,3.2153564e-26,0.09633257
62,-0.04420971,-0.0004767272,5.8218666e-06,1.0029232e-28,-7.181317e-30,-1.2228226e-22,0.01616126,-0.017956702,4.0038013e-19,-2.2497477e-05,0.0013555329,-0.040161945,-0.0045980434,-2.5771562e-31,2.0732455e-10,-0.046818182,-0.0006886404,-7.049443e-30,2.6278007e-22,-1.4401328e-29,7.0260664e-19,7.353602e-05,-3.460941e-08,2.4379384e-30,0.025940223,1.9564613e-06,-0.0010129722,0.0045999745,-0.04174523,-4.6426088e-29,5.8903535e-26,-0.042632103
63,-0.3908263,-0.0013899322,1.5230597e-05,1.7458384e-28,-1.3851263e-29,2.327056e-23,0.07421884,-0.0778961,6.1589046e-19,-7.037101e-05,0.004427936,-0.28437078,-0.015579527,-1.7898686e-31,4.3770176e-10,-0.4374338,-0.0018958051,-9.168325e-30,2.614585e-22,-2.1013673e-29,8.470686e-19,0.00021545684,-8.951135e-08,8.133454e-31,0.12543699,4.869295e-06,-0.0031795234,0.016017336,-0.32601997,9.715444e-29,8.358384e-26,-0.30533636
64,-0.40444803,-0.0014479044,1.6100756e-05,-2.5731664e-28,-1.3495522e-29,2.164722e-23,0.076930866,-0.08074575,5.9145916e-19,-7.450467e-05,0.0046066735,-0.29452053,-0.01617355,-2.7154545e-31,4.7557236e-10,-0.45243713,-0.0019732115,-8.0532264e-30,3.0008244e-22,-1.4192236e-29,7.487801e-19,0.0002259883,-9.68994e-08,-7.943112e-30,0.13,5.160133e-06,-0.003309175,0.016625073,-0.3375522,5.3269706e-29,1.0565494e-25,-0.31622165
65,0.0044142455,-0.00033507455,3.93544e-06,1.6384133e-28,-2.986178e-29,-2.0888242e-23,0.0078032576,-0.009252751,3.9480832e-19,-1.3525165e-05,0.00089353125,-0.0053617507,-0.0029882048,-1.4681792e-31,1.3189622e-10,0.0077859163,-0.00050069555,-6.275629e-30,2.3906338e-22,-1.5786354e-29,8.747095e-19,4.9394606e-05,-1.9698234e-08,4.8932177e-30,0.011479098,1.3283325e-06,-0.0006846757,0.0029346072,-0.0015417412,4.442208e-29,7.927835e-26,-0.0052012578
66,0.32592452,0.0005020545,-4.4214885e-06,1.2369043e-28,-1.5466623e-29,7.9794164e-24,-0.04645862,0.046793904,3.757176e-19,3.014728e-05,-0.0019593756,0.221869,0.007231977,-4.6745402e-32,-5.2436083e-11,0.36976358,0.0006009564,-6.83256e-30,2.1234308e-22,-1.8924972e-29,1.004436e-18,-8.034688e-05,2.8612472e-08,1.7563654e-29,-0.08153274,-1.2357914e-06,0.0013197381,-0.0076931072,0.26261303,2.4229285e-29,4.5047902e-26,0.23913017
67,0.30184343,0.00043307705,-3.5793864e-06,1.2508325e-28,-1.4786619e-29,-5.7594444e-23,-0.042503092,0.042695697,3.7890184e-19,2.6016063e-05,-0.0017340989,0.20501058,0.006456257,-9.8177276e-32,-2.8700348e-11,0.34246668,0.00050981506,-6.843136e-30,2.2222027e-22,-1.8580369e-29,1.001914e-18,-6.88137e-05,2.2648177e-08,1.7318558e-29,-0.07472711,-9.646644e-07,0.0011595336,-0.0068903165,0.24295321,1.6090603e-30,4.2133113e-26,0.22093102
68,-0.5814959,-0.0019214828,2.1792097e-05,-2.9650874e-28,-3.431971e-30,1.2855983e-22,0.10466269,-0.10940693,9.200704e-19,-0.00010126893,0.0061240206,-0.4168229,-0.021502592,-1.1085387e-31,6.4764494e-10,-0.65341747,-0.002609834,-1.2622119e-29,2.7454371e-22,-2.46242e-29,1.1134263e-18,0.00030231755,-1.3348667e-07,6.625022e-30,0.17803252,6.9788257e-06,-0.004394896,0.022145433,-0.48109967,1.7671019e-28,1.02231615e-25,-0.44840556
69,-1.2415866,-0.0036423043,3.95326e-05,-3.4397044e-28,-2.7554e-29,1.6256463e-22,0.21551678,-0.22399591,1.0547793e-18,-0.00019232047,0.01195346,-0.883303,-0.04236842,-2.5979394e-31,1.074417e-09,-1.3967597,-0.0048852637,-1.3809058e-29,3.005124e-22,-2.0861906e-29,8.349595e-19,0.0005704666,-2.3938955e-07,-1.3659466e-29,0.3685735,1.2465184e-05,-0.008498446,0.043821633,-1.0233644,2.180511e-28,1.8066315e-25,-0.9501543
70,-0.3908817,-0.001547186,1.807904e-05,-2.648144e-29,-2.0108066e-29,-3.3875776e-23,0.07614724,-0.0800457,8.313652e-19,-8.277445e-05,0.004829319,-0.28457212,-0.01664216,2.9060853e-32,5.3137084e-10,-0.43842587,-0.0021148822,-1.06582934e-29,2.1347836e-22,-3.9102998e-31,1.0459355e-18,0.00024673072,-1.1202174e-07,-3.0055464e-29,0.12749708,5.8140854e-06,-0.003491816,0.017058399,-0.32587504,1.3998681e-28,1.4192341e-25,-0.30576342
71,-0.6284932,-0.002203329,2.5465592e-05,-1.4832234e-28,-8.3101936e-30,-6.640756e-23,0.11543107,-0.120640814,1.045791e-18,-0.00011926658,0.006985907,-0.45096248,-0.024229158,1.562018e-32,7.3658396e-10,-0.7069061,-0.0029839792,-1.2792595e-29,2.4088593e-22,-3.0290394e-30,1.2159625e-18,0.0003519322,-1.5892775e-07,-3.0465434e-29,0.19480646,8.150672e-06,-0.0050227046,0.024933245,-0.52002555,1.8770884e-28,1.4135934e-25,-0.4850658
72,-0.67297465,-0.0023210454,2.6804702e-05,-8.4836805e-29,2.0221353e-29,-7.436548e-23,0.12293786,-0.12835196,1.1218971e-18,-0.00012573344,0.0073761283,-0.48236108,-0.0256259,-1.969743e-32,7.9406415e-10,-0.7568196,-0.003135325,-1.4014986e-29,2.7035202e-22,-1.2212859e-29,1.2681405e-18,0.00037076886,-1.6820354e-07,-2.149225e-29,0.20757264,8.5968e-06,-0.005297385,0.026400808,-0.5565833,1.9595307e-28,9.376557e-26,-0.51875895
73,-1.8074603,-0.0052081766,5.735021e-05,-6.055243e-28,1.5753716e-30,-4.3515186e-23,0.3077564,-0.31926006,1.6335271e-18,-0.00028006037,0.01706802,-1.2772964,-0.060280256,-3.0284503e-31,1.5601188e-09,-2.0374253,-0.0069576697,-1.9090222e-29,3.8290188e-22,-2.9325226e-29,1.4983725e-18,0.0008228433,-3.5246782e-07,-7.248781e-30,0.5266081,1.810891e-05,-0.012135312,0.062413964,-1.4842278,3.5040487e-28,1.6079746e-25,-1.3751788
74,-1.1055923,-0.0033076764,3.6567806e-05,-2.9032448e-28,-1.1640033e-29,-9.372338e-23,0.19090123,-0.19848363,1.1446263e-18,-0.00017627847,0.010757932,-0.7839043,-0.037928,-2.8422833e-31,1.0019614e-09,-1.2455466,-0.0044397153,-1.4124555e-29,3.333436e-22,-2.5287198e-29,1.2799914e-18,0.00052141794,-2.2319892e-07,1.6700882e-30,0.32615256,1.1582261e-05,-0.007668392,0.039208245,-0.90943444,2.1209657e-28,1.228389e-25,-0.8439193
75,-0.6398385,-0.0020536925,2.2811215e-05,-3.9056504e-28,-4.116803e-29,-8.899319e-23,0.11388704,-0.118920356,7.493069e-19,-0.000107812826,0.0066022007,-0.45736307,-0.023210417,-3.3482283e-31,6.281456e-10,-0.7196121,-0.0027799858,-9.116132e-30,3.144243e-22,-1.5829066e-29,1.0394605e-18,0.00032243313,-1.3775e-07,-1.4639659e-30,0.19401982,7.250893e-06,-0.0047259023,0.023919724,-0.52858007,1.0512861e-28,1.4097011e-25,-0.49220237
76,0.79910755,0.001644053,-1.4933983e-05,-7.5024466e-28,-1.3336884e-29,-3.6649927e-22,-0.12489875,0.12770166,1.8187915e-19,8.5852414e-05,-0.0059054247,0.5550887,0.021629922,-4.043713e-31,-2.5738994e-10,0.9026133,0.00210662,-2.697438e-30,3.0976134e-22,-4.8373432e-30,1.051525e-18,-0.00025104187,8.164497e-08,1.3685676e-29,-0.21658218,-4.3932214e-06,0.004080573,-0.022697423,0.6506964,-2.1602345e-28,3.378815e-26,0.5973747
77,0.07727188,-0.00019836077,3.236621e-06,-2.6821466e-28,-2.4070369e-29,-1.2309007e-22,-0.0039729066,0.0028591007,4.1811656e-19,-8.671959e-06,0.00037579273,0.04586616,-0.0009875894,-2.7455707e-31,1.4904199e-10,0.089747995,-0.00032230822,-5.608664e-30,2.880825e-22,-1.2019708e-29,9.494854e-19,3.1829455e-05,-2.0342842e-08,2.2525774e-30,-0.009010844,1.1698694e-06,-0.00033150672,0.0008368343,0.058198564,-1.1722528e-29,7.936857e-26,0.049804904
78,-0.9467458,-0.0029749277,3.376785e-05,-4.1673195e-28,4.258592e-29,-1.2062327e-23,0.16717048,-0.17401642,1.2230312e-18,-0.00016048306,0.009592996,-0.6749796,-0.033667076,-2.6516364e-31,1.0092818e-09,-1.0649183,-0.003998327,-1.5645849e-29,3.5925947e-22,-3.0729705e-29,1.2290941e-18,0.0004724686,-2.1227885e-07,9.1098405e-31,0.28445613,1.0802261e-05,-0.0068547716,0.034780588,-0.7810956,1.8411038e-28,6.0637026e-26,-0.7260698
79,-0.9990169,-0.0030738807,3.418146e-05,-9.840156e-29,2.5719305e-29,-2.778242e-23,0.17527698,-0.18232384,1.1770434e-18,-0.00016392334,0.009967227,-0.71096474,-0.035081774,-2.1251104e-31,9.751822e-10,-1.1242101,-0.0041251983,-1.5025693e-29,3.3475559e-22,-3.0777438e-29,1.2548781e-18,0.00048530512,-2.1028708e-07,1.15407835e-30,0.29847774,1.08729155e-05,-0.007110296,0.036264624,-0.8234406,2.2322958e-28,6.882667e-26,-0.7648593
80,-1.0587959,-0.0032462159,3.6337722e-05,-1.0589266e-28,4.3655063e-29,-1.2699017e-22,0.18443412,-0.19177483,1.2805778e-18,-0.00017430069,0.010508712,-0.7514729,-0.036928892,-2.0806038e-31,1.0374841e-09,-1.1924869,-0.0043522273,-1.6175994e-29,3.5142105e-22,-3.093761e-29,1.3821413e-18,0.00051424355,-2.2468231e-07,3.1335636e-30,0.31414595,1.1570139e-05,-0.0074993595,0.0381814,-0.8713763,2.19891e-28,4.6018022e-26,-0.80878836
81,-0.51923233,-0.0018085677,2.114038e-05,-5.6820976e-29,2.3728652e-29,-2.2865692e-22,0.09396036,-0.09830697,9.72775e-19,-9.7343e-05,0.0056895325,-0.37123287,-0.019753475,-2.2761842e-31,6.40209e-10,-0.58452,-0.00245339,-1.280136e-29,3.190349e-22,-2.651531e-29,1.3594188e-18,0.00028860275,-1.3261011e-07,1.1808992e-29,0.15907732,6.825321e-06,-0.0040981374,0.020329116,-0.4288176,1.1087975e-28,3.2524325e-26,-0.39970058
82,-0.94229585,-0.0029326228,3.300197e-05,-1.3825661e-28,4.5154995e-29,-7.9821124e-23,0.16560182,-0.17235875,1.1814234e-18,-0.00015737828,0.009473054,-0.67074686,-0.033285663,-2.2754547e-31,9.643881e-10,-1.0604177,-0.003939271,-1.5620032e-29,3.4102298e-22,-3.0108195e-29,1.2075968e-18,0.00046456256,-2.0526139e-07,2.7427413e-30,0.2819474,1.0534961e-05,-0.0067652715,0.03439428,-0.7767398,1.7148187e-28,4.5368873e-26,-0.7216749
83,-0.7158819,-0.0023209164,2.6398217e-05,-1.1834279e-28,4.1592663e-29,-3.9952892e-23,0.12787126,-0.13337992,1.0467605e-18,-0.00012413479,0.0074351775,-0.5116399,-0.026069388,-1.8674928e-31,7.935158e-10,-0.80491173,-0.0031312003,-1.4415927e-29,3.178156e-22,-2.8340146e-29,1.128886e-18,0.00036765542,-1.6454356e-07,5.176379e-30,0.21729594,8.465981e-06,-0.005324335,0.026898142,-0.59135354,1.3777537e-28,4.0721055e-26,-0.5503657
84,-0.7786219,-0.0024912138,2.824615e-05,-1.7621318e-28,4.4938858e-29,1.6858778e-23,0.1388796,-0.14477912,1.0741505e-18,-0.00013331162,0.008010311,-0.55675745,-0.028135512,-2.0052194e-31,8.5312024e-10,-0.87512577,-0.003357605,-1.4947664e-29,3.2119268e-22,-2.9589918e-29,1.0576206e-18,0.0003943515,-1.7656917e-07,3.434849e-30,0.23618913,9.051024e-06,-0.005729488,0.02904332,-0.643411,1.4185858e-28,4.626838e-26,-0.59874636
85,-0.3983645,-0.0014408502,1.6362806e-05,4.7475256e-29,1.3601008e-30,-1.8647949e-23,0.07520036,-0.07893507,7.3266706e-19,-7.480411e-05,0.00454781,-0.2890377,-0.015903708,-1.9031536e-31,4.960261e-10,-0.446417,-0.001966235,-1.0597612e-29,2.7731349e-22,-2.3876795e-29,9.869199e-19,0.0002261152,-9.968075e-08,5.4842405e-30,0.12706214,5.2714217e-06,-0.0032742922,0.016343083,-0.33173344,9.708835e-29,6.570731e-26,-0.31056297
86,0.23617381,0.0002672461,-1.5087953e-06,-9.455883e-30,-1.714251e-29,-1.665831e-22,-0.032486264,0.032297444,3.8737796e-19,1.6043014e-05,-0.001193919,0.15959089,0.004564982,-2.045536e-31,2.9953304e-11,0.26786032,0.00028706843,-7.105172e-30,2.3879052e-22,-1.6495032e-29,9.622499e-19,-4.1343395e-05,8.072721e-09,1.8292615e-29,-0.05708602,-3.0104025e-07,0.00077470555,-0.00493804,0.18968141,-5.639246e-29,4.9707176e-26,0.17175013
87,-0.2460567,-0.0009954113,1.0857517e-05,2.0318274e-28,-4.4422796e-29,-1.6572245e-23,0.049517356,-0.052381195,4.879502e-19,-4.876847e-05,0.0031137634,-0.18168941,-0.010898124,-1.4194399e-31,2.933006e-10,-0.2747894,-0.0013765357,-7.2797624e-30,2.2814494e-22,-1.29344e-29,8.496538e-19,0.00015279808,-6.096631e-08,-3.3606417e-30,0.083194725,3.4686118e-06,-0.0022515254,0.011143137,-0.20681837,8.2147244e-29,1.1741189e-25,-0.19503063
88,-0.3453704,-0.00127033,1.3927394e-05,6.4186647e-29,-5.826053e-29,-1.492575e-23,0.0659437,-0.06942195,5.2152605e-19,-6.415769e-05,0.004021177,-0.25135547,-0.014090001,-1.0704161e-31,3.6302006e-10,-0.3871079,-0.001745427,-7.515841e-30,2.0893095e-22,-3.3624706e-30,7.8048156e-19,0.00019676621,-7.9989775e-08,-1.5627769e-29,0.11150443,4.4187623e-06,-0.0028964812,0.014438203,-0.28799912,7.981814e-29,1.6305658e-25,-0.2701763
89,0.14573503,-0.00014779274,3.1584996e-06,2.7604477e-28,-4.2343165e-30,-1.1999176e-22,-0.012521487,0.011592519,5.7250923e-19,-7.662955e-06,0.0001402921,0.09284566,8.667447e-05,1.2398033e-31,1.4826532e-10,0.1667392,-0.00025934185,-8.196446e-30,1.7431337e-22,4.677184e-30,9.707582e-19,2.7082679e-05,-2.1099703e-08,-2.8755235e-29,-0.025219537,1.161187e-06,-0.00018090603,-0.00031446014,0.11378709,4.841496e-29,8.7161506e-26,0.100597344
90,-0.32938787,-0.0013074753,1.50605765e-05,1.6965832e-28,-8.0202825e-30,-1.1120697e-22,0.06405119,-0.067403495,7.5769175e-19,-6.8291076e-05,0.0040669353,-0.2395783,-0.014056733,-8.5179824e-32,4.4186804e-10,-0.36948153,-0.0017888872,-9.99867e-30,2.5428291e-22,-1.5418444e-29,1.161123e-18,0.00020666601,-9.109894e-08,-4.882213e-30,0.107266195,4.856186e-06,-0.0029426476,0.014412167,-0.27450016,1.283332e-28,7.7308147e-26,-0.2575123
91,-0.3629961,-0.0013737914,1.5846035e-05,1.3766495e-28,-2.6545363e-30,-1.8015743e-22,0.06867093,-0.07216153,7.661716e-19,-7.207849e-05,0.004287853,-0.26233947,-0.014856596,-1.7109183e-31,4.6613835e-10,-0.40776217,-0.0018759833,-1.02532606e-29,2.7823738e-22,-1.96775e-29,1.1930035e-18,0.00021734735,-9.649921e-08,3.6032088e-30,0.115558095,5.1118714e-06,-0.0030981842,0.015248005,-0.30148938,1.0125028e-28,5.991054e-26,-0.2822101
92,0.4200843,0.000738461,-6.293224e-06,1.1948217e-28,9.7819035e-30,-2.7513434e-22,-0.06330316,0.06414564,3.4126577e-19,4.0482253e-05,-0.0027943146,0.28978288,0.010320715,-1.7817226e-31,-8.186685e-11,0.47483835,0.0009133739,-7.051689e-30,2.3854916e-22,-1.5057782e-29,9.627807e-19,-0.000113964015,3.591462e-08,2.077213e-29,-0.11018699,-1.7695304e-06,0.0019010825,-0.010914317,0.34093013,-1.1810903e-28,1.4757739e-27,0.31175622
93,0.93707323,0.0021509617,-2.1475982e-05,3.3163575e-28,2.860735e-29,-4.217475e-22,-0.15025444,0.15394802,-4.9156087e-20,0.000116473326,-0.007493898,0.65412897,0.026974041,-1.8488046e-31,-4.795712e-10,1.0577083,0.0027839013,-4.172783e-30,2.0228453e-22,-4.9917802e-30,5.7152917e-19,-0.00033669098,1.2854602e-07,2.297075e-29,-0.2589358,-6.517812e-06,0.0052262526,-0.028210063,0.76493984,-3.3133306e-28,-4.7966613e-26,0.7038044
94,0.38227427,0.00075535657,-7.6613815e-06,3.0388187e-28,-1.123164e-29,-2.6696664e-22,-0.05820671,0.05887055,3.614464e-20,4.4568213e-05,-0.0027322294,0.26322597,0.009816767,-2.1004227e-31,-1.8258733e-10,0.43264434,0.0009392245,-4.488417e-30,2.0354911e-22,-3.086703e-30,4.1607635e-19,-0.00012229671,5.0683287e-08,1.0531469e-29,-0.100385256,-2.301834e-06,0.0018810015,-0.010372988,0.30985978,-2.2311152e-28,3.9704103e-26,0.28321475
95,0.27341303,0.00042990065,-4.342286e-06,4.4863325e-28,-6.2563684e-30,-2.0951323e-22,-0.038451757,0.03850768,1.4127219e-19,2.7587208e-05,-0.0016402691,0.18525927,0.0059590964,-1.7066033e-31,-9.3806546e-11,0.31056234,0.00051354757,-5.1169213e-30,2.1284883e-22,-8.205582e-30,5.391092e-19,-7.138172e-05,3.1095173e-08,7.241209e-30,-0.06724984,-1.2656051e-06,0.0011108932,-0.0063547017,0.21976092,-1.3836511e-28,3.1501675e-26,0.19968876
96,0.123637855,6.4854976e-06,3.423329e-07,2.1605063e-28,-2.2317697e-29,-1.8585857e-22,-0.012964256,0.012164701,2.3948908e-19,4.343281e-06,-0.00023952033,0.079297975,0.0010288013,-2.3771058e-31,3.3395536e-11,0.14181405,-4.835357e-05,-5.2044217e-30,2.4015145e-22,-9.4888484e-30,6.624229e-19,-3.8700746e-06,1.4366606e-09,4.3178398e-30,-0.02370803,2.0726361e-07,0.000117744436,-0.0012415303,0.09666894,-8.7202467e-29,6.251222e-26,0.085695066
97,-0.10644318,-0.0006263422,6.906862e-06,1.8334047e-28,-3.5163945e-29,-3.6006325e-23,0.02647748,-0.028543666,4.1425676e-19,-2.887406e-05,0.0018811122,-0.08367041,-0.0065156445,-1.8451136e-31,2.0043489e-10,-0.11708805,-0.00088467356,-6.2702042e-30,2.4783134e-22,-1.5621618e-29,8.544589e-19,9.478644e-05,-3.7245844e-08,1.7904163e-30,0.043499455,2.2453053e-06,-0.0013795784,0.006601044,-0.09258893,5.39922e-29,8.979051e-26,-0.08942394
98,0.25109768,0.00027569797,-2.3263456e-06,-4.727586e-28,-3.776413e-29,-1.1745985e-22,-0.03224281,0.03207239,1.5992237e-19,1.7890412e-05,-0.0011667572,0.16728954,0.004433782,-3.2330618e-31,-2.0016627e-11,0.28651065,0.0003102126,-1.6527853e-30,3.0004715e-22,8.568492e-31,6.8159243e-19,-4.4475317e-05,1.596825e-08,-1.1549007e-29,-0.05770015,-6.107216e-07,0.0007665898,-0.004787077,0.20000729,-8.613331e-29,1.0513754e-25,0.1807388
99,0.21314332,0.00018647657,-1.4617326e-06,-3.3569077e-28,-3.584377e-29,-1.1258365e-22,-0.026159566,0.025797378,1.8586319e-19,1.3434594e-05,-0.00086121354,0.14080067,0.0033232858,-2.948776e-31,-2.2362945e-12,0.24359795,0.00019217632,-2.3448265e-30,2.8834828e-22,-1.5073125e-30,6.943852e-19,-3.0979623e-05,1.1364339e-08,-9.0102865e-30,-0.0471571,-3.470525e-07,0.0005523511,-0.0036302907,0.16904381,-7.1496424e-29,9.901125e-26,0.15220281
100,0.23235622,0.00024153705,-2.0735615e-06,-3.067764e-28,-3.377856e-29,-1.1918386e-22,-0.0294449,0.029191922,1.6975525e-19,1.6454298e-05,-0.0010427614,0.15440087,0.0039613163,-2.8930863e-31,-1.9169943e-11,0.26524177,0.00026527606,-2.3009108e-30,2.8519142e-22,-1.1442657e-30,6.7204816e-19,-3.9762243e-05,1.523481e-08,-8.779656e-30,-0.052758627,-5.397269e-07,0.00068119424,-0.0042920355,0.1848386,-8.097419e-29,9.514727e-26,0.16683072
101,-0.17858967,-0.0008029932,8.71915e-06,1.3591637e-28,-4.2925178e-29,-2.053995e-23,0.03811897,-0.040578138,4.2752468e-19,-3.8140075e-05,0.0024798373,-0.13422142,-0.008672356,-1.9597613e-31,2.40376e-10,-0.19853759,-0.0011197288,-6.393783e-30,2.4728056e-22,-1.5204778e-29,8.395769e-19,0.00012208968,-4.775839e-08,1.429605e-30,0.06370478,2.8009595e-06,-0.0018011768,0.008839807,-0.15158027,6.2534283e-29,1.0548808e-25,-0.1439025
102,0.11500314,-4.3294684e-05,1.1146208e-06,9.2885146e-29,-3.0116627e-29,5.420024e-23,-0.0112873465,0.010448769,4.271584e-19,1.5877704e-06,-0.00011172262,0.07322599,0.0006115744,-4.511499e-32,7.105497e-11,0.13204795,-0.00012085447,-7.107667e-30,2.1012817e-22,-1.6416568e-29,9.580236e-19,4.1806416e-06,-3.3729535e-09,1.0175218e-29,-0.021059722,4.629967e-07,1.8831226e-05,-0.0008163238,0.08961017,6.464123e-29,8.2036024e-26,0.07917861
103,0.061386734,-0.00022836757,3.1706709e-06,2.1973043e-28,-2.2315297e-29,-1.0931178e-23,-0.0011250488,-6.255135e-05,4.6910447e-19,-8.868788e-06,0.00049723475,0.03466998,-0.0014803037,-3.9383246e-32,1.2596581e-10,0.0717967,-0.00036286726,-7.3511106e-30,2.123757e-22,-1.3348317e-29,9.560711e-19,3.4409844e-05,-1.6683215e-08,7.13469e-31,-0.0042193606,1.1137118e-06,-0.00041339756,0.001353573,0.045190565,6.573616e-29,7.673166e-26,0.03785952
104,-0.460501,-0.0016514044,1.8966264e-05,-2.2130117e-28,-1.8358951e-29,6.485496e-23,0.08575757,-0.089914486,8.541192e-19,-8.73103e-05,0.0052065644,-0.33227175,-0.01813943,-2.7849518e-32,5.564669e-10,-0.51710844,-0.0022529254,-1.14474974e-29,2.510496e-22,-1.3371377e-29,1.0971337e-18,0.00026092702,-1.16008536e-07,-7.242146e-30,0.14494228,6.082199e-06,-0.003751194,0.018633638,-0.38221383,1.5273585e-28,1.273115e-25,-0.35732326
105,0.010137975,-0.0004433399,5.935326e-06,1.2347526e-28,-2.230337e-29,-2.6398273e-23,0.0087818,-0.01038051,5.8443686e-19,-2.2154589e-05,0.0011661687,-0.0019370764,-0.0036968226,5.4712515e-32,2.0410623e-10,0.013836384,-0.00065062323,-8.3057045e-30,2.1132773e-22,-5.016187e-30,1.0475318e-18,7.109177e-05,-3.5549355e-08,-1.296218e-29,0.012053274,1.9989766e-06,-0.00089748215,0.0036294442,0.0029721633,7.3759175e-29,1.00962116e-25,-0.0015185252
106,0.075296134,-0.000306556,4.5908237e-06,2.602079e-28,-1.5419937e-29,-7.278763e-23,-0.0010435209,-0.00024865568,5.5997253e-19,-1.5267535e-05,0.0006969494,0.043090194,-0.0019641337,7.392879e-32,1.7636087e-10,0.087566555,-0.00046883093,-7.940073e-30,1.8779117e-22,8.7607243e-32,9.836396e-19,5.05733e-05,-2.8456645e-08,-2.3401761e-29,-0.0052644797,1.590815e-06,-0.0005686629,0.001824229,0.05587829,6.465753e-29,9.548717e-26,0.047110654
107,-0.48076087,-0.0017099562,1.9417232e-05,4.6132787e-29,-1.581721e-29,-8.863038e-23,0.089130044,-0.09335875,8.2088877e-19,-9.01983e-05,0.005409982,-0.3460516,-0.018829834,-8.610093e-32,5.505919e-10,-0.5402734,-0.002324618,-1.0635069e-29,2.5329193e-22,-1.1724702e-29,1.1264065e-18,0.00027021268,-1.1784957e-07,-1.1236433e-29,0.15046978,6.2122635e-06,-0.0038927426,0.01935981,-0.3984993,1.394887e-28,1.0825368e-25,-0.37219426
108,-0.61970615,-0.002006896,2.2440905e-05,-4.6541108e-29,-1.392749e-29,-1.6163621e-22,0.11024822,-0.11517656,7.93037e-19,-0.000105796906,0.0064320113,-0.44238973,-0.022574015,-2.2317148e-31,6.20232e-10,-0.6974412,-0.0027176195,-1.08962436e-29,2.7961206e-22,-1.418643e-29,9.974018e-19,0.00031582775,-1.3581106e-07,-2.7162045e-30,0.18772241,7.145809e-06,-0.0046081054,0.02325742,-0.51149905,7.854396e-29,1.0494182e-25,-0.47622994
109,-1.052468,-0.0030865832,3.3794226e-05,-3.5521638e-28,-3.5169214e-29,-1.01214325e-22,0.17998733,-0.18722366,9.706036e-19,-0.00016321638,0.01006075,-0.74499065,-0.035583425,-3.0379709e-31,8.941253e-10,-1.1862264,-0.004150467,-1.2574969e-29,3.0928076e-22,-1.8365641e-29,1.0787815e-18,0.00048419784,-2.0333033e-07,2.9498777e-30,0.30847248,1.0664795e-05,-0.0071680984,0.036771633,-0.8649547,1.479653e-28,1.5576409e-25,-0.80240375
110,0.085899755,-0.00011849834,2.4177493e-06,-1.2834024e-28,-2.4202376e-29,-1.8447487e-22,-0.007762652,0.00675733,4.0309504e-19,-4.3708096e-06,0.00011065253,0.05421698,-9.904336e-05,-2.4569797e-31,1.1474678e-10,0.09829798,-0.00022154272,-6.711841e-30,2.5687444e-22,-1.2444451e-29,9.196813e-19,1.8778643e-05,-1.4669141e-08,1.1921887e-29,-0.014556669,9.043911e-07,-0.00014401146,-9.107683e-05,0.06675837,-5.245058e-29,7.2697156e-26,0.058255248
111,0.18791622,0.00011180242,3.0750152e-07,-3.3838962e-28,-3.3987015e-29,-2.5576597e-22,-0.02392609,0.023428928,3.5345154e-19,6.85548e-06,-0.00068469206,0.12516852,0.0028246064,-3.5815437e-31,7.6149254e-11,0.21353936,8.226349e-05,-5.2852697e-30,2.8438537e-22,-1.0443513e-29,9.593546e-19,-1.5458972e-05,-4.457405e-09,9.6845974e-30,-0.04261926,2.7285432e-07,0.00041228184,-0.0031400109,0.14985374,-8.8811377e-29,8.029549e-26,0.13470876
112,0.13116139,-8.843606e-05,2.8635877e-06,-2.9849798e-28,-3.23351e-30,-2.5451596e-22,-0.01403537,0.013241507,5.527456e-19,-5.0974068e-06,-6.5270346e-05,0.085703835,0.0007348815,-2.7602112e-31,1.6909613e-10,0.14924806,-0.00018048845,-7.460117e-30,2.9971037e-22,-1.6085814e-29,1.1980316e-18,1.8265244e-05,-2.1996673e-08,1.26182755e-29,-0.026258387,1.1150833e-06,-3.453344e-05,-0.00096649304,0.103692405,-2.5884047e-29,4.109521e-26,0.092199884
113,-0.411537,-0.0014629271,1.6284186e-05,1.5722943e-28,-1.4044618e-29,-8.315098e-23,0.07678788,-0.080517516,7.056951e-19,-7.521296e-05,0.0046333163,-0.2971363,-0.016208973,-1.7838749e-31,4.6080917e-10,-0.46189645,-0.001991956,-9.541316e-30,2.760013e-22,-2.1709362e-29,1.0944767e-18,0.00022866673,-9.648929e-08,4.5279486e-30,0.1297172,5.21189e-06,-0.0033324014,0.016666736,-0.34176517,1.2296408e-28,7.465871e-26,-0.3194608
114,-0.635779,-0.0020751243,2.3270293e-05,1.1436907e-28,2.9075924e-29,-1.4275882e-22,0.11370754,-0.118689284,9.109353e-19,-0.00010967815,0.0066453703,-0.45403063,-0.023305658,-1.7626233e-31,6.6951056e-10,-0.71517193,-0.0028009508,-1.2582739e-29,3.0406663e-22,-2.3444488e-29,1.1032489e-18,0.0003272345,-1.4183996e-07,3.6624597e-30,0.19307679,7.4395302e-06,-0.0047597773,0.024038441,-0.52491516,1.1202683e-28,3.950907e-26,-0.48853293
115,-0.31429482,-0.0011930645,1.3495386e-05,2.725459e-28,9.7977985e-30,-1.8633976e-22,0.059684295,-0.062845305,6.5915924e-19,-6.119288e-05,0.0037222495,-0.22737414,-0.01295789,-1.5458199e-31,3.8873046e-10,-0.35284436,-0.0016328002,-9.724663e-30,2.7171192e-22,-1.8574577e-29,1.022868e-18,0.00018685093,-7.9757115e-08,6.06878e-30,0.10052414,4.3494815e-06,-0.0026898463,0.0132932495,-0.26119673,5.398717e-29,3.8582053e-26,-0.24462551
116,-0.26988304,-0.0010628857,1.2089393e-05,3.189057e-28,2.988432e-29,-1.9981088e-22,0.052201323,-0.055136316,6.069828e-19,-5.4265525e-05,0.0032964754,-0.19620617,-0.011479072,-1.4500654e-31,3.5921796e-10,-0.3025641,-0.0014593541,-9.926127e-30,2.6751674e-22,-1.6087297e-29,8.45626e-19,0.0001662297,-7.15348e-08,4.3360293e-30,0.08782587,3.915534e-06,-0.0023866096,0.011761161,-0.22487268,-5.124111e-30,1.8094762e-26,-0.21104594
117,0.4002205,0.0006911215,-5.783786e-06,2.2098135e-28,3.433092e-29,-3.417416e-22,-0.060449827,0.06120732,3.571259e-19,3.769431e-05,-0.0026387526,0.2766816,0.009770851,-1.5136349e-31,-6.928724e-11,0.45210728,0.0008541987,-7.6967586e-30,2.428474e-22,-1.3028417e-29,9.072117e-19,-0.000106178435,3.2917608e-08,1.9324227e-29,-0.10529638,-1.6058486e-06,0.0017914658,-0.010335975,0.32522395,-1.5172334e-28,-2.7536632e-26,0.2975241
118,0.3613848,0.00060718757,-5.160735e-06,2.5714896e-28,4.5968237e-29,-2.4652946e-22,-0.053542387,0.0540589,3.2992e-19,3.401061e-05,-0.0023275404,0.2484356,0.008574096,-1.0845355e-31,-5.2243876e-11,0.40904632,0.0007444803,-8.02046e-30,2.3237805e-22,-1.1997505e-29,7.121001e-19,-9.4523006e-05,3.017171e-08,1.5210585e-29,-0.09335717,-1.424932e-06,0.0015781617,-0.009083974,0.29275206,-1.6019637e-28,-2.887475e-26,0.26736602
119,0.4201057,0.00077211874,-7.214954e-06,2.5657768e-28,2.5333005e-29,-1.3319491e-22,-0.06289931,0.06374708,2.7786413e-19,4.3989578e-05,-0.0028583081,0.2890219,0.010409809,-6.205295e-32,-1.1710433e-10,0.47569993,0.0009617675,-7.086366e-30,2.1358506e-22,-1.2914436e-29,7.2895416e-19,-0.0001221438,4.4588422e-08,1.5437917e-29,-0.109462254,-2.092848e-06,0.001956769,-0.010988208,0.3403645,-1.1352697e-28,-5.3899168e-27,0.31123954
120,0.9222939,0.0020587335,-1.9822379e-05,9.5672424e-29,2.7505274e-29,-3.6879457e-22,-0.14740768,0.1509917,1.2663034e-19,0.00010985549,-0.0072483015,0.643633,0.02623146,-1.7723864e-31,-4.0066644e-10,1.0408384,0.0026563357,-5.6153963e-30,2.1819014e-22,-1.17234365e-29,8.655863e-19,-0.0003193964,1.1489871e-07,2.945132e-29,-0.2543581,-5.947745e-06,0.0050395923,-0.027454548,0.7528201,-2.5962467e-28,-4.5383624e-26,0.6924448
121,0.40458333,0.0006952895,-6.005337e-06,1.4028255e-28,-8.714616e-30,-2.563483e-22,-0.059978317,0.06070846,2.989567e-19,3.872772e-05,-0.0026304116,0.2777173,0.009716385,-2.2782251e-31,-8.1163215e-11,0.4578624,0.00085621234,-6.2195967e-30,2.3839818e-22,-1.5931023e-29,9.394148e-19,-0.00010794454,3.4663724e-08,1.895908e-29,-0.10457557,-1.6934066e-06,0.0017888336,-0.010287109,0.32746595,-1.0623762e-28,2.1169871e-26,0.29899415
122,0.22773704,0.00026500964,-2.0208472e-06,2.0990104e-28,-1.8608975e-29,-1.9107565e-22,-0.030657794,0.030413073,2.7098902e-19,1.7200447e-05,-0.0011401833,0.1531546,0.004298378,-1.751566e-31,-1.34291606e-11,0.25870314,0.0002887454,-5.999202e-30,2.183922e-22,-9.097626e-30,7.388737e-19,-4.2994703e-05,1.4089309e-08,7.35648e-30,-0.05401972,-5.0571634e-07,0.00074611185,-0.0046518696,0.18242583,-9.150622e-29,5.678328e-26,0.16499686
123,0.35748821,0.00051948853,-4.6766854e-06,4.8552776e-28,6.471218e-30,-1.7064693e-22,-0.049577434,0.049924273,2.7512123e-19,3.0277693e-05,-0.0020152456,0.24285315,0.007535816,6.558633e-32,-8.0902285e-11,0.40559587,0.0006291673,-6.1198546e-30,1.6684507e-22,4.9029903e-30,6.3190674e-19,-8.1629325e-05,3.025541e-08,-1.8170222e-29,-0.087853916,-1.3324191e-06,0.0013587235,-0.00802355,0.28782928,-8.248071e-29,4.7965744e-26,0.261963
124,0.31623024,0.00040279556,-3.353629e-06,4.6241044e-28,7.6074624e-30,-1.7396111e-22,-0.0426928,0.04281081,3.1731662e-19,2.3770961e-05,-0.0016330946,0.2139151,0.0061962977,6.4396637e-32,-4.377057e-11,0.35898605,0.00047452806,-6.492571e-30,1.7169531e-22,4.23529e-30,6.7483597e-19,-6.2867366e-05,2.1814433e-08,-1.8246618e-29,-0.07609107,-9.1329457e-07,0.0010871242,-0.006633631,0.25408998,-6.950501e-29,4.8717554e-26,0.2307885
125,-0.16315378,-0.0008716671,1.0411209e-05,2.4263145e-28,-2.4591598e-30,-1.3270627e-22,0.03659858,-0.039061464,6.532546e-19,-4.4978136e-05,0.0026101226,-0.12277498,-0.008868863,-4.1437257e-32,3.2068725e-10,-0.18195611,-0.0012122389,-9.194862e-30,2.3283817e-22,-9.98219e-30,1.0431529e-18,0.00013822368,-6.280028e-08,-8.886085e-30,0.0600719,3.402452e-06,-0.0019136278,0.009019991,-0.13836612,7.7221347e-29,6.900599e-26,-0.13175565
126,0.21963337,0.00017014676,6.6565917e-09,2.5102186e-29,5.7672544e-30,-2.470616e-22,-0.029340755,0.029061321,5.287656e-19,9.303814e-06,-0.00092076417,0.14846401,0.003732359,-1.8233884e-31,9.129958e-11,0.24875256,0.00016042497,-8.460931e-30,2.577385e-22,-1.9211822e-29,1.1688391e-18,-2.3307315e-05,-3.6548826e-09,1.9412534e-29,-0.052262872,2.162194e-07,0.00057189097,-0.0040763607,0.1765255,-3.339763e-29,1.6030948e-26,0.15968105
127,0.38199937,0.0006268175,-5.0574145e-06,1.2510826e-28,3.9182804e-30,-3.1061182e-22,-0.05659472,0.057208758,3.502321e-19,3.430786e-05,-0.002421589,0.26254106,0.009016859,-2.3118255e-31,-4.8752752e-11,0.43199548,0.0007658275,-6.918486e-30,2.479635e-22,-1.5941527e-29,9.827371e-19,-9.601909e-05,2.7794993e-08,2.0029494e-29,-0.098774634,-1.3794404e-06,0.0016375438,-0.009562393,0.30944613,-1.1865187e-28,6.1090375e-27,0.28249815
128,0.71788436,0.001570994,-1.5189162e-05,1.979543e-29,-2.3147571e-30,-2.6776852e-22,-0.11407828,0.11656186,1.1525844e-19,8.537834e-05,-0.0055669667,0.4999329,0.020116974,-1.7823747e-31,-3.1646163e-10,0.81044316,0.0020095108,-5.2051398e-30,2.0734652e-22,-9.318355e-30,7.7053477e-19,-0.00024569003,9.0313705e-08,2.517907e-29,-0.19660097,-4.5589686e-06,0.0038612771,-0.021099254,0.5853391,-2.1508904e-28,1.00311984e-26,0.53774536
129,0.37376642,0.00070497993,-7.028677e-06,2.8472717e-28,-1.0473285e-29,-1.873262e-22,-0.05604774,0.056661967,1.2171066e-19,4.178379e-05,-0.002580346,0.25669217,0.009314443,-1.554158e-31,-1.5486393e-10,0.42330083,0.0008725,-5.082763e-30,2.0425126e-22,-7.317249e-30,5.6424104e-19,-0.00011399968,4.6470557e-08,1.1963608e-29,-0.097083114,-2.0922073e-06,0.0017703797,-0.0098503595,0.30253834,-1.5516406e-28,3.8217217e-26,0.27633497
130,-0.4884109,-0.00154431,1.613716e-05,7.93858e-29,-7.056357e-29,1.3687333e-23,0.08792266,-0.09205823,4.4209717e-19,-7.656218e-05,0.0050114184,-0.35117579,-0.017832138,-2.4223603e-31,3.932688e-10,-0.5483167,-0.0021043294,-6.891176e-30,2.36529e-22,-1.2451132e-29,6.844602e-19,0.00023587488,-8.9761684e-08,-7.445965e-31,0.1502625,5.060705e-06,-0.0035797076,0.018353898,-0.4048364,7.2122754e-29,1.6231582e-25,-0.37771025
131,-0.16567378,-0.00076843513,8.316199e-06,3.000625e-28,-3.4862173e-29,-2.5775233e-23,0.03604491,-0.038422134,4.420289e-19,-3.6120084e-05,0.002366172,-0.12513375,-0.008272855,-1.6202906e-31,2.3102166e-10,-0.1839806,-0.001072953,-6.9751036e-30,2.3688693e-22,-1.7690819e-29,8.5395604e-19,0.00011647559,-4.507733e-08,3.8497485e-30,0.060078137,2.6766963e-06,-0.0017201441,0.008429224,-0.14099342,6.880479e-29,8.809308e-26,-0.13408417
132,0.036659166,-0.00026154457,3.1594063e-06,-1.4850357e-28,-3.9887812e-29,-7.2343354e-23,0.0028550997,-0.004165232,2.9224188e-19,-9.971727e-06,0.0006506322,0.016844898,-0.0021001664,-2.5780561e-31,1.0831875e-10,0.044429913,-0.00040177314,-4.0429595e-30,2.7254347e-22,-7.271792e-30,7.5933195e-19,3.842116e-05,-1.5576694e-08,-4.91991e-30,0.0028609708,1.0825769e-06,-0.0005128576,0.0020071138,0.024562247,-1.2399498e-29,1.0383562e-25,0.018751495
133,0.100553274,-0.00010421901,1.5730243e-06,-2.435224e-28,-3.0060504e-29,-6.5620056e-23,-0.0072554685,0.0062598996,2.504207e-19,-1.8792489e-06,0.000121515244,0.06115575,-0.00020910613,-2.7447821e-31,7.992976e-11,0.11688498,-0.00019290164,-3.6023466e-30,2.8139756e-22,-4.891522e-30,6.642467e-19,1.4170131e-05,-6.9719555e-09,-8.1816084e-30,-0.014626823,6.001394e-07,-0.00013951503,4.2195432e-05,0.07649403,-4.7862663e-29,9.691564e-26,0.06657552
134,0.39176142,0.0006334888,-5.992064e-06,-7.868275e-28,-2.5614017e-29,-1.1864708e-22,-0.054923285,0.055452716,2.826259e-20,3.638236e-05,-0.0023651416,0.26522112,0.00870512,-3.8938584e-31,-9.607215e-11,0.4458457,0.00078449724,5.72904e-32,3.2394918e-22,9.276916e-30,4.4196126e-19,-9.986129e-05,3.6400653e-08,-2.0477754e-29,-0.09674176,-1.7375871e-06,0.0016128148,-0.009228007,0.31457773,-1.8025012e-28,1.0573754e-25,0.2863259
135,0.09563121,-9.7576005e-05,1.3880599e-06,-2.4310525e-28,-4.0645825e-29,-9.2976055e-23,-0.0071603134,0.0061686374,2.1994906e-19,-1.2247656e-06,0.00010687951,0.058462992,-0.00017710961,-2.8244875e-31,5.971762e-11,0.11093563,-0.0001846999,-3.1450327e-30,2.7671524e-22,-3.124385e-30,6.6917355e-19,1.2596247e-05,-4.7730992e-09,-7.499816e-30,-0.014212444,5.252566e-07,-0.00012791902,8.113682e-06,0.072958775,-5.3355777e-29,1.0837971e-25,0.063504286
136,-0.4120627,-0.0013816245,1.4728298e-05,-1.8926174e-28,-5.7115354e-29,6.5042636e-23,0.076453336,-0.080252685,4.325796e-19,-6.884609e-05,0.004445946,-0.29887033,-0.01576953,-2.6542213e-31,3.8848888e-10,-0.46144468,-0.0018897045,-6.5313174e-30,2.5690122e-22,-9.771321e-30,6.0165354e-19,0.00021182664,-8.392608e-08,-6.523625e-30,0.13020307,4.655817e-06,-0.003184583,0.016204838,-0.34318852,4.411711e-29,1.6001039e-25,-0.3211514
137,-0.28714883,-0.0010754829,1.1620589e-05,1.0700657e-28,-5.368367e-29,2.0041059e-23,0.055568025,-0.05863186,4.8310734e-19,-5.268993e-05,0.0033920263,-0.21009907,-0.0119389435,-1.5886324e-31,3.069224e-10,-0.3212809,-0.0014845047,-7.259455e-30,2.289985e-22,-1.3950513e-29,8.4085515e-19,0.00016457221,-6.489676e-08,2.0705929e-31,0.093996674,3.6955012e-06,-0.0024461327,0.012224687,-0.24019544,8.855621e-29,1.319022e-25,-0.22573537
138,0.2914637,0.00036674732,-2.8502318e-06,2.4242162e-30,-2.5215811e-29,7.019602e-23,-0.039668713,0.03973398,4.4386057e-19,2.2273107e-05,-0.0015261055,0.19707154,0.0057589347,8.381865e-32,-1.8790663e-11,0.3308907,0.00041917665,-7.353349e-30,2.0245311e-22,-1.17989194e-29,1.0360593e-18,-5.819393e-05,1.9127807e-08,7.014748e-30,-0.070362665,-7.526519e-07,0.0010083183,-0.006181052,0.23411235,5.26917e-29,8.158724e-26,0.21250442
139,0.13988736,-6.3260144e-05,1.6084882e-06,2.179178e-28,-1.9112252e-29,-1.8043133e-23,-0.013206471,0.012390848,4.780808e-19,-7.5584103e-07,-7.691863e-05,0.08936496,0.00064056274,2.9870675e-32,9.012366e-11,0.16037509,-0.00014475791,-7.419396e-30,2.0982345e-22,-9.607219e-30,9.861827e-19,9.732328e-06,-8.028021e-09,-4.235885e-30,-0.025457636,6.3652305e-07,-1.2808712e-05,-0.00085987616,0.10923696,5.45807e-29,7.698146e-26,0.09682643
140,-0.09438035,-0.0006299129,7.155815e-06,2.9729497e-28,-2.866904e-29,-2.7205162e-23,0.025097623,-0.027162159,4.6836553e-19,-2.9710689e-05,0.0018690366,-0.07543985,-0.0064023137,-9.979898e-32,2.1239303e-10,-0.10353479,-0.00089146197,-7.2114694e-30,2.2963857e-22,-1.3541335e-29,9.058805e-19,9.649565e-05,-3.953843e-08,-2.4607321e-30,0.040802717,2.3360817e-06,-0.0013763856,0.006472651,-0.08281676,5.971925e-29,8.678904e-26,-0.08052589
141,-0.090164065,-0.0006095067,6.874137e-06,3.0906387e-28,-2.833792e-29,-2.75466e-23,0.024236493,-0.026268926,4.5051834e-19,-2.8417484e-05,0.001807386,-0.07239152,-0.0062022987,-1.0865142e-31,2.0273605e-10,-0.09876467,-0.000864015,-7.092249e-30,2.3149852e-22,-1.400242e-29,8.881321e-19,9.294449e-05,-3.748221e-08,-1.15186e-30,0.03941257,2.244088e-06,-0.0013313496,0.00626755,-0.07932384,5.1599834e-29,8.4179366e-26,-0.077250995
142,0.27272278,0.0003636502,-3.1117625e-06,3.795188e-28,-5.6738197e-30,-2.4856485e-22,-0.03732684,0.037309106,2.420136e-19,2.2436052e-05,-0.0014678496,0.18422441,0.0054919804,-1.7238692e-31,-4.0484893e-11,0.30969346,0.0004233158,-5.7750262e-30,2.2053032e-22,-7.985787e-30,6.986776e-19,-5.8166253e-05,2.059112e-08,3.6879106e-30,-0.06587482,-8.420586e-07,0.0009785299,-0.005886606,0.21892509,-1.1702954e-28,3.380638e-26,0.19861162
143,0.26617682,0.000389729,-2.9527591e-06,1.3623824e-28,9.533591e-30,-3.2624505e-22,-0.039067823,0.039090876,2.8869888e-19,2.2557771e-05,-0.001587736,0.18262462,0.0059203533,-2.1279777e-31,-2.427758e-11,0.30091128,0.00045309612,-6.968114e-30,2.3693572e-22,-8.779671e-30,7.3699735e-19,-6.085127e-05,1.7838243e-08,1.5861902e-29,-0.06789017,-7.6482957e-07,0.0010569955,-0.0063379006,0.21550938,-1.7251496e-28,1.6941971e-26,0.19617072
144,0.38610744,0.00071134086,-6.522472e-06,1.7629957e-28,7.9748275e-30,-2.6079439e-22,-0.058757592,0.059446987,2.2755746e-19,4.0391245e-05,-0.002654445,0.26663053,0.009685623,-1.5588832e-31,-1.1800622e-10,0.4364446,0.0008788116,-6.373591e-30,2.2013046e-22,-8.745648e-30,7.124521e-19,-0.00011228173,4.0485414e-08,1.6679938e-29,-0.101762556,-1.8888034e-06,0.0018122827,-0.010245395,0.31351963,-1.654688e-28,1.4472498e-26,0.28671595
145,0.5278003,0.0011015886,-1.0694257e-05,1.2757658e-28,4.2756397e-30,-2.181642e-22,-0.08274458,0.08421996,1.4834605e-19,6.151882e-05,-0.003957865,0.36653668,0.014294052,-1.2076221e-31,-2.2540211e-10,0.5962001,0.0013927489,-5.7495994e-30,2.0289241e-22,-7.205698e-30,6.630869e-19,-0.00017410069,6.616325e-08,1.9192084e-29,-0.14270082,-3.1955717e-06,0.002733066,-0.015035036,0.42975166,-1.863902e-28,1.6936468e-26,0.3941956
146,0.642344,0.0013268166,-1.2470075e-05,-1.787239e-30,1.19319816e-29,-2.8593115e-22,-0.10041161,0.10246827,2.1032874e-19,7.17511e-05,-0.004768998,0.44624597,0.017354172,-1.7885751e-31,-2.3556146e-10,0.72550833,0.0016911067,-5.568335e-30,2.3512556e-22,-1.028952e-29,8.755339e-19,-0.00020608999,7.290116e-08,2.034655e-29,-0.1738343,-3.6917584e-06,0.0032944328,-0.01822419,0.52310723,-1.7941699e-28,-4.486517e-27,0.48013273
147,0.11995256,-3.4428027e-05,1.2258515e-06,1.7959314e-28,-1.3031134e-29,-1.5545355e-22,-0.012447365,0.011638459,3.8991562e-19,1.0821059e-06,-0.0001494824,0.07725607,0.00079629757,-1.7861922e-31,7.9719426e-11,0.13723734,-0.00010546425,-6.912735e-30,2.4096813e-22,-1.5688862e-29,9.020052e-19,4.385285e-06,-5.9414482e-09,1.15539494e-29,-0.023018725,5.20424e-07,4.4729095e-05,-0.0010066349,0.094047524,-2.81341e-29,4.7129727e-26,0.08336773
148,-0.31795147,-0.0012014802,1.346448e-05,2.5697678e-28,-2.7869831e-30,-1.3740002e-22,0.060673326,-0.06386523,6.4233894e-19,-6.117935e-05,0.0037615765,-0.23059134,-0.013119645,-1.5867534e-31,3.8399733e-10,-0.35665154,-0.0016446908,-9.309749e-30,2.6715223e-22,-1.9437762e-29,1.0245849e-18,0.00018748251,-7.899314e-08,5.5799863e-30,0.10219142,4.3292835e-06,-0.0027157061,0.013460986,-0.26462415,7.6177396e-29,5.434576e-26,-0.24795645
149,0.12748152,3.387389e-05,-2.2581116e-07,4.8261854e-28,9.126832e-31,-1.5021492e-22,-0.013807591,0.013077337,2.5778228e-19,6.651164e-06,-0.0003155619,0.08252086,0.0012457157,-1.138722e-31,1.0843548e-11,0.14611429,-8.038245e-06,-6.191339e-30,2.1838507e-22,-1.0715659e-29,6.2427626e-19,-9.4628995e-06,6.9280297e-09,5.1748756e-30,-0.025228046,1.5211526e-08,0.00017555489,-0.0014509531,0.100129135,-7.100281e-29,3.0848412e-26,0.08919158
150,0.16793275,0.00015059096,-1.5106907e-06,5.4328885e-28,9.986639e-30,-1.9405099e-22,-0.020835046,0.02033649,2.1426666e-19,1.2916065e-05,-0.0007009655,0.11135289,0.0026047537,-1.1258063e-31,-2.5338787e-11,0.19160056,0.00014781673,-6.025274e-30,2.1609144e-22,-8.5933565e-30,5.4965785e-19,-2.788609e-05,1.4947215e-08,4.558811e-30,-0.037203662,-3.8812686e-07,0.00044911215,-0.0028597564,0.1335145,-1.0898445e-28,1.7607794e-26,0.120163254
151,0.3848728,0.00069745997,-6.608325e-06,3.7021371e-28,2.3524714e-29,-2.5910736e-22,-0.05707896,0.057713,1.774306e-19,4.0211908e-05,-0.0025795777,0.26397246,0.009383592,-1.702878e-31,-1.1544596e-10,0.43605432,0.00086560415,-6.2012048e-30,2.2190084e-22,-9.029957e-30,5.4082743e-19,-0.000110857414,4.1203247e-08,1.1072762e-29,-0.09927616,-1.9182996e-06,0.0017659089,-0.009919989,0.31132218,-1.9224604e-28,-6.457936e-27,0.2842998
152,0.92248046,0.0021329308,-2.1564083e-05,4.8655307e-28,4.6868676e-29,-4.452229e-22,-0.1480221,0.1516576,-8.955848e-20,0.000116124196,-0.007410131,0.64418596,0.026620843,-1.4656347e-31,-4.9327564e-10,1.0413009,0.0027645405,-4.240878e-30,1.967395e-22,-1.9768317e-30,4.275741e-19,-0.00033490904,1.3065744e-07,1.9273708e-29,-0.25507078,-6.5627382e-06,0.0051725954,-0.027830716,0.75316566,-3.6374338e-28,-6.7865704e-26,0.69311935
153,1.4287723,0.0034388062,-3.459726e-05,2.7329423e-28,5.4724276e-29,-4.520924e-22,-0.23293264,0.23934509,-1.8333554e-19,0.00018404119,-0.011856293,1.001321,0.04257337,-9.3120594e-32,-7.843166e-10,1.6115781,0.0044837585,-3.5876723e-30,1.7707691e-22,-3.168883e-30,5.8786067e-19,-0.0005368846,2.0544095e-07,3.3703512e-29,-0.40074855,-1.0564206e-05,0.008296835,-0.04442433,1.1686939,-4.2407856e-28,-1.01047116e-25,1.0772234
154,1.5267645,0.0037111416,-3.760166e-05,3.2855195e-28,5.899577e-29,-4.595928e-22,-0.24941503,0.2563737,-2.6226066e-19,0.00019893565,-0.012757057,1.0703712,0.045749057,-7.5180563e-32,-8.6569907e-10,1.7221159,0.004844823,-3.0289273e-30,1.664691e-22,-1.0541412e-30,4.9912704e-19,-0.00058022107,2.242841e-07,3.3682174e-29,-0.42894134,-1.1509576e-05,0.008935301,-0.047720183,1.2490467,-4.5891945e-28,-1.1005304e-25,1.1515459
155,1.2152991,0.0028467565,-2.8119322e-05,1.6532403e-28,3.577062e-29,-4.635643e-22,-0.19678064,0.20198497,-5.327772e-20,0.00015178247,-0.0098880455,0.8504053,0.03562757,-1.8581792e-31,-6.126578e-10,1.3709444,0.0036986738,-4.214274e-30,2.0276476e-22,-7.363953e-30,7.424915e-19,-0.00044284112,1.6473615e-07,3.2759012e-29,-0.33888346,-8.5308775e-06,0.0069035487,-0.037217643,0.9933298,-3.6435535e-28,-7.262584e-26,0.9148568
156,1.0581398,0.0024060581,-2.3173152e-05,6.5220366e-29,2.992178e-29,-4.805944e-22,-0.17031899,0.17463498,7.067524e-20,0.00012739016,-0.008434307,0.739595,0.030516211,-2.4330156e-31,-4.748817e-10,1.1936466,0.0031140593,-5.1233374e-30,2.2450287e-22,-1.0670562e-29,8.737093e-19,-0.00037227603,1.3304779e-07,3.2876852e-29,-0.293605,-6.967479e-06,0.005872328,-0.03191531,0.8644258,-3.2430852e-28,-6.0269096e-26,0.795574
157,0.51953644,0.0010376282,-1.0274967e-05,4.531796e-28,1.0003996e-29,-3.0198752e-22,-0.07911457,0.08048026,9.596192e-20,5.8516463e-05,-0.0037207021,0.3586114,0.013483738,-1.4630313e-31,-2.226404e-10,0.5877774,0.0013156885,-4.9039984e-30,2.0368896e-22,-4.5828496e-30,5.6204534e-19,-0.00016417753,6.407424e-08,7.0552554e-30,-0.13735443,-3.0746662e-06,0.0025706135,-0.014185258,0.42163917,-2.0230286e-28,2.4886281e-27,0.38618037
158,0.62617445,0.0013274946,-1.3759049e-05,6.7608384e-28,2.9998902e-29,-2.7920148e-22,-0.09624514,0.09815322,-3.6328118e-20,7.489821e-05,-0.0046586767,0.43316948,0.016759306,-2.3380583e-34,-3.3070924e-10,0.7084644,0.0017028737,-4.2838915e-30,1.5921e-22,7.912599e-30,2.338103e-19,-0.00021121919,8.758579e-08,-8.8549075e-30,-0.16695064,-4.195126e-06,0.0032395406,-0.017582253,0.5087177,-2.6332951e-28,-4.8185658e-27,0.4666187
159,0.6046016,0.0012207811,-1.23455375e-05,6.747013e-28,3.4674662e-29,-2.8166e-22,-0.091952085,0.09370734,6.615904e-20,6.8251786e-05,-0.004338236,0.41800982,0.015726808,8.2664995e-32,-2.8778357e-10,0.683902,0.0015609949,-5.0308555e-30,1.5119402e-22,1.0913387e-29,3.6214107e-19,-0.00019273377,7.796656e-08,-1.5845116e-29,-0.16013497,-3.7373395e-06,0.0030052953,-0.016519964,0.4911255,-2.2056277e-28,-7.5113733e-28,0.45029
160,0.5807324,0.0011633863,-1.102179e-05,3.4513628e-28,2.2550596e-29,-3.6661166e-22,-0.089541644,0.09122774,1.7387548e-19,6.350197e-05,-0.004195118,0.40242708,0.015291384,-1.450652e-31,-2.1701554e-10,0.65619016,0.0014791288,-5.7838727e-30,2.129972e-22,-5.054209e-30,7.009967e-19,-0.00018113106,6.548542e-08,1.01514586e-29,-0.15538964,-3.262208e-06,0.002894751,-0.016076326,0.4723433,-2.1446566e-28,-1.4778095e-26,0.43311152
161,0.14728612,-3.898691e-06,1.5518344e-06,1.0614108e-28,-3.1031215e-30,-2.6874363e-22,-0.017084777,0.016402628,4.7841655e-19,7.5513526e-07,-0.00030633342,0.09702352,0.001491894,-2.3425402e-31,1.152361e-10,0.16747162,-6.766233e-05,-7.8368926e-30,2.6038655e-22,-1.812396e-29,1.0655965e-18,2.8067298e-06,-1.171728e-08,1.6049298e-29,-0.03114754,6.7437304e-07,0.00014443242,-0.0017434219,0.116868936,-4.6688207e-29,2.710839e-26,0.10443651
162,1.1562907,0.0026485024,-2.5580093e-05,-8.7263814e-29,2.2475581e-29,-3.1660303e-22,-0.18649612,0.19136508,1.36548e-19,0.0001403421,-0.009272505,0.8085989,0.03352378,-1.3016825e-31,-5.223321e-10,1.3043886,0.0034305041,-5.5371426e-30,2.0859623e-22,-1.4905303e-29,1.0669731e-18,-0.0004102213,1.4746148e-07,3.8543765e-29,-0.32153055,-7.706857e-06,0.0064583784,-0.035044458,0.9448156,-2.399629e-28,-4.9971134e-26,0.8698745
163,1.3471793,0.0032076542,-3.1990618e-05,2.1993533e-28,4.4771115e-29,-4.9046433e-22,-0.2190683,0.225008,-1.3897337e-19,0.00017118291,-0.011091616,0.943551,0.03989239,-1.6519129e-31,-7.1315687e-10,1.5195662,0.0041767955,-3.700451e-30,1.921261e-22,-4.8258478e-30,6.519572e-19,-0.00049973675,1.8845707e-07,3.3573572e-29,-0.37701765,-9.740529e-06,0.0077546677,-0.041645776,1.1016219,-4.136095e-28,-8.911822e-26,1.0150571
164,0.41686308,0.00082933897,-7.914246e-06,7.2610616e-29,-2.0198845e-29,-2.9281113e-22,-0.06454058,0.06537691,9.0555856e-20,4.710176e-05,-0.003022749,0.28816646,0.010933417,-2.5949543e-31,-1.6919494e-10,0.47110936,0.0010307545,-4.8822644e-30,2.1348866e-22,-4.813865e-30,5.5778133e-19,-0.00013177856,4.935602e-08,1.6416955e-29,-0.111052625,-2.3457253e-06,0.0020767872,-0.011551215,0.3386412,-2.2516548e-28,5.02197e-26,0.30980065
165,0.2533399,0.00037357066,-3.4922177e-06,2.3907452e-28,-1.8336809e-29,-1.4478775e-22,-0.035595033,0.035539474,2.0825885e-19,2.4054796e-05,-0.0014750517,0.17155491,0.005396289,-1.5993453e-31,-6.264608e-11,0.28764477,0.000433616,-5.6147685e-30,2.1254786e-22,-1.0096186e-29,6.5982853e-19,-6.186065e-05,2.4954186e-08,1.12314216e-29,-0.06213998,-9.879029e-07,0.0009887957,-0.00578113,0.20359555,-9.953569e-29,5.3145516e-26,0.18477938
166,-0.51143324,-0.0016242459,1.7094226e-05,6.545475e-29,-7.0952716e-29,2.8891393e-23,0.09218478,-0.09645502,4.9495577e-19,-8.109841e-05,0.005266957,-0.36769384,-0.018706676,-2.3935054e-31,4.2531023e-10,-0.57418776,-0.002210156,-7.2305045e-30,2.4223652e-22,-1.4834852e-29,7.714304e-19,0.0002489849,-9.620828e-08,-1.0984195e-31,0.1573512,5.370135e-06,-0.003762611,0.019261096,-0.423897,1.0227892e-28,1.616282e-25,-0.3954208
167,-0.22312789,-0.0009239992,9.994281e-06,2.706406e-28,-3.0168317e-29,9.666777e-24,0.045973334,-0.048694275,4.722821e-19,-4.4509197e-05,0.002889564,-0.1661373,-0.010146687,-1.6657514e-31,2.8224584e-10,-0.24843706,-0.0012790641,-7.477568e-30,2.4038513e-22,-1.8579366e-29,8.101625e-19,0.00014091455,-5.5770826e-08,2.4136183e-30,0.0770967,3.2064509e-06,-0.0020891493,0.010375993,-0.18845826,7.397485e-29,8.953063e-26,-0.17810388
168,-0.15577489,-0.00077230245,8.593848e-06,-1.1937191e-28,-2.3891552e-29,3.391766e-23,0.03577601,-0.038212076,3.9893665e-19,-3.7238868e-05,0.0023735927,-0.120077044,-0.008282932,-2.4692745e-31,2.6842104e-10,-0.17168391,-0.0010782939,-6.060065e-30,2.730632e-22,-1.1743487e-29,6.387599e-19,0.00011825013,-4.9544965e-08,-7.043707e-30,0.05937586,2.7917338e-06,-0.001726568,0.008433219,-0.13414392,1.2746665e-29,1.01845893e-25,-0.12830651
169,-0.10182438,-0.00063003384,7.1766844e-06,-4.8357116e-29,-1.78678e-29,6.505675e-23,0.026603343,-0.028729817,4.2639124e-19,-2.970204e-05,0.0018867695,-0.08185491,-0.006545344,-1.9002021e-31,2.3952731e-10,-0.11098534,-0.00089157536,-6.793945e-30,2.5849374e-22,-1.4755136e-29,6.9680604e-19,9.603186e-05,-4.1195335e-08,-2.1249082e-30,0.043662664,2.3588057e-06,-0.0013848122,0.0066279527,-0.08975795,2.8854084e-29,8.874827e-26,-0.087208
170,-0.3763265,-0.001306764,1.4000374e-05,-1.8778614e-28,-3.6396074e-29,8.6578444e-23,0.07169677,-0.07535415,4.361614e-19,-6.498905e-05,0.0041974653,-0.27521998,-0.014889271,-2.9153184e-31,3.9355802e-10,-0.4202188,-0.0017881821,-6.625613e-30,2.5653552e-22,-1.01794094e-29,5.086657e-19,0.00020035286,-8.069318e-08,-8.297261e-30,0.12171956,4.451815e-06,-0.0030077654,0.0152973225,-0.31490746,4.0565375e-29,1.3167989e-25,-0.29535067
171,-0.685261,-0.002096104,2.2191569e-05,-2.622079e-29,-5.550729e-29,1.3876758e-22,0.12229477,-0.12760922,5.884166e-19,-0.000106560445,0.006854439,-0.49184674,-0.024390526,-2.5373556e-31,5.825127e-10,-0.7691424,-0.00283529,-8.7859826e-30,2.5284757e-22,-1.7570784e-29,6.3266444e-19,0.0003231351,-1.2877864e-07,-4.5853962e-30,0.20894888,6.980853e-06,-0.004881802,0.0251664,-0.56756663,1.1810643e-28,1.6475311e-25,-0.5286857
172,-0.74560267,-0.0022724327,2.4356747e-05,-2.8432102e-28,-5.765987e-29,2.568463e-22,0.13266748,-0.13839267,6.684244e-19,-0.000116796975,0.0074250856,-0.5348608,-0.026404873,-1.8980676e-31,6.54754e-10,-0.8369813,-0.0030749065,-9.9665566e-30,2.4731054e-22,-1.5271546e-29,5.9702035e-19,0.0003516594,-1.4347829e-07,-8.356464e-30,0.22683135,7.671664e-06,-0.005289804,0.027242038,-0.61734056,1.345344e-28,1.9495399e-25,-0.5749639
173,0.0113226175,-0.000344356,4.3141135e-06,1.1989788e-28,-2.8839712e-29,4.1612684e-23,0.0070321,-0.00849976,4.724397e-19,-1.4790134e-05,0.0008979249,-0.00066868216,-0.0029519396,-3.8371686e-32,1.515766e-10,0.015458599,-0.00051766867,-7.529936e-30,2.186401e-22,-1.4046415e-29,9.189668e-19,5.191467e-05,-2.3068015e-08,2.5036832e-30,0.010006025,1.46011e-06,-0.00069407246,0.002881785,0.0040763393,6.728985e-29,9.1593684e-26,-0.00017174333
174,0.22130495,0.00019785162,-1.3588651e-06,1.4257817e-28,-2.1858697e-29,4.282262e-23,-0.027793083,0.027491435,4.1736005e-19,1.4055753e-05,-0.0009313454,0.14731033,0.0035900148,2.0435464e-32,9.992729e-12,0.25213158,0.00020055193,-7.091453e-30,2.2323883e-22,-1.5566935e-29,1.004107e-18,-3.2827935e-05,1.1357844e-08,9.594614e-30,-0.049996085,-3.015225e-07,0.00059514795,-0.0039131166,0.17630991,4.0208593e-29,6.6193146e-26,0.15910098
175,0.16781321,0.0001066557,-6.623641e-07,3.1162074e-28,-1.5934771e-29,-8.117385e-23,-0.01993971,0.019378692,3.0800533e-19,9.85232e-06,-0.00059003965,0.11019768,0.0022938363,-1.3010146e-31,1.672601e-11,0.19177273,8.300645e-05,-6.2445954e-30,2.274613e-22,-1.4859431e-29,8.128925e-19,-1.9636944e-05,7.7965865e-09,9.826498e-30,-0.03592763,-9.692167e-08,0.00036237016,-0.0025539007,0.13274145,-3.4407033e-29,4.8428322e-26,0.11905611
176,0.14073008,3.4486584e-05,2.0058178e-07,3.3331408e-28,-1.3339936e-29,-1.8026796e-22,-0.015492246,0.014769759,2.8920238e-19,5.5142445e-06,-0.0003480597,0.09112409,0.00144949,-2.0943907e-31,4.1227327e-11,0.16112328,-1.1792057e-05,-6.1350145e-30,2.3763343e-22,-1.3693084e-29,7.4705747e-19,-7.607763e-06,1.4550672e-09,8.519109e-30,-0.028217487,1.8086575e-07,0.00019166572,-0.0016792361,0.11055835,-7.694546e-29,4.3088036e-26,0.098479785
177,0.2748894,0.00037795916,-3.0766978e-06,2.8410038e-28,-1.2902828e-31,-2.384855e-22,-0.038471017,0.038508903,2.9597135e-19,2.2836055e-05,-0.0015328494,0.18658556,0.005731254,-1.8977089e-31,-2.7419789e-11,0.31179294,0.0004410597,-6.4242666e-30,2.3628447e-22,-1.3541758e-29,8.194798e-19,-5.9891965e-05,1.9544938e-08,1.3364013e-29,-0.06762396,-8.126933e-07,0.001021448,-0.0061330786,0.22122437,-1.0372156e-28,1.9438796e-26,0.20097744
178,0.23435992,0.00027130492,-1.3430654e-06,5.7649896e-29,1.8990786e-29,-3.1118248e-22,-0.032725293,0.032500144,3.530924e-19,1.5244546e-05,-0.001211154,0.15891139,0.004631861,-2.6016159e-31,4.750339e-11,0.26558936,0.00029478874,-7.831961e-30,2.521416e-22,-1.22484465e-29,7.3900316e-19,-4.07173e-05,5.129383e-09,1.5852889e-29,-0.057252087,-2.2458198e-07,0.00078711915,-0.005006022,0.1885955,-1.7447897e-28,9.231694e-27,0.1708667
179,0.6735741,0.001462294,-1.4162199e-05,7.197525e-29,2.8873683e-29,-1.6786396e-22,-0.10644607,0.108678535,1.5754324e-19,7.9933685e-05,-0.005191869,0.4684729,0.01872265,-7.4058654e-32,-2.7971298e-10,0.7609606,0.0018682727,-6.511914e-30,1.990702e-22,-9.108185e-30,6.3319425e-19,-0.00022942858,8.467279e-08,2.2077031e-29,-0.18356097,-4.236812e-06,0.0035995583,-0.019638702,0.5488036,-2.1054562e-28,-1.3179764e-26,0.5040405
180,0.9950516,0.0023367892,-2.4014442e-05,3.651686e-28,3.603916e-29,-1.3251109e-22,-0.15999,0.16406845,-3.8728493e-20,0.00012850657,-0.00808722,0.69505954,0.028952956,7.633952e-32,-5.585211e-10,1.1235659,0.003030944,-4.5988446e-30,1.5822172e-22,-5.5480723e-30,5.569893e-19,-0.00036926245,1.4842351e-07,2.2772807e-29,-0.27567914,-7.352466e-06,0.00565134,-0.030247007,0.81244904,-2.301347e-28,-4.316324e-26,0.7480312
181,1.1560627,0.0027545216,-2.8130393e-05,3.4536226e-28,3.9848932e-29,-2.5223193e-22,-0.18711172,0.19205604,-1.2150415e-19,0.00014984453,-0.009505184,0.8086728,0.034054134,4.6576142e-33,-6.524107e-10,1.3047962,0.0035818804,-3.940038e-30,1.6266159e-22,-3.7678096e-30,5.2383466e-19,-0.0004332978,1.7119928e-07,2.5995935e-29,-0.32210413,-8.611719e-06,0.006648671,-0.035555676,0.9446375,-3.1143826e-28,-6.0417513e-26,0.8701676
182,0.41671598,0.0007867476,-7.774866e-06,3.8911587e-28,2.0766042e-29,-1.3122625e-22,-0.06267236,0.06355327,2.2972713e-19,4.588538e-05,-0.0028810366,0.2871651,0.010436083,-1.6925543e-32,-1.575452e-10,0.47174087,0.0009844864,-6.422424e-30,2.0203977e-22,-1.0704295e-29,7.0232385e-19,-0.00012610346,5.0822518e-08,1.3364514e-29,-0.10904866,-2.303331e-06,0.0019782989,-0.011005017,0.33790383,-1.0190601e-28,-2.6807342e-27,0.30921498
183,0.6702969,0.0014728131,-1.5059808e-05,4.69862e-28,2.4526257e-29,-2.3393293e-22,-0.10519911,0.107463166,3.288847e-20,8.2515646e-05,-0.005167878,0.46566707,0.018560182,-6.4078336e-32,-3.45678e-10,0.75763595,0.0018921953,-4.818966e-30,1.8998728e-22,-6.1303637e-30,5.2425797e-19,-0.00023381494,9.453464e-08,1.4825682e-29,-0.18180346,-4.5754523e-06,0.0035952975,-0.019446734,0.545757,-2.1571164e-28,-2.2861226e-26,0.50129247
184,0.06364781,-0.00014398032,1.7684506e-06,4.4853146e-28,1.9479036e-30,-1.5287792e-22,-0.0031804778,0.00209881,3.1802654e-19,-3.190984e-06,0.00026914454,0.037735835,-0.0008100718,-1.1873919e-31,6.610243e-11,0.07401985,-0.00024365401,-6.715727e-30,2.2606547e-22,-1.1959472e-29,6.8636687e-19,1.9008796e-05,-5.6910245e-09,5.397694e-30,-0.0070480444,6.45519e-07,-0.00023951498,0.0006829011,0.04791551,-5.1140283e-29,3.2335267e-26,0.040950336
185,-0.30862194,-0.00112607,1.227055e-05,2.131707e-28,2.6004839e-30,-1.0893251e-23,0.05956853,-0.06279919,4.802113e-19,-5.5945144e-05,0.0035716621,-0.22598137,-0.012624669,-1.8037832e-31,3.5658096e-10,-0.34476995,-0.0015467643,-8.8475025e-30,2.463887e-22,-1.4961334e-29,5.4263224e-19,0.0001730074,-7.099139e-08,-7.5494874e-31,0.100904584,3.933859e-06,-0.0025690144,0.012951128,-0.25833464,-9.315031e-30,6.9597475e-26,-0.24261531
186,-0.37975526,-0.0013242706,1.4517307e-05,1.7625864e-28,4.237434e-30,-3.3278675e-23,0.07142003,-0.07504995,5.374004e-19,-6.702215e-05,0.0042237677,-0.27594972,-0.014915118,-2.051789e-31,4.1983889e-10,-0.42509875,-0.0018093672,-9.373918e-30,2.5720556e-22,-1.6002955e-29,5.895807e-19,0.00020488442,-8.549284e-08,-7.6727544e-31,0.1212069,4.6461396e-06,-0.0030318191,0.015327602,-0.31655616,-5.353965e-31,7.02471e-26,-0.29644093
187,0.31790248,0.00045809947,-3.068947e-06,3.8207922e-29,3.168822e-29,-2.6241618e-22,-0.045389477,0.045561988,3.6892865e-19,2.4647718e-05,-0.0018524607,0.21622272,0.0069530345,-2.5574713e-31,3.304637e-11,0.3605033,0.0005411891,-8.259842e-30,2.5466338e-22,-1.5602449e-29,7.320616e-19,-6.902635e-05,1.3330389e-08,1.678052e-29,-0.07935632,-7.2980197e-07,0.0012369922,-0.007419808,0.25610837,-1.762885e-28,-8.4156976e-27,0.23285195
188,0.7461455,0.0016104854,-1.5372503e-05,1.9564796e-28,3.4667446e-29,-3.7590704e-22,-0.1178994,0.12050845,1.4284437e-19,8.6536544e-05,-0.0057161567,0.5193401,0.020715918,-1.9471246e-31,-2.991103e-10,0.8425232,0.0020670719,-6.0184965e-30,2.246944e-22,-1.0158197e-29,7.247923e-19,-0.00025017172,8.928093e-08,2.3190252e-29,-0.20366776,-4.58031e-06,0.003964453,-0.021714926,0.6082166,-2.6481477e-28,-4.3072323e-26,0.5587826
189,0.89206374,0.0019903155,-1.9227613e-05,1.3877874e-28,3.7745774e-29,-3.502186e-22,-0.1423177,0.1457282,1.13562e-19,0.00010651133,-0.0070044235,0.6221677,0.025321659,-1.6021613e-31,-3.864412e-10,1.0069888,0.0025673055,-5.8633677e-30,2.1531702e-22,-1.0503285e-29,7.5436954e-19,-0.00030928952,1.1181585e-07,2.696881e-29,-0.24555966,-5.76857e-06,0.004870712,-0.02650388,0.7278995,-2.7560334e-28,-5.173112e-26,0.6694129
190,1.0157248,0.002310569,-2.245719e-05,1.33681e-28,3.1080125e-29,-4.3253145e-22,-0.16321637,0.16731529,5.7610235e-20,0.00012313906,-0.008091612,0.7096452,0.029238544,-2.0083565e-31,-4.6881904e-10,1.1460321,0.0029898111,-5.0723533e-30,2.1618775e-22,-9.736155e-30,8.0914316e-19,-0.00035866819,1.3053062e-07,3.0214145e-29,-0.2813985,-6.766835e-06,0.005635172,-0.030579537,0.8295682,-3.0889126e-28,-5.6766197e-26,0.7634235
191,0.49387795,0.00093709904,-8.446634e-06,1.5625567e-28,1.178698e-29,-2.9515934e-22,-0.07499203,0.07618773,2.404056e-19,5.1203187e-05,-0.0034413282,0.34055257,0.012593047,-2.3567895e-31,-1.3074594e-10,0.55864024,0.0011762583,-6.362588e-30,2.3648884e-22,-1.3620815e-29,7.839257e-19,-0.00014541941,4.8250914e-08,1.8824108e-29,-0.13019148,-2.4387466e-06,0.0023616597,-0.013275509,0.4006411,-1.7954458e-28,-3.2123279e-27,0.36660987
192,-0.12555206,-0.0006508125,7.6222564e-06,1.6671134e-28,1.2374738e-29,-1.158428e-22,0.028426,-0.03065446,4.2185973e-19,-3.1735122e-05,0.0019493321,-0.096255355,-0.00678367,-2.046768e-31,2.5119695e-10,-0.13892804,-0.0009203672,-8.551699e-30,2.4570215e-22,-1.25175e-29,5.441769e-19,0.00010022432,-4.5010047e-08,3.1856702e-30,0.04759905,2.5128602e-06,-0.0014297201,0.006872959,-0.107679166,-8.3127704e-29,4.768282e-26,-0.1032487
193,0.59734714,0.0012971438,-1.384652e-05,7.422376e-28,2.9246995e-29,-2.5147926e-22,-0.09205642,0.093860716,-9.527027e-20,7.453648e-05,-0.004518636,0.41312766,0.01615258,-1.8248821e-32,-3.4822595e-10,0.6761147,0.0016654618,-3.8745678e-30,1.6157392e-22,5.739855e-30,1.4546478e-19,-0.00020857825,9.036799e-08,-4.8787033e-30,-0.15940416,-4.250536e-06,0.0031490668,-0.0169367,0.48517933,-2.70427e-28,-9.2630205e-27,0.4450663
194,0.798805,0.0018345541,-1.9353487e-05,7.80335e-28,4.1904778e-29,-3.6715904e-22,-0.12616046,0.12907133,-2.115668e-19,0.000102599326,-0.0063285534,0.55552036,0.022619177,-5.320511e-32,-4.8227716e-10,0.9029217,0.002376221,-3.1475533e-30,1.5856407e-22,8.9887935e-30,5.0758594e-20,-0.00029197292,1.224056e-07,-2.0034298e-30,-0.21775156,-5.951666e-06,0.004425278,-0.023658235,0.650704,-3.6830904e-28,-3.7599625e-26,0.59815586
195,0.28479564,0.00042409747,-3.9957067e-06,4.718343e-28,6.2073836e-30,-2.5589577e-22,-0.039885145,0.039976608,1.9911207e-19,2.6311052e-05,-0.0016497856,0.19329093,0.0060776565,-1.4519867e-31,-7.280693e-11,0.32323214,0.0005062544,-5.7194943e-30,2.153186e-22,-6.890874e-30,6.0016317e-19,-6.8786605e-05,2.7423464e-08,4.1105337e-30,-0.07008072,-1.1337245e-06,0.0011117945,-0.006483663,0.22915503,-1.391053e-28,1.7996654e-26,0.20831841
196,1.0747998,0.002467256,-2.415828e-05,1.1117452e-28,2.5893072e-29,-3.798726e-22,-0.17298658,0.17741725,4.3415402e-20,0.00013178626,-0.00861641,0.7511071,0.03109764,-1.6485494e-31,-5.1264054e-10,1.212731,0.0031960832,-4.827658e-30,2.0687641e-22,-1.0384313e-29,8.4081477e-19,-0.00038365406,1.4128284e-07,3.1675758e-29,-0.29819122,-7.3015526e-06,0.0060055275,-0.03251101,0.8779016,-2.8957847e-28,-5.1960653e-26,0.8080856
197,0.9634614,0.0021867964,-2.1490327e-05,1.8107443e-28,2.2429961e-29,-3.5253843e-22,-0.15425871,0.15808403,4.9038472e-20,0.000117605814,-0.007651244,0.67245007,0.027609505,-1.5903658e-31,-4.588253e-10,1.0874411,0.0028274353,-4.814507e-30,2.0612617e-22,-9.817908e-30,7.8164437e-19,-0.0003409206,1.2681154e-07,2.7725495e-29,-0.26605403,-6.4934475e-06,0.0053293714,-0.02887975,0.7864317,-2.6928543e-28,-4.1513078e-26,0.72353673
198,1.864253,0.0045250696,-4.469225e-05,-7.5171116e-29,6.1156894e-29,-6.088139e-22,-0.30623344,0.3149932,-1.9754148e-19,0.00023825414,-0.015610186,1.3089534,0.056183994,-1.8028007e-31,-9.788336e-10,2.101466,0.0059092855,-3.5530135e-30,1.8984637e-22,-5.965112e-30,8.6158057e-19,-0.00070128107,2.5846938e-07,5.074777e-29,-0.52647644,-1.3603546e-05,0.010923238,-0.058602285,1.5264755,-5.1811483e-28,-1.359919e-25,1.4078275
199,1.6726435,0.004107354,-4.1547122e-05,4.375618e-28,7.0962165e-29,-7.714671e-22,-0.2745188,0.28225145,-4.452802e-19,0.00021884035,-0.014085246,1.1737835,0.05052134,-2.646845e-31,-9.66677e-10,1.8859907,0.0053704223,-1.683622e-30,1.8390226e-22,5.860543e-30,2.7398595e-19,-0.0006405655,2.456853e-07,3.333068e-29,-0.47164097,-1.2720432e-05,0.009873236,-0.05268596,1.3691386,-6.498518e-28,-1.429763e-25,1.262568
200,0.16469648,0.00019308721,-1.5945498e-06,7.173458e-29,-3.6438282e-29,-2.377092e-22,-0.022690043,0.022148404,1.2981023e-19,1.4226356e-05,-0.0008534542,0.11051838,0.0031236578,-2.7721862e-31,-3.2410852e-11,0.18698084,0.00019011286,-5.048954e-30,2.1593834e-22,-3.8727066e-30,4.8564787e-19,-3.387327e-05,1.3557575e-08,1.0658143e-29,-0.03898687,-4.145545e-07,0.0005525425,-0.0034319377,0.13181859,-1.8149432e-28,8.688301e-26,0.118655555
201,0.023060605,-0.00024399202,2.9709795e-06,1.8546899e-28,-3.2909743e-29,-8.5223616e-23,0.0032354929,-0.004566334,3.2923236e-19,-8.695695e-06,0.0005982012,0.008935869,-0.0019849623,-1.7907673e-31,9.784161e-11,0.028210491,-0.00038350763,-6.327735e-30,2.2536885e-22,-1.3313859e-29,7.586104e-19,3.4744742e-05,-1.370368e-08,8.491654e-30,0.004364047,1.0189717e-06,-0.00047444366,0.0018869694,0.01450298,-1.9587219e-29,8.211751e-26,0.009866916
202,-0.4412165,-0.0014504504,1.5311616e-05,1.1309903e-28,-6.362394e-29,1.7709899e-23,0.08078396,-0.08466978,4.8421013e-19,-7.196436e-05,0.004677873,-0.31843483,-0.016587801,-2.2364633e-31,3.858554e-10,-0.49494457,-0.0019792165,-7.178648e-30,2.4116566e-22,-1.5414872e-29,7.881903e-19,0.00022207534,-8.5824894e-08,6.941864e-31,0.13759708,4.8231627e-06,-0.0033478327,0.017061386,-0.36644503,9.5476773e-29,1.4669778e-25,-0.34234866
203,0.17774248,9.84568e-05,-5.0884864e-07,1.25351e-28,-2.0421529e-29,3.6028464e-23,-0.020279493,0.0197482,4.0423557e-19,9.278796e-06,-0.0005732882,0.11608644,0.0022564586,-2.287947e-32,2.8638938e-11,0.20341736,7.1965624e-05,-6.817405e-30,2.2825313e-22,-1.5847846e-29,9.184822e-19,-1.8207626e-05,7.0396062e-09,1.0363095e-29,-0.037062757,-4.7159347e-08,0.00034795725,-0.002518422,0.1402108,4.50565e-29,6.114193e-26,0.12563464
204,-0.09973405,-0.00059180445,6.562317e-06,1.026903e-28,-2.717077e-29,3.2615574e-23,0.02529145,-0.027351366,4.3085731e-19,-2.6826601e-05,0.0017724962,-0.07946435,-0.00618964,-1.8806323e-31,2.0646204e-10,-0.10900393,-0.0008414363,-6.661987e-30,2.2000599e-22,-1.4815725e-29,7.6416615e-19,8.874947e-05,-3.5259866e-08,4.0428632e-30,0.041763417,2.14679e-06,-0.0013010468,0.006264322,-0.08748079,7.550768e-29,8.0871074e-26,-0.08480735
205,-0.116590515,-0.0006357552,7.0741244e-06,1.0725225e-28,-2.862973e-29,1.0245094e-24,0.027700253,-0.029830566,4.5498904e-19,-2.93391e-05,0.0019117718,-0.09069617,-0.0066667213,-1.8865967e-31,2.156932e-10,-0.1283738,-0.0008996306,-6.7820006e-30,2.213632e-22,-1.4848453e-29,8.2810307e-19,9.5950025e-05,-3.826419e-08,5.3617954e-30,0.045933716,2.3066711e-06,-0.0014009939,0.0067590023,-0.1008744,8.4026626e-29,7.996094e-26,-0.09703134
206,-0.721719,-0.0021865766,2.3279723e-05,-2.51379e-28,-4.7492457e-29,1.6327307e-22,0.12876244,-0.13435674,5.920235e-19,-0.000111684145,0.007164436,-0.51873374,-0.025539074,-3.5542934e-31,6.3370104e-10,-0.809371,-0.00295704,-8.611567e-30,2.4249895e-22,-1.3737177e-29,4.6182765e-19,0.0003374207,-1.3673551e-07,-6.857921e-30,0.22030598,7.340739e-06,-0.005098819,0.026358072,-0.5983046,1.125014e-28,1.6130207e-25,-0.5574398
207,-0.5923382,-0.0018773258,2.0092815e-05,-2.0378963e-29,-3.4861068e-29,1.8556539e-22,0.107708886,-0.11255248,6.0756333e-19,-9.538472e-05,0.0061053676,-0.42738098,-0.021694286,-2.1410793e-31,5.5578886e-10,-0.6638484,-0.0025456878,-9.423724e-30,2.5182545e-22,-1.9970729e-29,6.168667e-19,0.00028966588,-1.178346e-07,-3.538952e-30,0.18359286,6.3565576e-06,-0.0043557156,0.02236621,-0.492012,1.1236675e-28,1.3843496e-25,-0.45908496
208,-0.32818305,-0.0012289577,1.3700033e-05,-1.0253129e-28,-1.7021766e-29,2.3971784e-22,0.064512745,-0.067954496,6.1153173e-19,-6.1972765e-05,0.0038861572,-0.24183638,-0.013695693,-8.6958975e-32,4.2227644e-10,-0.36593705,-0.0016909922,-9.862849e-30,2.3866862e-22,-1.920741e-29,6.952508e-19,0.0001899311,-8.152496e-08,-1.3346221e-30,0.10897869,4.403099e-06,-0.0027986565,0.014044791,-0.2756927,9.7757315e-29,1.1470405e-25,-0.2593224
209,0.3439623,0.0005727413,-5.4161546e-06,2.577478e-28,-4.275682e-30,-5.4052976e-23,-0.049541187,0.04996026,2.7059947e-19,3.4396482e-05,-0.0021663588,0.23442097,0.007910542,-7.7003555e-32,-8.8618834e-11,0.39031455,0.00069763,-6.278096e-30,2.1110129e-22,-1.4680604e-29,7.855755e-19,-9.2339884e-05,3.5544023e-08,1.3575206e-29,-0.086651005,-1.5616886e-06,0.0014723942,-0.008390962,0.2772782,-5.3749894e-29,3.1165226e-26,0.2526957
210,1.0772029,0.0025525882,-2.6226387e-05,4.603607e-28,4.0410744e-29,-2.8750676e-22,-0.17352258,0.17801565,-1.5309371e-19,0.00013955364,-0.00880309,0.7525322,0.031520396,-3.8760022e-32,-6.1393923e-10,1.2162317,0.0033179543,-3.6466652e-30,1.6874671e-22,-2.56432e-30,4.1456488e-19,-0.00040236572,1.6049529e-07,2.1403049e-29,-0.2988439,-8.033146e-06,0.006158405,-0.03291717,0.87957543,-3.3159716e-28,-6.0153306e-26,0.80990255
211,0.32231104,0.00052153104,-4.8159345e-06,3.6401597e-28,3.665848e-30,-2.4457005e-22,-0.046373684,0.04667079,2.1348883e-19,3.108128e-05,-0.00199083,0.2197526,0.0073093707,-1.8681855e-31,-7.995965e-11,0.36548528,0.0006326345,-5.8652173e-30,2.2745258e-22,-1.1058592e-29,6.7960694e-19,-8.342298e-05,3.1074958e-08,1.1329972e-29,-0.08107557,-1.370289e-06,0.0013496534,-0.0077670496,0.2599316,-1.4129453e-28,1.4084002e-26,0.23674566
212,-0.5233222,-0.001729297,1.933756e-05,-2.8775897e-29,-1.0319313e-30,-8.4466436e-23,0.095020816,-0.09946714,6.772424e-19,-9.0252885e-05,0.005539088,-0.37655324,-0.019502923,-2.8790614e-31,5.623463e-10,-0.5874692,-0.0023495771,-1.0551902e-29,2.8361455e-22,-1.8847281e-29,7.476532e-19,0.0002708775,-1.1774371e-07,1.8762458e-30,0.16179127,6.186274e-06,-0.003969348,0.020077938,-0.43388394,1.8808873e-29,8.31788e-26,-0.40493724
213,-0.70767367,-0.002217736,2.4682546e-05,-2.5737706e-28,6.4863846e-30,9.143299e-23,0.12597692,-0.13148823,8.213573e-19,-0.0001166436,0.007167803,-0.50703293,-0.025334887,-2.4354136e-31,7.2291895e-10,-0.79479706,-0.0030001288,-1.2517136e-29,2.8651438e-22,-2.1997689e-29,7.16633e-19,0.00034756327,-1.5132477e-07,8.413421e-31,0.21509078,7.870665e-06,-0.005121003,0.02613242,-0.58547854,7.5002224e-29,1.02427235e-25,-0.54525125
214,-0.25689372,-0.0010023775,1.1476444e-05,-6.820433e-29,-1.7237645e-30,5.2403904e-23,0.050154902,-0.05309917,5.70645e-19,-5.054763e-05,0.003109199,-0.18864849,-0.010912904,-1.461857e-31,3.5902223e-10,-0.2870089,-0.0013905084,-9.750168e-30,2.4565073e-22,-1.7471684e-29,7.238762e-19,0.00015532723,-6.8446965e-08,6.650081e-30,0.08497556,3.7197797e-06,-0.0022528965,0.011156718,-0.21530831,2.355468e-29,8.021029e-26,-0.20272197
215,0.7647013,0.0017361247,-1.782039e-05,3.0813719e-28,3.3331314e-29,-4.5588647e-23,-0.120711684,0.12344919,6.002488e-21,9.686095e-05,-0.006043916,0.5311906,0.021605175,2.0998678e-32,-3.9493492e-10,0.86481845,0.002235924,-5.3355865e-30,1.6763744e-22,-6.5462344e-30,3.7794275e-19,-0.00027601284,1.1078919e-07,1.6187492e-29,-0.20816311,-5.4281873e-06,0.004214855,-0.02261196,0.6224853,-2.1675265e-28,-1.8065642e-26,0.57199746
216,1.2243562,0.0029828495,-3.1270247e-05,6.3083267e-28,5.469807e-29,-2.4623482e-22,-0.19856282,0.2039182,-2.8625205e-19,0.00016395675,-0.010207985,0.85666233,0.03641487,7.375884e-32,-7.631167e-10,1.3822297,0.003890963,-2.8652951e-30,1.381037e-22,2.1208702e-30,2.2750274e-19,-0.00047224454,1.9422419e-07,1.9686209e-29,-0.3416445,-9.642378e-06,0.007158312,-0.03798589,1.0004915,-3.674547e-28,-7.942036e-26,0.9219854
217,1.7915586,0.0044655637,-4.615215e-05,5.6198145e-28,8.08435e-29,-4.565499e-22,-0.29420277,0.30266288,-4.988444e-19,0.00024080594,-0.015236214,1.2572992,0.054440532,3.035056e-32,-1.1063859e-09,2.0208335,0.005847458,-1.587051e-30,1.2819404e-22,6.540189e-30,1.7846448e-19,-0.0007013041,2.7939618e-07,3.1724348e-29,-0.5054945,-1.42158215e-05,0.010696262,-0.056731533,1.4663697,-5.5865825e-28,-1.4357816e-25,1.3527464
218,0.610863,0.0013100342,-1.3170264e-05,4.760781e-28,3.835078e-29,-2.9178145e-22,-0.09569086,0.097639516,9.212181e-20,7.317505e-05,-0.004638358,0.4245891,0.01671001,-6.784341e-32,-2.9242198e-10,0.6902256,0.0016778649,-5.613244e-30,2.0100996e-22,-5.8800883e-30,5.531654e-19,-0.0002072844,8.2289944e-08,1.4815967e-29,-0.16548976,-3.9722127e-06,0.003218638,-0.017524622,0.49755314,-2.259179e-28,-3.7565433e-26,0.4569237
219,0.29338288,0.00047156442,-3.911219e-06,2.4149712e-28,4.8286317e-29,-2.9277135e-22,-0.04312293,0.043255467,2.4992171e-19,2.7075173e-05,-0.0018430785,0.201017,0.006765005,-1.6343773e-31,-3.2915948e-11,0.3322889,0.0005646978,-7.7971545e-30,2.3075605e-22,-6.668635e-30,4.6227185e-19,-7.42241e-05,2.3310651e-08,1.1615262e-29,-0.074853726,-1.0543306e-06,0.0012421985,-0.007203947,0.23727804,-2.3604356e-28,-2.0106906e-26,0.21619329
220,-1.3393168,-0.0038936704,4.234557e-05,-3.3091692e-28,-5.757649e-30,1.0534702e-22,0.2310456,-0.2400088,1.1484594e-18,-0.00020625697,0.012782151,-0.9510261,-0.045305222,-2.9461467e-31,1.1571797e-09,-1.5073761,-0.0052150087,-1.5070513e-29,3.2919294e-22,-2.6189575e-29,9.179397e-19,0.0006106942,-2.57268e-07,-6.672478e-30,0.39532265,1.3363425e-05,-0.009085046,0.046882022,-1.1027905,2.1836338e-28,1.476496e-25,-1.0232252
221,-1.6693919,-0.0047893333,5.2134266e-05,-5.2703593e-28,1.1522008e-29,2.3132835e-22,0.28725898,-0.29815197,1.3481912e-18,-0.0002549901,0.015776122,-1.1852851,-0.055971965,-3.3827664e-31,1.4459334e-09,-1.8784963,-0.006402471,-1.776291e-29,3.5538022e-22,-3.0972276e-29,8.1696566e-19,0.00075221737,-3.1960232e-07,-1.19610835e-29,0.49174628,1.6453483e-05,-0.011200059,0.057958838,-1.3745955,2.5804423e-28,1.6037553e-25,-1.2750132
222,-0.9681109,-0.00291235,3.1736465e-05,-1.4767133e-28,8.2726515e-31,1.1049851e-22,0.17017393,-0.17711762,9.18739e-19,-0.0001530319,0.009517543,-0.69109154,-0.033721138,-2.6159724e-31,8.8877616e-10,-1.0880607,-0.00391461,-1.3066151e-29,3.0143216e-22,-2.4141934e-29,7.471442e-19,0.00045563292,-1.9248489e-07,-5.4975166e-30,0.2906203,1.0048953e-05,-0.0067751743,0.034854442,-0.7994377,1.4224006e-28,1.1759872e-25,-0.7431265
223,-0.3835781,-0.0014178017,1.6542472e-05,-4.269221e-29,1.9634684e-29,-6.643113e-23,0.0727167,-0.076415345,7.6471617e-19,-7.4880765e-05,0.0044445805,-0.27867773,-0.015486742,-2.3284575e-31,5.273969e-10,-0.42978582,-0.0019377907,-1.1476412e-29,2.8999572e-22,-2.4186204e-29,9.429381e-19,0.00022436243,-1.03762346e-07,6.8860986e-30,0.122870676,5.366802e-06,-0.003206429,0.015901964,-0.3196188,4.8173827e-29,4.694287e-26,-0.2994759
224,-0.07794843,-0.0005602542,6.7664155e-06,1.9426576e-28,9.1527744e-30,-8.489676e-23,0.021273047,-0.023222782,4.847792e-19,-2.7019143e-05,0.0016245543,-0.06311969,-0.0055609266,-1.6844256e-31,2.368526e-10,-0.085174054,-0.00079937576,-8.584687e-30,2.5041883e-22,-1.7319826e-29,7.6103046e-19,8.6667904e-05,-4.012599e-08,6.3148354e-30,0.03477801,2.2582353e-06,-0.0012046464,0.0056043696,-0.068885386,-1.7000262e-29,3.992353e-26,-0.06745877
225,-0.16032144,-0.0007868559,9.244471e-06,1.1857325e-28,6.0426413e-30,-2.7772656e-23,0.03580948,-0.038277715,5.135991e-19,-3.927385e-05,0.0023893705,-0.12250569,-0.008297833,-2.147751e-31,3.151172e-10,-0.17736928,-0.0011012121,-9.045401e-30,2.5658336e-22,-1.9515457e-29,6.912227e-19,0.0001223163,-5.6426913e-08,4.6055297e-30,0.059722356,3.0424628e-06,-0.0017437225,0.008443408,-0.13732207,-1.07042645e-29,5.303315e-26,-0.13113293
226,-0.7934235,-0.00247055,2.7222102e-05,-1.6629165e-28,1.0732666e-30,1.3756663e-22,0.14164719,-0.14765134,8.757599e-19,-0.00012969841,0.008023322,-0.5688001,-0.02836863,-2.4465343e-31,7.885279e-10,-0.89082503,-0.0033317143,-1.26098766e-29,2.9375047e-22,-2.5833985e-29,7.8767757e-19,0.00038687477,-1.6629696e-07,-2.1028766e-30,0.24145451,8.658789e-06,-0.0057231793,0.029289968,-0.6566813,1.3604584e-28,1.0722957e-25,-0.6113802
227,-0.54236156,-0.0017560639,1.8979279e-05,1.1159616e-28,-3.9573647e-31,8.258055e-23,0.09932788,-0.10389623,6.064814e-19,-8.966711e-05,0.005685937,-0.3917145,-0.020164203,-2.0485996e-31,5.39747e-10,-0.6076957,-0.002381377,-1.0103648e-29,2.6058093e-22,-1.8499147e-29,5.4231104e-19,0.00027184997,-1.1237016e-07,-4.3389817e-30,0.16904718,6.0329967e-06,-0.004061177,0.02078228,-0.45071283,4.8617754e-29,9.188384e-26,-0.42075965
228,-0.4945733,-0.0015956266,1.7148492e-05,1.5354826e-28,8.4769265e-30,1.8572544e-23,0.09027271,-0.0945542,5.1891645e-19,-8.091472e-05,0.0051628416,-0.35694584,-0.01834942,-1.9733402e-31,4.7932075e-10,-0.55425537,-0.0021684677,-9.723366e-30,2.505339e-22,-1.267021e-29,3.814503e-19,0.00024609335,-1.0030823e-07,-5.9792887e-30,0.15393609,5.4467e-06,-0.0036887648,0.01889908,-0.41081953,-2.1708787e-29,8.382437e-26,-0.38357565
229,0.30311507,0.00050800777,-5.448417e-06,5.885798e-28,2.1660061e-30,-1.6572992e-22,-0.042825636,0.043041777,1.0809764e-19,3.2513304e-05,-0.0018838183,0.20572697,0.0067926412,-8.4477284e-32,-1.3198512e-10,0.34440342,0.00062004477,-4.928239e-30,1.9456344e-22,-5.119075e-30,4.517439e-19,-8.473674e-05,3.950019e-08,1.1766433e-30,-0.07501789,-1.6299393e-06,0.0012867227,-0.0072125094,0.243808,-1.3132288e-28,2.5617149e-26,0.22189674
230,0.6335839,0.0013570949,-1.3545014e-05,4.299508e-28,1.4437665e-29,-3.688436e-22,-0.09889813,0.10091889,2.774586e-20,7.530858e-05,-0.004794039,0.43951058,0.017297663,-2.094381e-31,-2.997853e-10,0.7160858,0.0017377629,-4.467511e-30,2.1281205e-22,-6.423474e-30,5.4562756e-19,-0.0002139755,8.300533e-08,1.503e-29,-0.17097953,-4.082174e-06,0.0033282174,-0.018146537,0.5155074,-2.5840777e-28,-1.7612244e-26,0.47309056
231,0.41815257,0.00076122367,-7.086077e-06,2.994871e-28,-1.9731634e-30,-2.9630575e-22,-0.06242996,0.06324902,1.9570866e-19,4.3163793e-05,-0.002814713,0.28732538,0.010296312,-2.2819489e-31,-1.2787199e-10,0.4733049,0.00094735296,-5.5106694e-30,2.2985483e-22,-1.17590346e-29,7.4536997e-19,-0.0001198344,4.317611e-08,1.4803524e-29,-0.10862828,-2.0590103e-06,0.0019268037,-0.010878886,0.33859283,-1.5768595e-28,1.2334025e-26,0.30938083
232,1.6236191,0.0038530151,-3.7329773e-05,-1.8711933e-28,4.528003e-29,-5.972003e-22,-0.26541835,0.2728248,-2.2791566e-20,0.00020164608,-0.013380742,1.1389214,0.048321567,-2.4911594e-31,-7.811015e-10,1.8302163,0.005018661,-4.588734e-30,2.1728107e-22,-1.1463925e-29,1.0682767e-18,-0.00059450185,2.1233166e-07,5.0003864e-29,-0.45673195,-1.1289984e-05,0.009344256,-0.050442275,1.3288528,-4.3356203e-28,-1.0979815e-25,1.2249057
233,2.195716,0.0054400605,-5.4495227e-05,2.3260949e-28,9.258576e-29,-9.279907e-22,-0.36245438,0.37303823,-5.3082424e-19,0.00028686642,-0.01864651,1.5432152,0.06696031,-2.9297732e-31,-1.2418835e-09,2.4747608,0.0071254764,-1.3265501e-30,1.835691e-22,5.4721327e-30,4.3527164e-19,-0.0008446551,3.1743332e-07,4.8806902e-29,-0.6225215,-1.666369e-05,0.013073978,-0.0697914,1.7987825,-7.7374346e-28,-1.997912e-25,1.6597399
234,1.8322991,0.004501836,-4.4873676e-05,1.3812659e-28,6.601304e-29,-8.527025e-22,-0.30203214,0.31061673,-4.171215e-19,0.0002375913,-0.015474403,1.2871833,0.055601202,-3.3761792e-31,-1.0182429e-09,2.0651395,0.00588346,-1.9481489e-30,1.954764e-22,4.4692017e-30,4.4706713e-19,-0.0006989478,2.6111033e-07,4.3201206e-29,-0.5185726,-1.3698268e-05,0.010839548,-0.057990056,1.5007359,-6.921633e-28,-1.4464416e-25,1.3842082
235,0.8306864,0.0019119142,-1.9292582e-05,3.1641363e-28,1.6702739e-29,-4.0241524e-22,-0.1332065,0.13632566,-9.7829876e-20,0.00010462153,-0.0066574295,0.57952076,0.023902223,-2.050766e-31,-4.4620607e-10,0.93775547,0.0024673764,-3.775442e-30,1.9574084e-22,-1.5048916e-30,4.2263273e-19,-0.0003009502,1.17371385e-07,1.9435621e-29,-0.22920084,-5.8721625e-06,0.004642574,-0.025015939,0.67788297,-3.4522956e-28,-2.1898015e-26,0.62343955
236,-0.54272926,-0.001658052,1.7308746e-05,-8.058546e-29,-8.461106e-29,5.9447043e-23,0.095956266,-0.1003793,4.4003175e-19,-8.246694e-05,0.0053981803,-0.3886773,-0.01925489,-2.4474606e-31,4.1492693e-10,-0.6098733,-0.0022590135,-6.910368e-30,2.3001003e-22,-1.0670863e-29,6.5396703e-19,0.00025309226,-9.624956e-08,2.8718813e-31,0.16458598,5.412479e-06,-0.00385228,0.019825626,-0.44889808,7.574803e-29,1.9112322e-25,-0.4182848
237,0.05330977,-0.00020345795,2.4758529e-06,9.8953775e-29,-4.0037857e-29,7.221334e-24,-0.0003292635,-0.00085827336,3.9829858e-19,-6.34768e-06,0.00045624853,0.029212594,-0.0014463719,-6.5893147e-32,8.094306e-11,0.06273188,-0.0003279451,-6.395129e-30,2.3063695e-22,-1.3740173e-29,9.117773e-19,2.8260889e-05,-9.445738e-09,8.630169e-30,-0.002481129,8.550387e-07,-0.0003757584,0.0013272753,0.03867609,5.3655596e-29,9.0113214e-26,0.031958632
238,0.13110626,-1.566339e-05,4.3258206e-07,7.915519e-29,-4.1284102e-29,-2.0911854e-23,-0.0125546865,0.011773463,3.7007063e-19,3.6409256e-06,-0.00017022458,0.083529785,0.0008026222,-3.2962178e-32,2.0672089e-11,0.15057263,-7.716293e-05,-5.8506242e-30,2.3658368e-22,-1.0650799e-29,9.169735e-19,-1.1232623e-06,3.6374068e-09,8.055779e-30,-0.023821816,2.0929042e-07,6.701797e-05,-0.0010100873,0.10219077,3.992513e-29,8.596793e-26,0.0905237
239,0.1881564,0.00010777661,-3.4153254e-07,1.6704385e-29,-1.6819786e-29,-6.992191e-23,-0.0225893,0.022147376,4.8010457e-19,8.849605e-06,-0.0006379781,0.12475492,0.0025684126,-3.7358456e-32,3.256498e-11,0.21440595,8.518109e-05,-6.807819e-30,2.3517408e-22,-1.3032524e-29,1.1016716e-18,-1.8082785e-05,5.6430878e-09,1.3323693e-29,-0.041169994,2.0075504e-08,0.00038717804,-0.0028460529,0.14965075,6.8869666e-29,4.6079436e-26,0.13466913
240,0.059450775,-0.00015085895,1.8437804e-06,7.230697e-29,-3.939548e-29,-1.5699886e-22,-0.0024501197,0.0013227798,3.233028e-19,-3.209343e-06,0.00029376126,0.0340894,-0.000910779,-2.9759264e-31,6.577676e-11,0.069771126,-0.00025665207,-4.2489727e-30,1.9888444e-22,-6.678025e-30,8.188273e-19,1.9638275e-05,-5.3409863e-09,7.115454e-30,-0.0055811703,6.639327e-07,-0.0002569334,0.000781375,0.04395122,5.4921534e-29,6.603437e-26,0.03706368
241,-0.11500224,-0.0006327543,7.067145e-06,1.3377192e-28,-2.9990277e-29,-7.981528e-23,0.027381474,-0.02950634,4.3015837e-19,-2.9380066e-05,0.001902478,-0.08949522,-0.0066176625,-2.487391e-31,2.1253849e-10,-0.1266914,-0.0008946386,-6.323945e-30,2.2647144e-22,-1.3340586e-29,8.132644e-19,9.585348e-05,-3.8514763e-08,4.7462208e-30,0.04539556,2.3062041e-06,-0.0013941643,0.0067072995,-0.099509954,6.000735e-29,7.5212143e-26,-0.09577907
242,-0.43687734,-0.0014712706,1.5883708e-05,-3.2082237e-29,-2.951335e-29,8.992204e-23,0.081821024,-0.08581491,5.34473e-19,-7.3964955e-05,0.0047390275,-0.31795624,-0.01680833,-2.7844363e-31,4.538158e-10,-0.48850682,-0.0020072528,-8.171575e-30,2.4038934e-22,-1.6055346e-29,5.9696617e-19,0.00022650143,-9.2819405e-08,-2.0961547e-30,0.13911876,5.0561594e-06,-0.0033917055,0.017291458,-0.36460432,8.265685e-29,1.1331743e-25,-0.34132764
243,0.4767362,0.0009309962,-9.047937e-06,2.4758017e-28,1.9998637e-29,-7.350887e-23,-0.07165624,0.07276602,1.9044376e-19,5.3027532e-05,-0.0033659055,0.32749307,0.012157991,-8.3855723e-32,-1.6036489e-10,0.5403265,0.001170872,-6.433033e-30,2.0390969e-22,-1.2347346e-29,5.679225e-19,-0.00014809283,5.5762126e-08,1.3625407e-29,-0.12440296,-2.67184e-06,0.0023199117,-0.01280423,0.3858483,-1.4002243e-28,3.8196583e-27,0.3529157
244,0.8138459,0.0018236022,-1.8194669e-05,2.9142623e-28,3.3546158e-29,-2.363439e-22,-0.12874027,0.1317176,2.6216921e-20,9.972937e-05,-0.006379832,0.56597984,0.02294401,-1.1118608e-31,-3.8681347e-10,0.9197141,0.002350783,-5.1977844e-30,1.9649441e-22,-7.943841e-30,5.161609e-19,-0.000286617,1.0945058e-07,1.9562925e-29,-0.22216979,-5.5009496e-06,0.004443302,-0.024016622,0.66297275,-2.6630606e-28,-3.567971e-26,0.609288
245,1.3798671,0.0033573671,-3.4405864e-05,5.409407e-28,5.8380125e-29,-5.3692943e-22,-0.22487642,0.23103075,-3.4426047e-19,0.00018125071,-0.011516526,0.96664613,0.041238077,-1.3854367e-31,-8.1462626e-10,1.5567778,0.0043827733,-2.310958e-30,1.7015092e-22,3.3737237e-30,2.6376815e-19,-0.0005267037,2.0751389e-07,2.5236465e-29,-0.38668528,-1.0555784e-05,0.008071076,-0.043020416,1.1283966,-5.042464e-28,-1.0552841e-25,1.040032
246,0.6348899,0.0013759614,-1.36842555e-05,3.1217098e-28,3.537537e-29,-2.3648813e-22,-0.09935419,0.10136002,5.7347036e-20,7.6296696e-05,-0.0048572696,0.4403513,0.017464735,-1.2143007e-31,-2.8533698e-10,0.71789336,0.0017602693,-5.6882646e-30,2.0005554e-22,-6.046257e-30,4.147483e-19,-0.00021736047,8.344908e-08,1.5128285e-29,-0.17149368,-4.115035e-06,0.003373118,-0.018318582,0.5164894,-2.628394e-28,-2.4491937e-26,0.47402617
247,-0.6416289,-0.0020311724,2.2178463e-05,4.325109e-30,-4.9732025e-30,4.0353896e-23,0.11539987,-0.120507106,7.0377576e-19,-0.0001052507,0.0065807207,-0.46083552,-0.023287546,-2.416819e-31,6.2685485e-10,-0.72016513,-0.0027474086,-1.080843e-29,2.7577928e-22,-1.997416e-29,6.8046447e-19,0.00031642464,-1.3305615e-07,-2.3479629e-30,0.19667938,7.0475116e-06,-0.0046986192,0.024018724,-0.53155327,7.0696615e-29,9.98387e-26,-0.49536937
248,-1.2383562,-0.0036151847,3.9073857e-05,-2.9007493e-28,-1.321359e-29,2.1227936e-22,0.2153326,-0.2237928,1.024257e-18,-0.00019023914,0.011887703,-0.88193315,-0.042209804,-2.8886231e-31,1.0737322e-09,-1.3924022,-0.0048467517,-1.4014887e-29,3.100136e-22,-2.5828135e-29,7.2231934e-19,0.0005651115,-2.3649793e-07,-9.258468e-30,0.36833942,1.2324886e-05,-0.00844595,0.043670785,-1.0213689,2.0079047e-28,1.5751897e-25,-0.94843197
249,-0.6881089,-0.0021492,2.32406e-05,-5.768134e-29,-1.9560939e-29,1.6900628e-22,0.123677686,-0.12905708,7.162078e-19,-0.000110780005,0.006992484,-0.4945112,-0.024802517,-2.1184162e-31,6.515348e-10,-0.77201045,-0.0029052095,-1.0734091e-29,2.6679046e-22,-2.184565e-29,6.7895104e-19,0.00033368453,-1.3846038e-07,-3.4036456e-30,0.21087447,7.3632636e-06,-0.0049864906,0.02559346,-0.57030404,1.244262e-28,1.2585351e-25,-0.5314016
250,0.25691542,0.00038802967,-4.0254236e-06,4.462376e-28,9.551228e-31,-9.2493146e-23,-0.035385627,0.035354692,1.7965456e-19,2.587962e-05,-0.0014939257,0.17329259,0.005401328,-8.295565e-32,-8.23083e-11,0.29232723,0.00045858766,-5.701046e-30,2.0227281e-22,-9.6126466e-30,5.3432993e-19,-6.567992e-05,3.009531e-08,6.557065e-30,-0.062098153,-1.1724037e-06,0.0010089977,-0.005768922,0.20597905,-9.493369e-29,3.0731137e-26,0.18695053
251,1.1949277,0.0028867892,-2.991858e-05,5.760623e-28,5.398792e-29,-3.5652383e-22,-0.19348168,0.19862735,-2.7953793e-19,0.00015768863,-0.009902792,0.83562076,0.03538983,-4.6473228e-32,-7.144405e-10,1.348975,0.0037623814,-2.9262865e-30,1.5896793e-22,1.8245689e-30,2.1643232e-19,-0.00045540862,1.8337498e-07,1.9916216e-29,-0.33289516,-9.193362e-06,0.00693933,-0.03693138,0.97619826,-4.1508196e-28,-8.170564e-26,0.8993012
252,1.2716227,0.0031062982,-3.2383818e-05,6.7101176e-28,6.58266e-29,-3.8427447e-22,-0.20685934,0.21246833,-3.2866574e-19,0.00016974306,-0.010631725,0.89050525,0.037961196,6.5288014e-33,-7.8738394e-10,1.4351321,0.004055092,-2.7081306e-30,1.4872431e-22,4.5324083e-30,1.6785992e-19,-0.0004903923,1.9953762e-07,2.0052662e-29,-0.35577324,-9.973499e-06,0.0074557373,-0.039595705,1.0396339,-4.4196823e-28,-9.9984286e-26,0.9582437
253,1.8118613,0.0044995034,-4.5714987e-05,4.862243e-28,1.1072866e-28,-7.2742083e-22,-0.29884794,0.3074016,-4.612602e-19,0.00023984001,-0.015406674,1.2734078,0.05518513,-1.005864e-31,-1.0678464e-09,2.0425267,0.0058908863,-2.6219362e-30,1.6207706e-22,9.218482e-30,1.7833027e-19,-0.0007024644,2.718259e-07,3.530531e-29,-0.51319486,-1.40162965e-05,0.010805685,-0.057520483,1.4842781,-6.849568e-28,-1.8609848e-25,1.3695575
254,-0.57771593,-0.0018631967,2.0977226e-05,-2.1590517e-29,1.9669526e-29,-2.0403207e-22,0.10210931,-0.106759235,7.7466467e-19,-9.8328004e-05,0.005952599,-0.41171116,-0.020915087,-2.3281756e-31,5.957167e-10,-0.6503551,-0.002525189,-1.17174044e-29,2.925682e-22,-1.6345062e-29,8.920991e-19,0.0002932951,-1.2750712e-07,4.868793e-30,0.17416775,6.706211e-06,-0.004267784,0.021546189,-0.47639912,1.2637778e-29,5.806599e-26,-0.44339937
255,-1.6962577,-0.00483717,5.3017247e-05,-6.486351e-28,1.2687115e-29,3.9026823e-23,0.28897062,-0.2999254,1.3883064e-18,-0.0002589504,0.015896507,-1.2005574,-0.056328584,-3.7817226e-31,1.4558252e-09,-1.9107813,-0.0064685205,-1.8148823e-29,3.6819019e-22,-2.6410693e-29,9.484693e-19,0.0007617002,-3.2572703e-07,-6.623166e-30,0.49533865,1.673877e-05,-0.011293303,0.058317497,-1.3941962,2.0795262e-28,1.566187e-25,-1.2923037
256,-2.1050625,-0.0058999043,6.381095e-05,-7.8655027e-28,-2.5342506e-29,2.3749085e-22,0.35788542,-0.3711236,1.5177864e-18,-0.00031423365,0.019501004,-1.489951,-0.06926542,-4.069475e-31,1.7127353e-09,-2.370814,-0.007876402,-1.8760505e-29,3.7439641e-22,-3.000824e-29,9.47203e-19,0.00092594256,-3.8866332e-07,-1.3816724e-29,0.6137305,2.0061283e-05,-0.013830279,0.07175891,-1.7303902,3.3863345e-28,2.3269632e-25,-1.6034361
257,-1.1106745,-0.0032842031,3.5622685e-05,-2.1432983e-28,-1.0310788e-29,1.4408948e-22,0.19375601,-0.20147766,9.857379e-19,-0.0001727412,0.0107661635,-0.7913061,-0.03817668,-2.7092488e-31,9.814114e-10,-1.2488871,-0.0044075553,-1.3470265e-29,3.0697357e-22,-2.509998e-29,8.0002076e-19,0.0005136844,-2.1548439e-07,-6.5893745e-30,0.3311828,1.125146e-05,-0.0076564914,0.039481685,-0.91620547,1.8519776e-28,1.4001273e-25,-0.85102636
258,-0.2582009,-0.0010041591,1.0963182e-05,8.81651e-29,-4.805725e-30,-1.8219451e-23,0.0515118,-0.054472286,4.3498347e-19,-4.9476497e-05,0.0031617344,-0.19075887,-0.011144671,-2.0900038e-31,3.2049507e-10,-0.28778222,-0.0013845307,-7.670337e-30,2.582442e-22,-1.19917795e-29,5.4587107e-19,0.00015406354,-6.3055495e-08,-4.226761e-30,0.08689385,3.5230448e-06,-0.0022801063,0.0114121735,-0.21718317,-1.6503402e-29,8.020423e-26,-0.2046536
259,-0.2627006,-0.0010305273,1.1315575e-05,1.9831194e-28,1.1910598e-29,1.614976e-23,0.052986182,-0.055999417,4.778409e-19,-5.1007657e-05,0.0032473356,-0.19474733,-0.011446351,-1.7682694e-31,3.4603162e-10,-0.2924128,-0.0014185079,-8.6887404e-30,2.5419628e-22,-1.551989e-29,5.246393e-19,0.00015843546,-6.6068175e-08,-3.33674e-30,0.08920277,3.649974e-06,-0.0023405864,0.011729505,-0.22140563,-8.400431e-30,5.850609e-26,-0.2087423
260,-0.5565233,-0.0018212658,1.972808e-05,9.329012e-29,1.3750929e-30,1.6533218e-22,0.103012994,-0.10770768,6.4938745e-19,-9.316497e-05,0.005901762,-0.40325797,-0.020918664,-1.9603355e-31,5.760079e-10,-0.6228789,-0.0024675613,-1.0448776e-29,2.6422117e-22,-2.2146637e-29,5.643389e-19,0.00028225032,-1.178349e-07,-5.5396584e-30,0.17497745,6.2806193e-06,-0.0042140447,0.021566704,-0.4633489,8.627325e-29,9.2242775e-26,-0.43283972
261,-0.8083912,-0.002502993,2.7074899e-05,-3.4286247e-29,7.895329e-30,2.9019474e-22,0.14608169,-0.15224482,7.954936e-19,-0.00012988293,0.0081877615,-0.5822574,-0.029077068,-2.1800422e-31,7.884379e-10,-0.90593934,-0.0033713344,-1.2298328e-29,2.7934542e-22,-2.6517774e-29,5.038841e-19,0.00038944118,-1.6399599e-07,-9.553614e-30,0.24881065,8.591325e-06,-0.005827613,0.030040197,-0.6709202,1.3572847e-28,1.0880236e-25,-0.62516767
262,-1.2895421,-0.0037712525,4.0798666e-05,-3.07291e-28,4.071124e-30,3.1569507e-22,0.22536646,-0.23419258,1.0652932e-18,-0.00019868632,0.01241683,-0.92004013,-0.044114623,-2.82582e-31,1.1457617e-09,-1.4489517,-0.005053009,-1.5008375e-29,3.1433977e-22,-2.8840638e-29,5.9468196e-19,0.0005896601,-2.4853887e-07,-1.26207416e-29,0.38528597,1.2884875e-05,-0.008817866,0.04565235,-1.0646952,2.067999e-28,1.4852319e-25,-0.98900044
263,-0.35483903,-0.0012735312,1.3986267e-05,1.4159693e-28,-1.4196863e-29,3.1142556e-24,0.067898996,-0.071406975,5.358987e-19,-6.41565e-05,0.004051964,-0.25921476,-0.014284302,-2.2507752e-31,4.0706194e-10,-0.39673328,-0.0017437558,-8.821144e-30,2.5658247e-22,-1.8502836e-29,6.80926e-19,0.0001968804,-8.241058e-08,4.569348e-31,0.11497883,4.4795333e-06,-0.0029114177,0.014668081,-0.29664895,3.5807196e-29,8.726597e-26,-0.27828458
264,-0.25292408,-0.0009821417,1.059022e-05,2.6432515e-28,-1.7404731e-29,-1.4908843e-23,0.050390065,-0.05328107,4.489917e-19,-4.7705355e-05,0.0030933754,-0.18670097,-0.01090993,-1.747297e-31,2.9771083e-10,-0.2821139,-0.0013558057,-7.822192e-30,2.4038558e-22,-1.5722428e-29,6.6398977e-19,0.00014986724,-5.945966e-08,6.947954e-31,0.0849873,3.3915583e-06,-0.002230935,0.011170376,-0.21262772,2.5734998e-29,8.2146385e-26,-0.20033246
265,-0.14050809,-0.00070598413,7.6854885e-06,3.1270605e-28,-3.2483162e-29,-3.303246e-23,0.0319317,-0.03417166,4.3768556e-19,-3.286988e-05,0.0021539459,-0.10745613,-0.007508355,-1.594365e-31,2.1725419e-10,-0.15559731,-0.0009900978,-6.95242e-30,2.368976e-22,-1.7843551e-29,8.5974894e-19,0.00010684903,-4.146623e-08,4.2151535e-30,0.052964624,2.4837414e-06,-0.0015708399,0.0076351166,-0.12038653,6.4687635e-29,8.305031e-26,-0.1150471
266,0.74171877,0.0015620047,-1.4429475e-05,5.600207e-29,7.265881e-30,-4.5494333e-22,-0.1169001,0.11945991,1.9165514e-19,8.2767714e-05,-0.0055894502,0.51601225,0.020380553,-3.1277812e-31,-2.6503522e-10,0.83718944,0.0019986667,-5.5889784e-30,2.45149e-22,-1.3766541e-29,9.551834e-19,-0.00024042442,8.1002895e-08,2.75627e-29,-0.20209983,-4.259892e-06,0.0038668287,-0.021384496,0.60451454,-2.4184827e-28,-2.13706e-26,0.5551107
267,1.4981828,0.0036083697,-3.606073e-05,2.4868782e-28,5.4442525e-29,-5.9498116e-22,-0.24463172,0.25139672,-2.2784282e-19,0.000191971,-0.012443244,1.0502934,0.04473009,-2.0389471e-31,-8.1132134e-10,1.6895337,0.004706721,-3.1347545e-30,1.9185815e-22,-2.1671722e-30,5.7910015e-19,-0.0005617008,2.1185798e-07,3.5590526e-29,-0.42075408,-1.09950015e-05,0.008707301,-0.046675336,1.225705,-4.941981e-28,-1.1123003e-25,1.1298052
268,2.806856,0.0069991574,-6.9653324e-05,-7.033029e-29,1.1418278e-28,-1.0379076e-21,-0.4652782,0.4792016,-6.029365e-19,0.00036663402,-0.023985727,1.9749092,0.08619156,-2.8039311e-31,-1.5628905e-09,3.162685,0.009177099,-1.1425233e-30,1.7628512e-22,3.9724923e-30,6.7010336e-19,-0.0010837453,4.0182593e-07,6.815088e-29,-0.7989178,-2.1282709e-05,0.016819807,-0.08980291,2.300794,-8.844395e-28,-2.5739318e-25,2.1238465
269,2.2636096,0.0056828978,-5.784072e-05,4.282258e-28,1.0205165e-28,-8.47902e-22,-0.37428105,0.38528487,-6.9131e-19,0.00030204697,-0.019395018,1.5912248,0.069449045,-1.8232505e-31,-1.3603512e-09,2.55169,0.007451365,-3.6878474e-31,1.4881264e-22,1.169691e-29,1.3530059e-19,-0.00088652305,3.4237692e-07,4.362424e-29,-0.642474,-1.7767046e-05,0.01361616,-0.072356015,1.854486,-8.106995e-28,-2.0492688e-25,1.7115115
270,0.6748337,0.0015391959,-1.533881e-05,3.1620207e-29,-4.598537e-30,-3.0984987e-22,-0.108511075,0.11076857,-5.7950774e-20,8.481121e-05,-0.005401675,0.47052377,0.019364648,-2.2424845e-31,-3.5149522e-10,0.7617476,0.001967286,-4.2620807e-30,1.9196915e-22,-1.3823061e-32,3.754562e-19,-0.00024321934,9.378853e-08,2.0028522e-29,-0.18603128,-4.653618e-06,0.0037563525,-0.020313118,0.55057395,-3.257771e-28,2.772226e-26,0.5058743
271,-0.45389408,-0.001469851,1.5680847e-05,-3.3184327e-29,-5.3905443e-29,6.141232e-23,0.08265963,-0.08666669,4.7236604e-19,-7.344542e-05,0.0047440575,-0.3277005,-0.01686155,-2.4331346e-31,4.1284587e-10,-0.508955,-0.0020085878,-7.812567e-30,2.3998126e-22,-1.40984e-29,6.18829e-19,0.00022532922,-8.958868e-08,3.7564135e-31,0.14122418,4.9539117e-06,-0.003394419,0.017339684,-0.3770746,4.9486806e-29,1.4962221e-25,-0.352322
272,-0.34656307,-0.00124225,1.31019815e-05,6.7775015e-29,-6.6072927e-29,1.2060304e-23,0.066470474,-0.069882914,4.792851e-19,-6.122783e-05,0.0039764233,-0.25260186,-0.014037136,-1.0912737e-31,3.174345e-10,-0.38814625,-0.0017009933,-7.1790935e-30,2.6582972e-22,-1.2826507e-29,8.3401716e-19,0.00018995433,-7.1753746e-08,2.6412136e-31,0.11231276,4.1219364e-06,-0.0028539896,0.014404639,-0.28927186,7.008434e-29,1.4986948e-25,-0.2713178
273,0.19224912,6.482878e-05,-9.055839e-09,1.1514283e-28,-1.7634317e-29,-6.0042595e-23,-0.021004502,0.020517703,4.9164565e-19,6.3490625e-06,-0.0004856235,0.12606044,0.0020800577,1.0099232e-31,2.4902955e-11,0.2193473,3.3387216e-05,-7.480661e-30,2.7826237e-22,-1.3640775e-29,1.1102539e-18,-1.1004762e-05,4.3498005e-09,9.582293e-30,-0.039445654,1.0409235e-07,0.0002805742,-0.0023435093,0.1521177,3.2306542e-29,5.471695e-26,0.13644478
274,-0.10033423,-0.0006392499,7.187085e-06,1.8833219e-28,-2.669592e-29,-9.152571e-23,0.025900654,-0.027940728,5.047005e-19,-3.0219006e-05,0.0019052422,-0.079057604,-0.0065417555,-1.1118322e-31,2.0426347e-10,-0.110541515,-0.0008995554,-7.1516805e-30,2.550043e-22,-1.4556573e-29,9.874761e-19,9.7834636e-05,-3.8654136e-08,5.269175e-30,0.042077925,2.3378993e-06,-0.0014002752,0.006625591,-0.087306954,7.2993894e-29,7.109115e-26,-0.084511235
275,-0.28331286,-0.0010898695,1.1960908e-05,1.1611782e-28,-3.3731908e-29,-8.5082233e-23,0.05513754,-0.05815583,5.596704e-19,-5.415331e-05,0.0034184344,-0.20700224,-0.011968854,-1.958888e-31,3.2620556e-10,-0.3171224,-0.0014986212,-7.5379574e-30,2.4870995e-22,-1.5261498e-29,9.772806e-19,0.00016817995,-6.7670385e-08,4.5703574e-30,0.09286401,3.826085e-06,-0.0024679075,0.0122639,-0.23678637,1.0447857e-28,8.928441e-26,-0.22243534
276,0.0395312,-0.00021417672,2.5083386e-06,1.8282716e-28,-3.6929875e-29,-1.233933e-22,0.0013002865,-0.0025431365,3.3386607e-19,-6.608565e-06,0.0005060128,0.019722655,-0.0016534692,-2.475816e-31,8.389041e-11,0.04734379,-0.0003400991,-4.9833065e-30,2.1127662e-22,-1.0628517e-29,8.2219633e-19,2.9662013e-05,-9.771647e-09,6.65642e-30,0.0006731078,8.713722e-07,-0.0004070322,0.0015522097,0.027431868,4.281136e-29,6.8857456e-26,0.021693878
277,0.18780094,0.0001742011,-1.474702e-06,3.1637745e-28,-1.4758024e-29,-1.0596805e-22,-0.023480639,0.02305343,2.77499e-19,1.3726749e-05,-0.0008048981,0.12435438,0.0030267127,-1.4569694e-31,-6.8015316e-12,0.21432287,0.00017338723,-5.8390337e-30,2.1519386e-22,-1.2861926e-29,7.3844285e-19,-3.0743315e-05,1.31457085e-08,8.812332e-30,-0.041886367,-3.5685616e-07,0.00051657506,-0.003311188,0.14917117,-3.5056698e-29,4.537178e-26,0.13427582
278,0.44011295,0.0008238154,-7.98508e-06,2.7777278e-28,1.3783553e-29,-1.7464791e-22,-0.065363914,0.06624311,1.6659557e-19,4.7328376e-05,-0.0030015702,0.30167198,0.010896719,-1.5707539e-31,-1.4582063e-10,0.49897626,0.0010304267,-5.8256612e-30,2.103016e-22,-1.0201288e-29,5.601865e-19,-0.00013199466,5.0845355e-08,1.2284378e-29,-0.1137244,-2.376263e-06,0.0020633752,-0.011497947,0.35581064,-1.5944507e-28,5.1327974e-27,0.32512122
279,2.0410647,0.0051013553,-5.2245945e-05,4.654369e-28,9.225794e-29,-5.9458004e-22,-0.3362315,0.34603575,-5.640806e-19,0.00027289888,-0.017413095,1.4335155,0.062297933,-3.7696729e-32,-1.2334807e-09,2.301607,0.0066846143,-1.2596684e-30,1.3496007e-22,7.415676e-30,2.0737728e-19,-0.00079815835,3.1230394e-07,3.8685682e-29,-0.5775193,-1.6064414e-05,0.012223667,-0.06491052,1.6713207,-6.5498937e-28,-1.7382631e-25,1.5421543
280,1.9478571,0.0048408764,-4.9247174e-05,4.681156e-28,8.6981075e-29,-7.616155e-22,-0.3207384,0.3300025,-5.515447e-19,0.00025797394,-0.016551422,1.3679829,0.05929614,-1.856016e-31,-1.1551062e-09,2.1961849,0.006340282,-1.134852e-30,1.6214093e-22,7.920194e-30,2.1814635e-19,-0.000755634,2.921682e-07,3.7532255e-29,-0.5509048,-1.511262e-05,0.011612979,-0.06180041,1.5950197,-7.0141767e-28,-1.7285224e-25,1.47151
281,0.8151618,0.0018434764,-1.8558569e-05,4.7782736e-28,2.7375382e-29,-4.741377e-22,-0.12961246,0.1326279,-8.5412085e-20,0.00010077009,-0.0064287386,0.56780106,0.02313105,-2.3986705e-31,-4.2270853e-10,0.92055535,0.0023813567,-3.7857497e-30,2.0866782e-22,-2.983109e-30,4.336831e-19,-0.00028957226,1.1229238e-07,1.6953534e-29,-0.22351873,-5.6327835e-06,0.004481596,-0.024209086,0.6646624,-3.5316098e-28,-4.4424406e-26,0.6110332
282,0.08984816,-8.534279e-05,1.615982e-06,2.2247555e-28,9.579073e-30,-1.2302055e-22,-0.0072380193,0.0062032193,3.2054216e-19,-1.3171302e-06,5.4463977e-05,0.055103093,-3.0480325e-05,-1.9162568e-31,9.9145275e-11,0.1040459,-0.00017222826,-7.4267086e-30,2.3329528e-22,-1.2802129e-29,5.5585053e-19,1.1346092e-05,-8.575352e-09,7.061628e-30,-0.013722144,6.409558e-07,-9.197567e-05,-0.00014207605,0.068702005,-1.076259e-28,3.4117377e-26,0.059722923
283,-0.27588105,-0.0010420901,1.1394908e-05,2.1831456e-28,8.027968e-31,-2.0770739e-23,0.054361463,-0.057430174,4.4967704e-19,-5.149423e-05,0.0032933247,-0.20335436,-0.011633601,-2.0566651e-31,3.3690237e-10,-0.30767816,-0.0014359199,-8.539754e-30,2.4577245e-22,-1.4863909e-29,5.0721867e-19,0.00015988962,-6.608276e-08,-8.002359e-31,0.09195597,3.663469e-06,-0.0023719608,0.011920088,-0.23176956,-2.6987087e-29,6.8908134e-26,-0.21819356
284,-0.1304284,-0.0006686287,7.30938e-06,3.1050228e-28,-2.1434932e-29,-4.811409e-23,0.030070499,-0.032272443,4.0707104e-19,-3.101609e-05,0.002034636,-0.100365505,-0.007107608,-1.705567e-31,2.1247096e-10,-0.14414734,-0.0009406962,-7.1243e-30,2.3582422e-22,-1.5988273e-29,7.345738e-19,0.00010099071,-3.964164e-08,3.1834934e-30,0.04995376,2.3709124e-06,-0.0014851906,0.0072192643,-0.112136506,2.0139865e-29,7.38458e-26,-0.107428424
285,-0.06250098,-0.0004901942,5.400483e-06,3.300743e-28,-1.687125e-29,-2.46393e-23,0.018972773,-0.020807702,3.7767692e-19,-2.1361531e-05,0.0014389851,-0.052847285,-0.004996557,-1.4705224e-31,1.6777674e-10,-0.06735641,-0.0007044682,-6.988194e-30,2.2965314e-22,-1.5977521e-29,7.0218246e-19,7.280278e-05,-2.8085505e-08,3.517338e-30,0.030853014,1.7774628e-06,-0.001064095,0.005027823,-0.056660227,1.2178558e-29,6.657755e-26,-0.056206916
286,0.44685274,0.00089772645,-9.4249535e-06,5.302239e-28,1.2888353e-29,-1.5115696e-22,-0.067257375,0.0682769,6.5080735e-20,5.306776e-05,-0.0031989706,0.30724543,0.011465433,-7.3665175e-32,-2.1918828e-10,0.50640416,0.0011339674,-4.938338e-30,1.917961e-22,-6.742076e-30,4.329367e-19,-0.00014561837,6.265769e-08,7.93182e-30,-0.11673274,-2.8531342e-06,0.0022136704,-0.012066732,0.36182705,-1.6506565e-28,5.3666824e-27,0.3310783
287,2.0374918,0.0051048845,-5.2411073e-05,5.5561037e-28,9.881304e-29,-6.541927e-22,-0.335928,0.34572676,-6.048787e-19,0.00027328104,-0.017412735,1.4313835,0.062276646,-4.9756936e-32,-1.2472344e-09,2.297436,0.006691683,-1.0229964e-30,1.353621e-22,9.851568e-30,1.2683905e-19,-0.00079905294,3.1398835e-07,3.6816378e-29,-0.576917,-1.6125796e-05,0.012226212,-0.064883664,1.6686361,-6.900197e-28,-1.8359552e-25,1.5398027
288,0.9592129,0.0022287068,-2.2230974e-05,3.8912247e-28,6.422171e-29,-4.7194526e-22,-0.15526421,0.15913422,-2.5726713e-20,0.00012021522,-0.007766807,0.67168266,0.02793935,-9.7408327e-32,-4.981902e-10,1.0819138,0.0028892336,-5.267729e-30,1.9841517e-22,-1.4206562e-30,5.1035203e-19,-0.00034847966,1.334262e-07,2.3541794e-29,-0.26731494,-6.7461215e-06,0.0054174177,-0.029205333,0.7843629,-3.7473428e-28,-8.6395085e-26,0.7223525
289,0.40761137,0.00075239915,-6.0533566e-06,4.128758e-29,5.360916e-29,-4.8215017e-22,-0.063829586,0.064611524,2.9646445e-19,3.9539376e-05,-0.0028563053,0.28378576,0.010528791,-2.3905248e-31,-6.632758e-11,0.45953098,0.0009306086,-8.262405e-30,2.5035396e-22,-5.9343183e-30,6.632191e-19,-0.0001143639,3.2140203e-08,2.0765485e-29,-0.11008092,-1.6672286e-06,0.0019426153,-0.0111362925,0.3325319,-2.979207e-28,-3.8197915e-26,0.30461904
290,-1.7588665,-0.0049839364,5.4121032e-05,-6.058002e-28,-3.4884453e-29,4.224732e-23,0.29867226,-0.30987108,1.3849756e-18,-0.00026538805,0.016404988,-1.2434577,-0.058151353,-3.6340417e-31,1.4355873e-09,-1.982106,-0.0066621164,-1.6604975e-29,3.593596e-22,-2.6550362e-29,1.2003772e-18,0.0007829368,-3.2832466e-07,-5.4069302e-30,0.51199484,1.7026008e-05,-0.011649912,0.06021313,-1.4447541,3.0531414e-28,2.0378347e-25,-1.338679
291,-1.5472578,-0.0044362172,4.8178532e-05,-4.6648305e-28,-2.6619858e-29,7.70848e-23,0.2646243,-0.27469003,1.2667261e-18,-0.00023557214,0.014585188,-1.0960002,-0.051693436,-3.3158794e-31,1.2917228e-09,-1.7426866,-0.0059352377,-1.5626839e-29,3.4385874e-22,-2.685717e-29,1.0970337e-18,0.00069631205,-2.9221448e-07,-5.7095e-30,0.45320868,1.5173842e-05,-0.010361651,0.0535109,-1.2722989,2.7508166e-28,1.8113057e-25,-1.179605
292,-0.604322,-0.0018912784,2.029751e-05,-1.4199499e-28,-4.0702904e-29,2.1210447e-23,0.107993364,-0.112836376,5.7073074e-19,-9.67166e-05,0.0061391336,-0.43340176,-0.021773707,-2.728898e-31,5.377001e-10,-0.67863953,-0.002563067,-8.397453e-30,2.7171369e-22,-1.2637378e-29,6.564257e-19,0.00029271995,-1.1851948e-07,-5.338775e-30,0.18440527,6.408647e-06,-0.004382343,0.022444217,-0.5002381,6.092987e-29,1.4596961e-25,-0.46610805
293,0.27737194,0.00043250032,-4.515661e-06,2.8753903e-28,2.4137168e-30,-1.6889374e-22,-0.038412075,0.03846607,9.656889e-20,2.7930935e-05,-0.001637659,0.1873611,0.0059321327,-1.7004385e-31,-9.778503e-11,0.3156064,0.0005205653,-4.1450966e-30,2.2992834e-22,-2.723104e-30,4.1151284e-19,-7.213797e-05,3.2603577e-08,-1.8169471e-30,-0.067449965,-1.3264664e-06,0.0011116203,-0.0063206116,0.22252831,-1.5573739e-28,3.6213837e-26,0.20214483
294,0.29303792,0.00046356983,-4.8317834e-06,1.6369727e-28,1.7529844e-30,-1.2058939e-22,-0.040263977,0.040357593,6.8698436e-20,2.9555104e-05,-0.0017369143,0.197291,0.006277538,-1.9491156e-31,-9.6131325e-11,0.33388326,0.0005613923,-3.6697508e-30,2.3767417e-22,-1.5160439e-30,3.3071973e-19,-7.7016135e-05,3.3837804e-08,-5.4747433e-30,-0.07075102,-1.4196896e-06,0.0011825487,-0.006680957,0.23464099,-1.6540806e-28,4.508992e-26,0.21304488
295,-0.38051602,-0.001341441,1.44687665e-05,1.3230354e-28,5.8199978e-30,1.5663519e-22,0.07379484,-0.07752979,5.008896e-19,-6.703932e-05,0.0043140575,-0.27972764,-0.015311101,-1.9086548e-31,4.3737836e-10,-0.4241152,-0.0018315068,-9.1437195e-30,2.5224202e-22,-1.8061613e-29,3.9656398e-19,0.00020610819,-8.531741e-08,-7.120232e-30,0.12490571,4.6294617e-06,-0.0030889264,0.015745047,-0.31934363,2.1957166e-29,8.189142e-26,-0.29979178
296,-0.77661675,-0.002417641,2.6158054e-05,-1.7525698e-29,5.846729e-30,2.7201812e-22,0.14062148,-0.14659603,7.798575e-19,-0.00012529011,0.007900415,-0.55961645,-0.028047908,-2.1506697e-31,7.610767e-10,-0.87027276,-0.0032582206,-1.2043969e-29,2.7752965e-22,-2.609608e-29,5.265642e-19,0.0003760489,-1.5819421e-07,-8.799134e-30,0.23944238,8.302545e-06,-0.0056250477,0.028971046,-0.64469355,1.3285272e-28,1.0745293e-25,-0.6008533
297,0.12913674,-4.1194784e-05,1.8757983e-06,-1.3836868e-29,1.4660754e-29,-8.1310146e-23,-0.012494553,0.011574086,4.197099e-19,-8.3456325e-07,-0.00014447886,0.08113919,0.0007925881,-2.510762e-31,1.5771125e-10,0.14890546,-0.00011954078,-8.482996e-30,2.5359162e-22,-1.8819483e-29,6.684364e-19,7.4048803e-06,-1.5310171e-08,1.09477276e-29,-0.023076445,7.8972266e-07,3.7815655e-05,-0.0010150196,0.0998996,-9.55936e-29,3.0266873e-26,0.08795575
298,-0.44587365,-0.0015256151,1.6732167e-05,8.30533e-29,-1.9958973e-29,3.3627985e-23,0.08333412,-0.08735413,6.062876e-19,-7.77984e-05,0.00488919,-0.32357717,-0.017246228,-2.3553535e-31,4.8163246e-10,-0.4992947,-0.0020782142,-9.3039885e-30,2.6419754e-22,-2.0731501e-29,7.547085e-19,0.00023675556,-9.948178e-08,2.714429e-31,0.14137605,5.341293e-06,-0.0035042027,0.017742457,-0.37144256,7.473256e-29,9.902359e-26,-0.34751305
299,0.16320583,6.1998726e-05,3.3769265e-07,1.2420896e-28,-2.189739e-29,-1.9150019e-22,-0.019129641,0.018527001,3.613464e-19,5.8342303e-06,-0.0004795154,0.10703331,0.0020097448,-2.4469396e-31,6.354477e-11,0.18619055,2.1287473e-05,-6.240935e-30,2.5093102e-22,-1.59111e-29,9.213245e-19,-9.996453e-06,-1.7838282e-09,1.13420414e-29,-0.03462582,2.5449162e-07,0.0002760319,-0.002273351,0.12908402,-4.3031516e-29,5.2763405e-26,0.11550348
300,-0.32651585,-0.0012032319,1.3373718e-05,9.352506e-29,-2.968993e-29,-5.728155e-23,0.062583216,-0.065903425,5.431523e-19,-6.0775725e-05,0.003798607,-0.23836888,-0.013331357,-2.535033e-31,3.840055e-10,-0.36544603,-0.0016524633,-8.3490214e-30,2.605116e-22,-1.8672303e-29,8.302056e-19,0.0001865884,-7.888208e-08,3.853249e-30,0.10591102,4.289335e-06,-0.002736621,0.013670927,-0.27281207,4.7202725e-29,9.7337085e-26,-0.25608304
301,0.42724532,0.00078686484,-7.4279587e-06,2.7888833e-28,-2.8327992e-30,-2.216329e-22,-0.063873425,0.06475294,2.1471797e-19,4.4880926e-05,-0.002899454,0.29366094,0.010580462,-1.7213289e-31,-1.3671486e-10,0.4836764,0.0009808193,-5.6843066e-30,2.2144623e-22,-1.2733063e-29,7.7690364e-19,-0.00012439876,4.5939398e-08,1.5400819e-29,-0.11114975,-2.1710396e-06,0.0019868175,-0.011171809,0.34598845,-1.2405697e-28,1.6471705e-26,0.31624678
302,1.6396611,0.003938321,-3.857287e-05,1.9532083e-29,6.891265e-29,-7.290147e-22,-0.26853433,0.276016,-1.8594255e-19,0.00020672998,-0.013620576,1.1503268,0.04908037,-3.0814757e-31,-8.27717e-10,1.8484648,0.0051367125,-3.9281715e-30,2.1522642e-22,-3.873698e-30,6.7897415e-19,-0.0006090796,2.2089077e-07,4.3377738e-29,-0.461691,-1.1698387e-05,0.009523791,-0.051219177,1.3420433,-5.718929e-28,-1.3692525e-25,1.237184
303,2.6464326,0.006692677,-6.837107e-05,4.2527335e-28,1.2200203e-28,-7.8311017e-22,-0.43839636,0.45153305,-7.9446934e-19,0.00035585344,-0.022800686,1.861261,0.081583515,-3.9964845e-32,-1.6124575e-09,2.983209,0.00878544,9.397259e-32,1.17074e-22,1.2541024e-29,1.4370309e-19,-0.0010447496,4.0577743e-07,5.093724e-29,-0.75254875,-2.1032798e-05,0.016016383,-0.08496148,2.168628,-8.447923e-28,-2.426933e-25,2.002076
304,2.2331417,0.0055999267,-5.6779536e-05,3.2802034e-28,1.0332453e-28,-8.408045e-22,-0.36926273,0.38006985,-6.6780276e-19,0.00029709865,-0.019125737,1.5696183,0.068499155,-2.1181397e-31,-1.3216302e-09,2.5173867,0.007339159,-8.026832e-31,1.5430033e-22,1.1324811e-29,1.0975198e-19,-0.00087287056,3.346246e-07,4.4133154e-29,-0.63371676,-1.742145e-05,0.0134241115,-0.07137533,1.8294153,-8.225821e-28,-2.0024482e-25,1.6882333
305,0.50300056,0.0010730748,-1.0577674e-05,4.7964274e-29,1.7444914e-29,-1.1309544e-22,-0.07813169,0.07936923,4.04801e-20,6.0547285e-05,-0.0038166828,0.34722966,0.013648822,-1.5479872e-31,-2.0794211e-10,0.5694909,0.0013527654,-5.9341926e-30,1.9171193e-22,-3.8274186e-30,2.2103445e-19,-0.00017124153,6.493819e-08,1.3488094e-29,-0.13424224,-3.163511e-06,0.0026426872,-0.014363353,0.40815464,-2.7178668e-28,2.4447064e-26,0.37375236
306,-0.568541,-0.001774505,1.8854174e-05,-1.5666513e-28,-5.4900276e-29,1.02045204e-22,0.102433786,-0.107139945,4.9313587e-19,-8.984342e-05,0.0057811704,-0.40933233,-0.020587534,-2.291319e-31,4.910842e-10,-0.6378117,-0.0024120193,-8.4781806e-30,2.5821543e-22,-1.1741047e-29,4.7899904e-19,0.00027287152,-1.08756765e-07,-3.6267856e-30,0.17515852,5.933549e-06,-0.00412379,0.021205015,-0.47162148,2.1842931e-29,1.7035183e-25,-0.44003057
307,-0.4598531,-0.0015795489,1.6891332e-05,2.01141e-29,-3.5132278e-29,1.3840649e-22,0.08741777,-0.09157431,5.8483463e-19,-7.9844285e-05,0.005104356,-0.334992,-0.018056452,-9.190343e-32,4.5719747e-10,-0.5144281,-0.0021465844,-9.1540804e-30,2.807106e-22,-1.7137687e-29,6.838622e-19,0.0002436252,-9.747731e-08,-4.3860602e-30,0.14781116,5.343294e-06,-0.0036501037,0.018582454,-0.3838595,7.743685e-29,1.3191328e-25,-0.35942888
308,0.10196227,-0.00015970733,1.9303452e-06,2.6176785e-28,-3.0830557e-29,-4.6629423e-23,-0.005232077,0.004227262,4.221983e-19,-4.5607685e-06,0.00031110027,0.061412856,-0.0008245711,8.663612e-32,5.1593396e-11,0.11804786,-0.00026086473,-6.9594554e-30,2.8555023e-22,-1.3230204e-29,9.620125e-19,2.2487133e-05,-5.542166e-09,3.795726e-30,-0.0124323815,6.7177007e-07,-0.0002733008,0.000679235,0.077398814,1.0172022e-29,7.7167304e-26,0.0671219
309,-0.42085192,-0.0014879177,1.6306461e-05,8.461494e-29,-3.3723575e-29,-6.0454185e-23,0.07888174,-0.082690075,6.7331013e-19,-7.614234e-05,0.0047385204,-0.3040884,-0.016609443,-1.0944988e-31,4.339285e-10,-0.4724083,-0.002024632,-9.207472e-30,2.8763893e-22,-1.806186e-29,1.0621972e-18,0.00023166378,-9.45483e-08,3.1796475e-30,0.1331686,5.1814563e-06,-0.0034033428,0.017076297,-0.3495973,1.0732355e-28,1.0613542e-25,-0.32688135
310,-0.15034863,-0.0007144114,7.763607e-06,2.0635598e-28,-4.211007e-29,-6.311462e-23,0.032966334,-0.035258163,4.1209158e-19,-3.3291675e-05,0.0021868532,-0.11398435,-0.007646666,-2.1525537e-31,2.1344791e-10,-0.16684714,-0.0010029298,-6.3357746e-30,2.3077208e-22,-1.4675862e-29,8.2991486e-19,0.0001079654,-4.1637616e-08,4.509944e-30,0.055066004,2.5018703e-06,-0.0015933098,0.007775568,-0.12821077,5.811632e-29,9.4225257e-26,-0.122207105
311,-0.09029763,-0.00056545646,6.3620273e-06,1.9268059e-28,-3.7678984e-29,-6.297797e-23,0.022919118,-0.024884123,4.1535634e-19,-2.580454e-05,0.0016723769,-0.07156776,-0.005783806,-1.9539696e-31,1.8681659e-10,-0.09929025,-0.00080721255,-6.639202e-30,2.3370437e-22,-1.6040505e-29,8.627327e-19,8.533485e-05,-3.420492e-08,6.773572e-30,0.03778916,2.0790112e-06,-0.0012333011,0.0058360794,-0.07887265,4.3621037e-29,8.778594e-26,-0.07660356
312,-0.113341644,-0.0007140231,7.540316e-06,2.706273e-28,-3.3868525e-29,-7.1983854e-23,0.029526236,-0.031814136,4.1721964e-19,-3.265162e-05,0.0021802743,-0.0898553,-0.0074546332,-1.5548058e-31,1.9430199e-10,-0.124136075,-0.0010008947,-6.49854e-30,2.2867886e-22,-1.5545881e-29,8.67658e-19,0.00010261459,-3.2063237e-08,4.4512826e-30,0.047844846,2.2552672e-06,-0.0015919525,0.007557774,-0.09911868,6.700219e-29,8.109881e-26,-0.09571377
313,1.1689202,0.0025454017,-2.5686584e-05,2.469475e-28,4.1118993e-29,-5.501876e-22,-0.18379824,0.18828005,-1.0804933e-19,0.00013760943,-0.008856934,0.8138868,0.032266267,-1.4756944e-31,-6.0488364e-10,1.3207314,0.0033025367,-3.911925e-30,1.974873e-22,-3.4042753e-30,6.3653363e-19,-0.00040914104,1.7056882e-07,2.8771904e-29,-0.3189732,-8.216498e-06,0.0061743753,-0.033770144,0.9527851,-3.9318763e-28,-7.619922e-26,0.87657756
314,1.348702,0.0032228767,-3.2403943e-05,4.088928e-28,5.329744e-29,-6.802447e-22,-0.21928282,0.22519077,-2.7663324e-19,0.00017225533,-0.011111241,0.9445557,0.039951194,-2.710309e-31,-7.4418505e-10,1.5213106,0.0042014606,-2.6770317e-30,1.9996715e-22,1.1886358e-30,4.0812786e-19,-0.0005033909,1.9280014e-07,2.8597312e-29,-0.3773246,-9.915463e-06,0.0077749817,-0.041705,1.1028268,-5.2999864e-28,-1.0642611e-25,1.0161535
315,0.5446968,0.0011119323,-1.043892e-05,2.9257033e-28,2.3049039e-29,-5.001088e-22,-0.0847749,0.086273074,8.874896e-20,6.047919e-05,-0.0040044365,0.37768203,0.014559782,-3.2210142e-31,-2.0199264e-10,0.6152873,0.0014105153,-5.38014e-30,2.3898939e-22,-5.7118448e-30,5.4266124e-19,-0.00017302917,6.087116e-08,1.6276705e-29,-0.14645568,-3.075583e-06,0.0027642709,-0.015315884,0.44318035,-3.162835e-28,-2.3246276e-26,0.4062586
316,0.49514198,0.0009870965,-9.210089e-06,2.1071693e-28,2.2865438e-29,-3.599245e-22,-0.07621463,0.07742353,1.2833692e-19,5.4288645e-05,-0.0035775579,0.3421653,0.012990725,-2.6168277e-31,-1.647287e-10,0.55990064,0.0012436579,-5.9745394e-30,2.2941251e-22,-7.248067e-30,5.110309e-19,-0.00015436599,5.3965795e-08,1.551279e-29,-0.13171923,-2.697426e-06,0.002464487,-0.013683948,0.40211675,-2.7324853e-28,-9.86902e-27,0.36818802
317,0.38698816,0.0007295766,-7.3329047e-06,4.625049e-28,4.928226e-30,-2.9124013e-22,-0.057755787,0.058433335,8.6955656e-20,4.2967415e-05,-0.00265592,0.26568443,0.009601749,-1.9417653e-31,-1.629133e-10,0.4383364,0.00090978714,-4.8926855e-30,2.132741e-22,-6.248308e-30,4.892118e-19,-0.000117479,4.8002075e-08,9.1367456e-30,-0.10027575,-2.1823232e-06,0.001825839,-0.0101421205,0.31318268,-2.0173591e-28,1.055364e-26,0.28611618
318,0.73520607,0.0016515574,-1.6890966e-05,5.2930275e-28,3.146143e-29,-3.6328996e-22,-0.11595228,0.1185274,-8.335799e-20,9.163072e-05,-0.0057545253,0.51090527,0.02064297,-1.7591809e-31,-3.8861492e-10,0.8309729,0.0021294046,-4.068058e-30,1.9718256e-22,-2.6367982e-30,3.1877008e-19,-0.00026134326,1.0421877e-07,1.2890499e-29,-0.20006055,-5.1376282e-06,0.0040121395,-0.02161353,0.5986769,-3.2460338e-28,-3.7293966e-26,0.5500062
319,0.36832416,0.0006825558,-7.0347214e-06,5.351254e-28,9.195277e-30,-2.4399233e-22,-0.054076117,0.05464035,7.453802e-20,4.105233e-05,-0.0024803602,0.2518146,0.008938233,-1.6867084e-31,-1.573775e-10,0.41777578,0.0008496465,-4.8901614e-30,2.0860764e-22,-6.507385e-30,4.1956777e-19,-0.00011101511,4.706642e-08,6.4671366e-30,-0.094097964,-2.0996165e-06,0.0017057918,-0.009445711,0.29738495,-1.9196728e-28,8.13392e-27,0.27139407
320,-0.1808629,-0.0008075106,8.793959e-06,2.8796074e-28,-1.2206603e-29,1.3031701e-23,0.03919979,-0.04172829,4.2758455e-19,-3.843824e-05,0.0025074508,-0.13698941,-0.0088158185,-1.7195634e-31,2.6454236e-10,-0.2003579,-0.0011245603,-7.724016e-30,2.3823708e-22,-1.7164324e-29,6.3465665e-19,0.00012264735,-4.9402516e-08,7.514298e-31,0.06555724,2.8433294e-06,-0.0018173,0.008995317,-0.15422225,1.922583e-29,7.225181e-26,-0.14661136
321,0.2728481,0.0003941799,-3.4876493e-06,2.757107e-28,1.7905247e-29,-9.046009e-23,-0.037220012,0.037176017,2.349273e-19,2.4515793e-05,-0.0015482306,0.18323736,0.0056619756,-1.5208722e-31,-2.2500724e-11,0.31080174,0.0004624843,-6.863337e-30,2.195318e-22,-1.25734886e-29,4.861442e-19,-6.419198e-05,2.2172298e-08,8.269069e-30,-0.06531005,-9.4546294e-07,0.0010405555,-0.0060531367,0.21824357,-1.3513504e-28,1.6596943e-26,0.19780105
322,0.87922,0.0020036534,-2.0013687e-05,3.4101462e-28,5.357096e-29,-3.011971e-22,-0.1402014,0.1435561,-1.2221594e-22,0.0001089483,-0.006989784,0.612818,0.025121167,-9.458127e-32,-4.293786e-10,0.99308026,0.0025903794,-5.4426566e-30,1.9487398e-22,-5.5651837e-30,4.459952e-19,-0.00031435507,1.2000645e-07,2.006643e-29,-0.24173173,-6.058547e-06,0.00487314,-0.026275847,0.71709734,-3.168281e-28,-6.213098e-26,0.65954113
323,2.0040286,0.0049839383,-5.0577888e-05,4.148447e-28,1.00470926e-28,-7.288232e-22,-0.33038318,0.33996508,-5.164888e-19,0.0002651714,-0.01705035,1.4080197,0.061091922,-1.2662819e-31,-1.1764307e-09,2.2593377,0.0065283664,-1.81076e-30,1.578985e-22,7.34435e-30,2.5607516e-19,-0.0007774545,2.9948816e-07,4.0131716e-29,-0.5674542,-1.551089e-05,0.011961479,-0.06366707,1.6413878,-6.9755916e-28,-1.8712382e-25,1.5145077
324,0.44771707,0.0008555038,-7.6231827e-06,1.298343e-28,2.253939e-29,-3.535655e-22,-0.06946324,0.07049012,2.594873e-19,4.6758618e-05,-0.0031735268,0.31082064,0.011614914,-1.798941e-31,-1.2867879e-10,0.5053625,0.0010683977,-6.917274e-30,2.3158053e-22,-8.8370784e-30,7.796988e-19,-0.00013279886,4.4760252e-08,2.0149663e-29,-0.12014424,-2.1972444e-06,0.0021717113,-0.012257024,0.36459574,-2.0279337e-28,-8.995393e-27,0.33405367
325,-0.25254077,-0.0010210386,1.2235937e-05,-1.0454735e-28,-5.214052e-30,-1.7664273e-22,0.048228346,-0.05109401,6.539571e-19,-5.3437605e-05,0.0031123732,-0.18330278,-0.010756249,-2.2968948e-31,3.7942632e-10,-0.2836839,-0.0014159547,-9.9156744e-30,2.7348942e-22,-1.793916e-29,1.0255354e-18,0.00016157051,-7.540627e-08,1.2659912e-29,0.08159612,3.989583e-06,-0.00226725,0.010980567,-0.21016216,1.0489451e-29,6.607387e-26,-0.19753176
326,-0.5995802,-0.0019286443,2.1574542e-05,-2.118761e-28,-3.2414382e-29,-5.729188e-23,0.106322244,-0.111101985,7.950562e-19,-0.00010107836,0.006175159,-0.42817658,-0.021711698,-2.4828185e-31,6.0192185e-10,-0.6746625,-0.0026177838,-1.069717e-29,2.8381393e-22,-2.0895962e-29,1.0975078e-18,0.0003025845,-1.3021217e-07,7.9317514e-30,0.18136677,6.872363e-06,-0.0044258917,0.02236256,-0.4950246,1.2107828e-28,1.2109111e-25,-0.46096197
327,-0.069332354,-0.0005063268,5.650039e-06,2.6066032e-28,-2.2347823e-29,-7.1038717e-23,0.01935175,-0.02118628,3.965643e-19,-2.2534143e-05,0.0014787195,-0.05649206,-0.0051054945,-1.5067762e-31,1.6608152e-10,-0.0757024,-0.0007262457,-6.7912465e-30,2.361102e-22,-1.44485e-29,7.9843407e-19,7.586326e-05,-2.940001e-08,4.5565498e-30,0.03159014,1.8533244e-06,-0.0010952238,0.005137746,-0.061486162,1.8454977e-29,7.232544e-26,-0.060387
328,0.35895634,0.00063992495,-6.648559e-06,1.5941197e-28,-1.1863193e-29,-1.4506197e-22,-0.051982198,0.05248927,7.1011207e-20,3.893866e-05,-0.0023426646,0.24479447,0.0084665315,-1.728143e-31,-1.5277837e-10,0.40752998,0.0007930446,-3.2954166e-30,2.3025848e-22,-2.205271e-30,4.922641e-19,-0.00010447276,4.5419743e-08,-6.196988e-31,-0.09079216,-1.991735e-06,0.0016068092,-0.008959132,0.28940862,-1.4066022e-28,5.1146117e-26,0.26393104
329,0.31729794,0.00054449326,-5.8066416e-06,3.2167855e-28,6.6425655e-30,-1.3618378e-22,-0.04469723,0.044947665,4.795016e-20,3.4260822e-05,-0.0019979714,0.21476893,0.007176415,-1.6321651e-31,-1.2793272e-10,0.361065,0.0006690463,-3.965114e-30,2.225236e-22,-2.2323123e-30,3.0076582e-19,-9.0350375e-05,4.059272e-08,-3.0320434e-30,-0.07821288,-1.7325472e-06,0.001369138,-0.0076104114,0.25478128,-1.7593878e-28,3.2510064e-26,0.23180038
330,-0.29717776,-0.0011294497,1.2267746e-05,8.090998e-29,-6.487856e-30,1.0467447e-22,0.059592742,-0.06283439,4.714546e-19,-5.5874483e-05,0.003590384,-0.22034565,-0.0126873115,-2.026414e-31,3.7161538e-10,-0.3306268,-0.0015509087,-8.1011324e-30,2.5689148e-22,-1.6524557e-29,5.193942e-19,0.00017332903,-7.168889e-08,-5.873805e-30,0.10042555,3.939124e-06,-0.0025810222,0.013015897,-0.2505467,2.7009034e-29,8.7647716e-26,-0.23603815
331,0.55794954,0.0010881785,-9.594047e-06,-4.6405113e-29,3.8722943e-29,-1.8957147e-22,-0.084778145,0.08621222,2.5588362e-19,5.8140602e-05,-0.00396481,0.3839643,0.014453904,-2.387242e-31,-1.0979315e-10,0.63185775,0.0013713997,-7.652397e-30,2.3840235e-22,-1.5202885e-29,5.934892e-19,-0.00016781638,5.125929e-08,1.9215361e-29,-0.14690185,-2.7447302e-06,0.0027279414,-0.015217303,0.45204887,-2.29589e-28,-1.947721e-26,0.41360393
332,0.2083661,0.00018495828,-8.0960126e-07,9.4071206e-29,4.681111e-30,-9.96621e-23,-0.026257087,0.02584033,3.599847e-19,1.2100983e-05,-0.00089024985,0.13784899,0.0034275046,-2.0177285e-31,6.365049e-11,0.23780134,0.00018179964,-7.4731476e-30,2.3977638e-22,-1.6980777e-29,7.3007436e-19,-2.9223702e-05,3.4623078e-09,1.1934823e-29,-0.046698786,-7.791664e-08,0.0005667133,-0.0037459387,0.16544208,-8.149252e-29,3.1779557e-26,0.1488615
333,1.3312186,0.0030822,-2.958192e-05,-2.537985e-28,2.8198e-29,-6.1841843e-22,-0.21583791,0.22160943,-7.535977e-21,0.00016124155,-0.010759018,0.93204385,0.038947657,-3.613511e-31,-6.074889e-10,1.5011129,0.0040041376,-3.667088e-30,2.511883e-22,-7.479299e-30,9.620964e-19,-0.00047470254,1.671414e-07,3.652145e-29,-0.3718421,-8.9091045e-06,0.007501075,-0.04069699,1.0884731,-4.129248e-28,-7.0177103e-26,1.0024908
334,-0.37694478,-0.0013337175,1.4915999e-05,-1.2928823e-28,-3.4657043e-29,-1.417106e-23,0.07075683,-0.07438333,5.66591e-19,-6.819022e-05,0.004228054,-0.27392203,-0.014863346,-2.8182362e-31,4.3256626e-10,-0.4222533,-0.0018286443,-8.531179e-30,2.6860166e-22,-1.7537557e-29,7.9861217e-19,0.00020748278,-8.926932e-08,2.962698e-30,0.12017997,4.7793064e-06,-0.0030418376,0.0152542805,-0.31418714,4.4415887e-29,1.1745074e-25,-0.29440698
335,-0.26157153,-0.0010460949,1.2013333e-05,-8.8064856e-29,-2.4360241e-29,-3.103153e-23,0.051762532,-0.054750435,5.584737e-19,-5.3192376e-05,0.0032480443,-0.19267824,-0.011333476,-2.5261578e-31,3.6845088e-10,-0.29221374,-0.0014474228,-8.520695e-30,2.664842e-22,-1.8410432e-29,8.503123e-19,0.00016309545,-7.2463656e-08,5.2425747e-30,0.08735016,3.8901603e-06,-0.002352945,0.011587642,-0.21958527,3.6357805e-29,9.592093e-26,-0.20695159
336,-0.752852,-0.0023377487,2.616492e-05,-3.4687503e-28,-9.403323e-30,-1.6900452e-23,0.1329901,-0.13876218,8.146909e-19,-0.00012380652,0.007558851,-0.5384023,-0.026684187,-3.5885252e-31,7.5864676e-10,-0.84620214,-0.0031615426,-1.2125847e-29,3.0213867e-22,-2.1121681e-29,7.5160836e-19,0.0003675213,-1.616736e-07,1.9872118e-30,0.22737688,8.34103e-06,-0.005399895,0.027522337,-0.62219304,4.3938713e-29,1.1879695e-25,-0.5792182
337,0.9360931,0.002146778,-2.1348362e-05,2.1385762e-28,3.938864e-29,-2.7308996e-22,-0.14983532,0.15349962,6.83047e-21,0.0001162587,-0.0074861017,0.6529306,0.026917651,-1.0155542e-31,-4.5768744e-10,1.0570477,0.0027757806,-5.2136763e-30,1.9234567e-22,-6.988482e-30,5.4725204e-19,-0.0003362747,1.2729393e-07,2.3863082e-29,-0.25818962,-6.4659425e-06,0.005219524,-0.028151441,0.76377964,-2.977729e-28,-4.7306115e-26,0.7026373
338,1.6975679,0.004154701,-4.1653002e-05,2.8766537e-28,9.555033e-29,-6.7437237e-22,-0.27843517,0.28626266,-3.5872517e-19,0.00022040374,-0.014273632,1.1909944,0.051216595,-2.0247002e-31,-9.333894e-10,1.9143747,0.0054298555,-3.304627e-30,1.8383296e-22,3.317291e-30,2.668024e-19,-0.0006467232,2.4383127e-07,3.578663e-29,-0.47839025,-1.2712662e-05,0.010000519,-0.0534128,1.3893515,-6.4389486e-28,-1.6073571e-25,1.2811422
339,1.495759,0.0036615082,-3.739658e-05,3.3251705e-28,6.7027923e-29,-3.5038127e-22,-0.2442426,0.25101596,-3.0672576e-19,0.00019726974,-0.012556495,1.048016,0.044924125,-2.0516526e-32,-8.647767e-10,1.6877393,0.0047794925,-3.219442e-30,1.504379e-22,1.0934106e-30,2.8532298e-19,-0.00057435245,2.2461634e-07,3.005406e-29,-0.41979086,-1.1467195e-05,0.008800819,-0.046855103,1.2232301,-4.7043415e-28,-1.0459191e-25,1.1276423
340,0.5622433,0.001218104,-1.2180999e-05,1.958206e-28,2.3595245e-29,-1.7604424e-22,-0.087609485,0.089185104,8.724894e-21,6.838763e-05,-0.004300769,0.3888228,0.015395748,-1.568743e-31,-2.5297398e-10,0.6362984,0.0015482365,-5.489236e-30,1.9356531e-22,-3.7082833e-30,2.368158e-19,-0.0001938697,7.4939166e-08,1.2796336e-29,-0.15080816,-3.6644508e-06,0.0029852598,-0.016172532,0.45665345,-2.850961e-28,5.165905e-27,0.41858926
341,-0.4302032,-0.0014182787,1.526774e-05,-1.0215067e-28,-1.2989224e-29,2.574115e-22,0.08017564,-0.084159374,5.012662e-19,-7.085606e-05,0.0045775147,-0.3133093,-0.016334038,-1.590776e-31,4.4840165e-10,-0.48071823,-0.001941363,-9.587887e-30,2.3060075e-22,-1.6322619e-29,3.4976174e-19,0.00021704656,-8.923652e-08,-2.570966e-30,0.13684016,4.8601987e-06,-0.0032747574,0.016797079,-0.3591931,2.908315e-29,1.2230186e-25,-0.3363212
342,-0.33965713,-0.0012618888,1.3545564e-05,1.0772037e-28,-3.143114e-29,9.1313124e-23,0.067084745,-0.070546955,5.3736925e-19,-6.286528e-05,0.0040328978,-0.24985464,-0.014221502,-8.8116785e-32,3.7090855e-10,-0.37916592,-0.001725375,-8.5646616e-30,2.7158287e-22,-1.6953346e-29,7.2541723e-19,0.00019397833,-7.7156415e-08,-2.1392146e-30,0.11287505,4.303559e-06,-0.002894801,0.014601172,-0.2849983,6.478628e-29,1.1418426e-25,-0.2678824
343,-0.06385349,-0.00053820084,6.145126e-06,1.316883e-28,-1.2891326e-29,1.6444493e-23,0.020222211,-0.022119068,4.7448507e-19,-2.497072e-05,0.0015757188,-0.054107137,-0.00541413,-1.07951524e-32,1.8796788e-10,-0.06902187,-0.000768107,-8.27062e-30,2.6099606e-22,-1.4582591e-29,7.941244e-19,8.168527e-05,-3.303551e-08,4.328869e-30,0.032440774,2.0147768e-06,-0.0011662077,0.005449146,-0.057855837,1.026632e-29,7.548091e-26,-0.057523917
344,-0.18156677,-0.00084132084,9.424441e-06,1.7522987e-28,-3.0829835e-29,-6.501698e-23,0.038831696,-0.041314658,5.2718857e-19,-4.1211788e-05,0.0025784909,-0.13588476,-0.008945685,-1.2941488e-31,2.6609087e-10,-0.20236619,-0.0011702213,-7.880877e-30,2.6054644e-22,-1.7662601e-29,9.746366e-19,0.00012971586,-5.3179907e-08,5.990631e-30,0.064611234,3.0411843e-06,-0.0018767939,0.009117729,-0.15365943,6.402452e-29,8.6615436e-26,-0.14579299
345,-0.01301682,-0.0003675835,4.704682e-06,6.439696e-29,-2.5728853e-29,-8.075068e-23,0.009089831,-0.010617092,4.5719606e-19,-1.6461672e-05,0.00096988806,-0.015882596,-0.0032233964,-1.6073971e-31,1.6207258e-10,-0.012875214,-0.0005493545,-7.5475096e-30,2.37444e-22,-1.6572225e-29,9.413964e-19,5.6037097e-05,-2.6250357e-08,1.2218684e-29,0.0142656155,1.5931564e-06,-0.00074544176,0.0031659482,-0.014656797,1.83073e-29,7.5470643e-26,-0.01699745
346,0.2543379,0.00023414922,-1.5459846e-06,1.3394807e-28,-1.7298438e-29,-2.1377535e-22,-0.032772224,0.032514673,3.523221e-19,1.5310896e-05,-0.0010692454,0.1702265,0.0042474726,-1.9957078e-31,6.8530737e-12,0.2894313,0.00024733122,-6.39969e-30,2.3631864e-22,-1.616616e-29,9.678908e-19,-4.1194704e-05,1.6120389e-08,1.5693991e-29,-0.05882559,-4.7456365e-07,0.00068777194,-0.004618285,0.20316646,-4.6093998e-29,3.972099e-26,0.18377239
347,0.6066293,0.00069586997,-6.8568925e-06,-5.301339e-30,3.8725727e-30,-4.627698e-22,-0.08029382,0.08090508,2.5400452e-19,4.10307e-05,-0.00268423,0.4107653,0.010928455,-8.7816075e-32,-1.9079499e-10,0.69023,0.0008528393,-6.1125443e-30,2.2614408e-22,-1.2072979e-29,1.0862909e-18,-0.00013897652,8.787009e-08,2.4924669e-29,-0.14583176,-3.033588e-06,0.0018010424,-0.011691959,0.48716983,-1.509247e-28,-3.7437613e-27,0.44451603
348,0.2531024,-8.588465e-05,1.0358658e-06,1.8558986e-28,-1.9784537e-30,-3.8934186e-22,-0.02429321,0.0232689,3.16017e-19,1.6008562e-07,-3.3464748e-06,0.16375025,0.0010475693,-1.2480413e-31,1.6866231e-12,0.29090613,-0.00017453224,-6.530512e-30,2.360738e-22,-1.18281514e-29,9.397955e-19,-1.1255681e-05,3.195289e-08,1.4262328e-29,-0.048230715,-3.638745e-07,-7.521175e-05,-0.0013762442,0.19853404,-9.7282844e-29,2.1128438e-26,0.17827958
349,1.4360305,0.003126953,-3.1616277e-05,2.4431071e-28,5.6293837e-29,-8.250421e-22,-0.22603993,0.23170136,-2.4975504e-19,0.00016770055,-0.010841038,1.0007111,0.039633986,-2.3048705e-31,-7.643437e-10,1.6222551,0.004070226,-2.9405734e-30,2.0438667e-22,1.5501524e-30,5.8671063e-19,-0.0005049929,2.1423685e-07,3.3807037e-29,-0.3926752,-1.0271606e-05,0.0075647784,-0.041467346,1.1710131,-5.45119e-28,-1.1659792e-25,1.0778826
350,-0.45706618,-0.0016813648,1.86662e-05,-1.4339904e-28,5.210483e-31,-1.617741e-22,0.08715814,-0.09157011,6.2808563e-19,-8.739358e-05,0.005368493,-0.33219022,-0.018648408,-2.7621658e-31,5.222386e-10,-0.51167715,-0.0022883494,-1.0326359e-29,2.8666642e-22,-1.5300755e-29,7.0301046e-19,0.00025582177,-1.02085465e-07,2.7276429e-30,0.14687163,5.708076e-06,-0.0038550156,0.01914854,-0.38102704,-3.5321236e-29,8.338954e-26,-0.3566637
351,-1.0367615,-0.0030535501,3.3164317e-05,-2.4516094e-28,-3.6083357e-29,-2.6010183e-23,0.1790911,-0.18630518,9.05257e-19,-0.0001605505,0.009984169,-0.73633397,-0.035366446,-3.1912537e-31,8.8260066e-10,-1.1672276,-0.0041043535,-1.2003538e-29,3.0393094e-22,-1.9814835e-29,9.242875e-19,0.00047769648,-1.9908607e-07,-1.7213307e-30,0.30660364,1.0458889e-05,-0.0071069784,0.036553748,-0.85367453,1.4722827e-28,1.5692662e-25,-0.79254377
352,-0.32351452,-0.0011581894,1.3144135e-05,-3.2603707e-29,-5.9026533e-30,-1.3101317e-22,0.060270965,-0.06357272,5.151492e-19,-5.9319776e-05,0.0036385502,-0.23451012,-0.012789999,-2.6996631e-31,3.861207e-10,-0.36278835,-0.0015957725,-9.189664e-30,2.6119043e-22,-1.3014915e-29,6.323467e-19,0.00018033369,-7.8849254e-08,4.8384465e-30,0.1027271,4.233282e-06,-0.0026251865,0.013102572,-0.26921844,-5.5985453e-29,8.1981186e-26,-0.25237307
353,0.72361255,0.0016472181,-1.7097009e-05,5.9163326e-28,2.7024845e-29,-3.936058e-22,-0.11471756,0.11726867,-1.3144262e-19,9.202288e-05,-0.0057216096,0.50354403,0.020482998,-1.668108e-31,-4.1484077e-10,0.817577,0.002125175,-3.5463502e-30,1.9097902e-22,3.1187125e-31,2.7103803e-19,-0.0002617047,1.0731924e-07,1.16030275e-29,-0.19772282,-5.2279092e-06,0.0039926367,-0.021442551,0.5896786,-3.375321e-28,-3.21775e-26,0.5419456
354,0.8527124,0.0019684718,-2.0145619e-05,5.704718e-28,4.4433506e-29,-4.4983176e-22,-0.13578275,0.13898784,-1.7404361e-19,0.000108128166,-0.006816206,0.59377277,0.024424572,-2.1321015e-31,-4.657268e-10,0.96338606,0.002549022,-3.6542993e-30,1.9695555e-22,3.0151336e-31,1.8594224e-19,-0.0003105271,1.228849e-07,1.3207815e-29,-0.23393485,-6.14122e-06,0.0047620367,-0.02554356,0.6950992,-4.0832676e-28,-5.8818776e-26,0.6391307
355,-0.303479,-0.0011329526,1.2311342e-05,2.1838028e-28,7.278703e-30,9.647823e-23,0.060490992,-0.06378023,4.6906626e-19,-5.604786e-05,0.0036100382,-0.22487178,-0.0127901435,-1.9067304e-31,3.7921752e-10,-0.33764565,-0.0015558656,-9.009995e-30,2.4524598e-22,-1.8038746e-29,4.2056794e-19,0.00017367,-7.232512e-08,-3.770517e-30,0.10216704,3.9587785e-06,-0.002592919,0.0131250685,-0.25577536,-1.9750231e-30,6.9332036e-26,-0.2408914
356,-0.44380167,-0.0015310682,1.6879048e-05,4.6708327e-29,1.4325238e-29,1.8421607e-22,0.08447476,-0.088588834,6.1962973e-19,-7.821077e-05,0.0049184235,-0.3244195,-0.017409187,-1.908807e-31,5.247266e-10,-0.49550352,-0.0020857097,-1.07035144e-29,2.5961647e-22,-2.2534214e-29,4.9041646e-19,0.00023742608,-1.0236052e-07,-3.459824e-30,0.14320174,5.416705e-06,-0.0035219002,0.017916676,-0.37128344,4.720836e-29,7.616675e-26,-0.34791687
357,0.62781554,0.0013123092,-1.2401595e-05,1.3228086e-28,5.922421e-29,-1.6765455e-22,-0.09675147,0.09859282,1.4492039e-19,7.1274844e-05,-0.0046764784,0.43334007,0.016878176,-1.6291266e-31,-1.9598123e-10,0.7108855,0.0016719559,-7.36539e-30,2.165414e-22,-1.0725266e-29,3.4444416e-19,-0.00020504787,7.069379e-08,1.5810025e-29,-0.16724142,-3.6489694e-06,0.0032391085,-0.017720364,0.5093889,-2.8318597e-28,-4.1420227e-26,0.4668089
358,1.0234565,0.0023602552,-2.331881e-05,2.049073e-28,5.685823e-29,-3.0847834e-22,-0.16435468,0.16848733,1.7980166e-20,0.00012680693,-0.008225197,0.71459204,0.029598564,-9.2761157e-32,-4.894627e-10,1.1554357,0.0030579234,-5.6746822e-30,1.9605243e-22,-7.4781e-30,5.6203805e-19,-0.0003684129,1.3741897e-07,2.6156043e-29,-0.2832175,-7.051728e-06,0.0057368875,-0.03093927,0.8355168,-3.2697204e-28,-7.2845733e-26,0.76895463
359,1.5166239,0.0036593345,-3.6657257e-05,2.0192534e-28,5.5710605e-29,-4.8696906e-22,-0.24759315,0.25446504,-2.0305423e-19,0.00019506333,-0.012613645,1.0631003,0.045310948,-1.2863473e-31,-8.2279106e-10,1.7105454,0.0047730356,-3.480463e-30,1.8029088e-22,-3.4505427e-30,6.0067085e-19,-0.0005703297,2.160867e-07,3.6495906e-29,-0.4258627,-1.1184283e-05,0.008827622,-0.047276568,1.2406855,-4.554407e-28,-1.0698989e-25,1.1436616
360,0.88286686,0.0019499366,-1.8421732e-05,-9.346006e-29,1.6667928e-29,-3.1846837e-22,-0.14143775,0.14481731,2.1152146e-19,0.00010349578,-0.0069100247,0.6165906,0.025061764,-1.599358e-31,-3.582069e-10,0.99594784,0.002507755,-6.223857e-30,2.1992165e-22,-1.3670446e-29,1.0184885e-18,-0.0003015499,1.0562984e-07,3.3408258e-29,-0.24394745,-5.4995007e-06,0.004794853,-0.02624926,0.72098106,-2.1317079e-28,-2.6096098e-26,0.66313446
361,0.57603455,0.0011190611,-9.929108e-06,-3.7356782e-29,2.906809e-30,-2.0564585e-22,-0.088933334,0.090616345,3.7244704e-19,6.003524e-05,-0.004107664,0.3992254,0.015068988,-1.4561419e-31,-1.5073243e-10,0.6506938,0.0014119099,-7.114558e-30,2.3336937e-22,-1.9070331e-29,1.1430415e-18,-0.00017231339,5.5884083e-08,2.7475554e-29,-0.15436354,-2.871928e-06,0.002820071,-0.015858725,0.4685662,-8.2624134e-29,2.765315e-27,0.42956272
362,0.51621807,0.0009980861,-9.234431e-06,5.418361e-29,-8.166259e-30,-1.2202037e-22,-0.07885748,0.08022538,2.9980417e-19,5.529571e-05,-0.0036513205,0.35658216,0.01332334,-1.1162287e-31,-1.5941826e-10,0.5837574,0.001254142,-6.372066e-30,2.1648456e-22,-1.6760944e-29,9.880776e-19,-0.00015616286,5.503018e-08,2.2560933e-29,-0.13690409,-2.7035824e-06,0.0025081222,-0.014033695,0.4191281,-6.775231e-29,2.3947118e-26,0.3838525
363,0.48461467,0.00097574823,-9.987749e-06,4.0546406e-28,4.2941768e-30,-1.6371138e-22,-0.07351923,0.07474393,9.779185e-20,5.6539637e-05,-0.0034868815,0.33398563,0.012556835,-9.5292555e-32,-2.2492477e-10,0.54874206,0.0012349449,-4.7722167e-30,2.0098569e-22,-7.9763675e-30,5.7253373e-19,-0.0001566264,6.475963e-08,1.04175725e-29,-0.12760237,-3.011359e-06,0.002411187,-0.013209122,0.3929113,-1.4667086e-28,1.22177914e-26,0.359776
364,0.27227134,0.00040183536,-3.9852166e-06,2.6190582e-28,-3.286777e-30,-7.146995e-23,-0.03724395,0.037260134,1.9216039e-19,2.6066009e-05,-0.0015553748,0.1833571,0.00566623,-1.2014629e-31,-6.809958e-11,0.30996302,0.00047602807,-5.2452657e-30,2.194596e-22,-9.203254e-30,5.713721e-19,-6.689416e-05,2.8436364e-08,4.1986838e-30,-0.065541975,-1.1434272e-06,0.0010490457,-0.006049946,0.21809104,-8.732516e-29,4.106139e-26,0.19790262
365,0.58294296,0.0011970762,-1.1429784e-05,2.146154e-28,2.9899355e-29,-2.298144e-22,-0.08959858,0.091255486,1.3858933e-19,6.578583e-05,-0.004282511,0.40249056,0.015494521,-1.8992254e-31,-2.0299584e-10,0.6597383,0.0015213019,-6.2173852e-30,2.1872568e-22,-1.0759704e-29,5.1997313e-19,-0.00018762628,6.702555e-08,1.6064212e-29,-0.15507704,-3.3781473e-06,0.0029620572,-0.016281605,0.47310326,-2.351913e-28,-1.8235074e-26,0.43347403
366,0.31055266,0.0004509206,-3.4261957e-06,9.395329e-29,1.0718318e-29,-1.6176704e-22,-0.043550212,0.043689933,3.2231966e-19,2.5704336e-05,-0.0017951098,0.21009926,0.0066804653,-2.2399868e-31,5.1247617e-12,0.35277787,0.00053260406,-7.323193e-30,2.3972867e-22,-1.629836e-29,7.200746e-19,-7.0032394e-05,1.8046169e-08,1.460949e-29,-0.07630148,-8.7745093e-07,0.0012028352,-0.007130023,0.2494283,-1.2595914e-28,1.6973347e-26,0.22651586
367,2.220622,0.0054348307,-5.3527045e-05,-2.1815743e-28,8.298246e-29,-8.865906e-22,-0.36596557,0.37662303,-3.7144773e-19,0.0002841801,-0.018708859,1.5602832,0.06735957,-3.4851555e-31,-1.1695032e-09,2.502727,0.0071107373,-2.0700313e-30,2.156221e-22,3.0028708e-31,7.474473e-19,-0.0008399001,3.0627672e-07,5.4144553e-29,-0.6289009,-1.6290986e-05,0.0131009305,-0.070231944,1.8189656,-7.1835044e-28,-1.8312141e-25,1.6780485
368,0.39995247,0.0007016132,-6.089276e-06,-1.377478e-29,-8.326283e-30,-2.7119478e-22,-0.059573267,0.060251083,2.3025415e-19,3.8945687e-05,-0.0026399791,0.2744714,0.009713589,-2.8061286e-31,-8.414397e-11,0.45274124,0.00086355,-5.6071705e-30,2.4586848e-22,-1.0813506e-29,7.649545e-19,-0.000109097535,3.48663e-08,1.4963552e-29,-0.103541605,-1.7236023e-06,0.0017977625,-0.010287591,0.32366127,-1.6535033e-28,3.3029668e-26,0.29544482
369,0.61660063,0.0012271854,-1.0661093e-05,-3.1584204e-28,2.0131866e-30,-3.9629858e-22,-0.095996246,0.097807884,2.3592577e-19,6.414608e-05,-0.004476522,0.42746007,0.016419742,-3.8000328e-31,-1.5373625e-10,0.6964177,0.0015519483,-5.7325147e-30,2.6919365e-22,-1.1041796e-29,8.782471e-19,-0.0001871172,5.642764e-08,2.2612377e-29,-0.16600719,-3.0702543e-06,0.003078725,-0.01728053,0.50163907,-2.4771157e-28,1.1270838e-26,0.45980605
370,-1.7073029,-0.0048111924,5.1611176e-05,-5.8755597e-28,-4.1904874e-29,3.004412e-22,0.292402,-0.30346397,1.1717876e-18,-0.00025385604,0.015918342,-1.2116772,-0.056648757,-3.7461569e-31,1.3785043e-09,-1.921269,-0.006434574,-1.5379872e-29,3.2763213e-22,-2.526309e-29,6.5592315e-19,0.0007516655,-3.1159982e-07,-1.4558568e-29,0.50143284,1.6207592e-05,-0.011287999,0.05866186,-1.4055455,2.5937437e-28,2.3250817e-25,-1.3035179
371,-1.0322714,-0.0030599553,3.313041e-05,-2.6859147e-28,-2.5581923e-29,1.8627166e-22,0.18034635,-0.18762477,9.217898e-19,-0.00016026266,0.010024309,-0.736006,-0.03556988,-2.5744057e-31,9.087502e-10,-1.1605192,-0.0041132597,-1.2666059e-29,2.930223e-22,-2.4034015e-29,7.900481e-19,0.00047763137,-1.9944166e-07,-4.8416344e-30,0.30839387,1.0458498e-05,-0.007131352,0.03677085,-0.85188454,1.8663162e-28,1.571123e-25,-0.79155064
372,-0.7599625,-0.0023587185,2.6500516e-05,-3.7315612e-28,1.3878206e-29,3.7757395e-23,0.13420936,-0.1400339,8.6132063e-19,-0.00012523138,0.007620833,-0.54341555,-0.02691456,-2.989132e-31,7.837555e-10,-0.8540443,-0.0031891984,-1.3252634e-29,3.0008011e-22,-2.150261e-29,6.925078e-19,0.00037110285,-1.6444987e-07,1.7436719e-30,0.2294628,8.462298e-06,-0.0054448005,0.027764734,-0.62803894,3.9610047e-29,1.00031963e-25,-0.58458185
373,0.8507416,0.0019207327,-1.9205905e-05,2.054027e-28,3.0763568e-29,-1.2049405e-22,-0.13521259,0.13843401,8.698352e-20,0.00010515208,-0.0067197797,0.59253025,0.024154019,-1.6230873e-33,-4.1094061e-10,0.9611143,0.0024772207,-5.662429e-30,1.8185592e-22,-1.0025054e-29,6.56404e-19,-0.00030219593,1.16383234e-07,2.3109429e-29,-0.23331225,-5.8184596e-06,0.0046801623,-0.02527326,0.6935816,-1.9638667e-28,-2.8871335e-26,0.63778394
374,1.181197,0.0027937493,-2.8122517e-05,2.810956e-28,5.140148e-29,-3.1173385e-22,-0.1909652,0.19600098,-8.88834e-20,0.00015065672,-0.00966458,0.82601035,0.03469233,-5.3707855e-32,-6.266788e-10,1.3331597,0.003632181,-4.5127014e-30,1.7797015e-22,-5.2329533e-30,5.370002e-19,-0.00043744888,1.6811249e-07,2.7658888e-29,-0.32881886,-8.569869e-06,0.0067556826,-0.036227208,0.96504456,-3.4617962e-28,-7.6643507e-26,0.888829
375,0.944286,0.0021874018,-2.2271865e-05,1.6921396e-28,3.050769e-29,4.4525443e-23,-0.15080686,0.15455796,5.1578175e-20,0.00012041956,-0.0075976965,0.6581357,0.027202785,1.1969445e-31,-4.915904e-10,1.0669769,0.0028286043,-5.555576e-30,1.5446409e-22,-1.0012365e-29,6.100848e-19,-0.00034579338,1.3676478e-07,2.4153954e-29,-0.2599776,-6.792993e-06,0.0053030085,-0.028434906,0.7700496,-1.6219087e-28,-2.1948169e-26,0.7085093
376,0.29048693,0.00045102445,-4.226007e-06,1.7215439e-28,-3.3019798e-30,4.1121823e-23,-0.040799174,0.040917996,2.839728e-19,2.829143e-05,-0.0017454387,0.19656806,0.0063491333,-4.1576577e-32,-5.585238e-11,0.33029026,0.0005348233,-6.753306e-30,2.0090114e-22,-1.4368217e-29,6.9070925e-19,-7.4180025e-05,2.882135e-08,1.2363519e-29,-0.071391486,-1.1983354e-06,0.0011777368,-0.0067675887,0.23327991,-3.82051e-29,4.429828e-26,0.21199825
377,0.26056617,0.0003839939,-3.750607e-06,2.915094e-28,7.1862615e-30,2.7566334e-23,-0.03547905,0.035419624,2.373137e-19,2.5238962e-05,-0.0014948514,0.17497872,0.0054062316,-4.8875515e-32,-4.9333565e-11,0.2969515,0.00044947083,-6.6383826e-30,1.9974715e-22,-1.24998804e-29,5.301844e-19,-6.456614e-05,2.6769076e-08,8.0974355e-30,-0.06227299,-1.0624597e-06,0.0010065655,-0.0057794647,0.2083883,-7.066672e-29,3.426773e-26,0.1889174
378,0.22193152,0.00023788487,-2.1293272e-06,3.0551855e-28,-1.2392169e-29,-4.3718757e-23,-0.028427862,0.028182592,3.259104e-19,1.7000126e-05,-0.0010289159,0.1481428,0.0038583213,-2.4508093e-32,-2.5462382e-11,0.2527942,0.00025864225,-6.497297e-30,2.2542252e-22,-1.4333914e-29,8.3462276e-19,-4.0490653e-05,1.7556815e-08,9.74347e-30,-0.050839767,-5.6408203e-07,0.000672288,-0.004176908,0.17704493,-1.2386781e-29,4.639509e-26,0.15997112
379,0.56591207,0.0011869296,-1.1876638e-05,2.336288e-28,1.22986215e-29,-4.346965e-23,-0.08796838,0.08967443,1.9820007e-19,6.719021e-05,-0.0042355205,0.3924414,0.0152532635,3.609948e-32,-2.5424435e-10,0.6398617,0.0015088066,-6.147019e-30,1.8457698e-22,-1.1083239e-29,7.492322e-19,-0.00018892688,7.532739e-08,1.8562621e-29,-0.15223765,-3.5766104e-06,0.0029312188,-0.016017266,0.460353,-9.2305074e-29,7.557565e-27,0.42242745
380,0.40664583,0.0007041918,-6.156194e-06,8.576722e-29,-7.4447424e-31,-1.2356417e-22,-0.06001762,0.060745705,3.2725633e-19,3.9573108e-05,-0.0026557925,0.2786368,0.00976413,-1.4747148e-31,-7.52767e-11,0.46065453,0.0008669002,-6.870371e-30,2.2655757e-22,-1.7214976e-29,8.979425e-19,-0.00011007874,3.5915573e-08,1.8773249e-29,-0.10465058,-1.7399564e-06,0.0018077416,-0.010333314,0.3287787,-7.530808e-29,2.2195736e-26,0.30013445
381,1.129802,0.0023210489,-2.284625e-05,-9.722063e-29,2.4715215e-29,-3.9035574e-22,-0.17512196,0.17922738,1.2929875e-19,0.00012481061,-0.008176312,0.78501016,0.03008769,-5.361277e-32,-5.118196e-10,1.2770811,0.0029975406,-5.545456e-30,2.0255951e-22,-1.25535785e-29,1.0893602e-18,-0.00037584794,1.5704224e-07,3.746172e-29,-0.305262,-7.4248237e-06,0.0056765797,-0.03154133,0.91989523,-2.3702319e-28,-5.0279578e-26,0.84577507
382,0.3175478,-8.865446e-05,1.2430019e-06,-2.2808836e-29,-4.5772464e-30,-3.9317524e-22,-0.03130437,0.030293982,4.0569968e-19,-3.1633317e-07,-4.7234353e-05,0.20665078,0.0015539983,-7.433097e-32,4.3743342e-12,0.36463234,-0.0001835837,-7.2206326e-30,2.3898078e-22,-1.5109155e-29,1.1822749e-18,-1.7500446e-05,4.1499415e-08,2.0698694e-29,-0.062125497,-5.5562646e-07,-5.9517566e-05,-0.0019522505,0.24980322,-5.5894224e-29,2.1910587e-26,0.22502059
383,0.6474626,0.00027064892,-3.668205e-06,2.8752208e-30,2.1362231e-29,-7.382417e-22,-0.07317373,0.072731376,1.863228e-19,2.1599688e-05,-0.0012740055,0.42992407,0.0069078347,2.2250486e-32,-2.2585933e-10,0.74117947,0.00029135845,-5.8578905e-30,2.1831187e-22,-4.538424e-30,1.0802208e-18,-0.00010623046,1.2122578e-07,2.4013394e-29,-0.14022815,-3.2004857e-06,0.0007869662,-0.0076553514,0.5144408,-2.1648103e-28,-2.9045267e-26,0.46762988
384,-0.24565336,-0.0013407224,1.4332836e-05,1.1466308e-28,-6.0238755e-30,-3.0707374e-22,0.057318505,-0.060947992,5.5820205e-19,-6.71294e-05,0.0042145043,-0.18622762,-0.014108915,-1.5527085e-31,3.4427858e-10,-0.271967,-0.001832741,-8.765032e-30,2.6765578e-22,-1.4737606e-29,9.783774e-19,0.00018915534,-5.365689e-08,6.709383e-30,0.09257997,3.900714e-06,-0.003048503,0.014389701,-0.20956656,1.0210077e-30,5.76599e-26,-0.19865921
385,-1.1321449,-0.0034302738,3.702807e-05,-4.916405e-28,-3.948914e-29,2.8443566e-23,0.19878261,-0.20677467,1.0007463e-18,-0.00018061034,0.011236172,-0.80639535,-0.03963694,-2.4969136e-31,9.690888e-10,-1.2734207,-0.004601188,-1.2385338e-29,3.354798e-22,-1.7990449e-29,9.986667e-19,0.00053258566,-2.1515213e-07,-6.973626e-30,0.33874086,1.1499625e-05,-0.007995689,0.04096475,-0.93369997,1.8996309e-28,1.7792411e-25,-0.86726755
386,-2.012274,-0.0056418898,6.0908933e-05,-7.8206285e-28,-3.794475e-29,2.0839846e-22,0.34209475,-0.3547997,1.4318938e-18,-0.00030003054,0.018647855,-1.4241996,-0.06624425,-3.9500607e-31,1.6196029e-09,-2.2664602,-0.007534747,-1.7644184e-29,3.6940594e-22,-2.6808945e-29,9.347101e-19,0.0008847874,-3.6966918e-07,-1.3378009e-29,0.58671236,1.9133704e-05,-0.013226047,0.06861928,-1.6540426,3.1486631e-28,2.422184e-25,-1.5327618
387,-1.216264,-0.003547653,3.858938e-05,-2.6654651e-28,-1.684819e-29,-8.771521e-24,0.20914267,-0.21734591,1.0674493e-18,-0.00018760748,0.011618914,-0.862433,-0.041146915,-2.8917187e-31,1.0349768e-09,-1.36971,-0.004756592,-1.384261e-29,3.2080524e-22,-2.2502057e-29,1.0055028e-18,0.0005562752,-2.3292864e-07,-3.1914856e-30,0.35796005,1.2171417e-05,-0.008264764,0.042561527,-1.0006272,1.9148944e-28,1.4524115e-25,-0.9282813
388,0.51632893,0.0010936526,-1.0741756e-05,3.3481336e-28,3.3745732e-29,-3.9618665e-22,-0.081072316,0.08246271,3.721558e-20,6.0945287e-05,-0.0039037052,0.35860097,0.014061033,-2.0475038e-31,-2.3176264e-10,0.5833013,0.0013878767,-5.5452037e-30,2.1322433e-22,-1.10595925e-30,3.440969e-19,-0.00017286072,6.617269e-08,1.3148751e-29,-0.13962612,-3.2120995e-06,0.0027014872,-0.01478413,0.42043397,-3.2228047e-28,-2.0069139e-26,0.38563654
389,0.6019097,0.0013080663,-1.3473224e-05,5.454615e-28,3.123716e-29,-2.961821e-22,-0.09336503,0.09519453,-4.8275346e-20,7.390849e-05,-0.004582712,0.4164582,0.016418967,-1.6206049e-31,-3.0619085e-10,0.6811191,0.0016762323,-4.5084023e-30,1.9798127e-22,-3.1368464e-30,2.5275755e-19,-0.00020852408,8.457479e-08,8.942394e-30,-0.1613059,-4.0867544e-06,0.0031891537,-0.01721941,0.4889888,-2.9445213e-28,-2.5187244e-26,0.44852135
390,0.41428208,0.0007496336,-6.6945577e-06,1.763927e-28,3.91255e-29,-1.8050403e-22,-0.06076743,0.061432924,1.9306036e-19,4.181515e-05,-0.0027696048,0.28252053,0.010072286,-2.276502e-31,-6.897782e-11,0.470288,0.0009294945,-7.213166e-30,2.2990315e-22,-1.1758931e-29,3.7776656e-19,-0.00011755754,3.742967e-08,1.1276176e-29,-0.10557734,-1.8935114e-06,0.0018969108,-0.0106473,0.33402914,-2.3723918e-28,-1.2509152e-26,0.30459625
391,-0.5215341,-0.0017520182,1.9401945e-05,-7.120707e-29,1.5027478e-29,2.5427837e-22,0.09813695,-0.10273774,6.819374e-19,-9.0435846e-05,0.005652009,-0.38027364,-0.02001475,-2.1534676e-31,6.094689e-10,-0.5825956,-0.0023805925,-1.149247e-29,2.6734988e-22,-2.5290475e-29,4.712881e-19,0.00027262705,-1.1932096e-07,-4.146758e-30,0.16660124,6.2232157e-06,-0.004041373,0.02061807,-0.43573794,6.590431e-29,8.599862e-26,-0.4078426
392,0.0023651272,-0.00036407524,5.0642466e-06,1.629368e-29,2.422979e-29,2.5411053e-23,0.008929189,-0.010553133,4.7379887e-19,-1.7373422e-05,0.0009574506,-0.008587763,-0.0031973734,-1.8832654e-31,2.3814997e-10,0.006448999,-0.0005452314,-9.420796e-30,2.4774178e-22,-1.9654044e-29,5.855719e-19,5.679109e-05,-3.336674e-08,7.474248e-30,0.013688594,1.7709918e-06,-0.00073575217,0.003139081,-0.004368447,-5.917402e-29,3.3512565e-26,-0.008443914
393,0.9220303,0.0020914022,-2.0657882e-05,1.3836226e-28,4.4807467e-29,-1.5385561e-22,-0.14660028,0.15014492,6.548944e-20,0.00011322039,-0.007307123,0.64185655,0.026279017,-6.0906006e-32,-4.1974252e-10,1.0418502,0.0027009181,-5.98783e-30,1.9028557e-22,-1.04222015e-29,5.573084e-19,-0.00032748835,1.2215332e-07,2.3966197e-29,-0.25284427,-6.234435e-06,0.005091832,-0.027488668,0.7514766,-2.5812112e-28,-4.580426e-26,0.6909718
394,1.3747538,0.0032415483,-3.1845106e-05,-2.3852353e-29,4.0285925e-29,-3.6504898e-22,-0.22335346,0.22942741,4.5513545e-21,0.00017194054,-0.011255991,0.96278816,0.040563278,-1.0675562e-31,-6.783878e-10,1.5506192,0.004215543,-4.8844487e-30,1.9392628e-22,-1.1032893e-29,9.112232e-19,-0.0005033119,1.8514997e-07,4.020756e-29,-0.38458893,-9.655474e-06,0.007859878,-0.04235563,1.1241392,-3.2875222e-28,-7.973954e-26,1.0357457
395,1.5126302,0.0035830517,-3.500838e-05,-1.2115845e-28,4.0608164e-29,-4.323368e-22,-0.24661367,0.25343937,4.339286e-21,0.00018893508,-0.012439117,1.0603508,0.044865154,-1.3824675e-31,-7.4144835e-10,1.7056032,0.0046640085,-4.7947516e-30,1.9956882e-22,-1.2017349e-29,1.0301656e-18,-0.0005548521,2.0180673e-07,4.5914612e-29,-0.42452356,-1.0608052e-05,0.008687059,-0.04683697,1.2375287,-3.5477413e-28,-9.119206e-26,1.1405617
396,1.5586599,0.003691514,-3.59467e-05,-1.9631074e-28,4.0164074e-29,-4.1668814e-22,-0.2542933,0.26136786,3.2669395e-20,0.00019423371,-0.012822457,1.0928435,0.04626751,-1.2780541e-31,-7.5445705e-10,1.7573885,0.0048053786,-5.0211792e-30,2.0014747e-22,-1.3547184e-29,1.1121503e-18,-0.0005710578,2.0642713e-07,4.879514e-29,-0.43775144,-1.08844315e-05,0.008953498,-0.048299257,1.2753326,-3.4258088e-28,-9.24376e-26,1.1754861
397,1.1466823,0.0026483082,-2.5927742e-05,4.230635e-29,2.6766794e-29,-3.3301406e-22,-0.1849966,0.1898259,6.264911e-20,0.00014120221,-0.009239644,0.80181736,0.033338245,-1.2309568e-31,-5.4815646e-10,1.2937208,0.0034335617,-5.0248964e-30,2.0114281e-22,-1.1794283e-29,9.146183e-19,-0.00041164135,1.5142716e-07,3.477232e-29,-0.31884715,-7.8416615e-06,0.00644204,-0.03484207,0.93689793,-2.7082502e-28,-5.4156694e-26,0.86263514
398,1.046766,0.002429999,-2.4394716e-05,2.479354e-28,2.8382168e-29,-2.5587502e-22,-0.16825344,0.17256649,-7.894095e-21,0.00013169345,-0.008443773,0.7311503,0.030354697,-5.321263e-32,-5.431889e-10,1.181608,0.0031506007,-4.5323128e-30,1.8260089e-22,-8.299986e-30,7.001027e-19,-0.0003808828,1.4667205e-07,2.712098e-29,-0.2900193,-7.4234213e-06,0.0058936635,-0.031721428,0.8547073,-2.5912817e-28,-4.6309155e-26,0.78679425
399,0.95704246,0.0022318475,-2.2894636e-05,4.5792234e-28,3.1509866e-29,-2.8371124e-22,-0.15333208,0.15716846,-9.9618137e-20,0.0001225697,-0.007724443,0.66780275,0.027682688,-6.0739427e-32,-5.348304e-10,1.0807657,0.0028942057,-3.846532e-30,1.761304e-22,-3.8361485e-30,4.6608644e-19,-0.00035219768,1.4071017e-07,1.9719952e-29,-0.26426592,-7.001473e-06,0.0053975256,-0.028929707,0.78099287,-2.9449055e-28,-4.5774813e-26,0.7187419
400,0.6547295,0.0013850201,-1.3462921e-05,2.2803658e-28,1.6377771e-29,-2.352717e-22,-0.102013424,0.10412185,1.3770924e-19,7.605911e-05,-0.004922817,0.45392728,0.017802827,-1.4905418e-31,-2.683006e-10,0.7401438,0.0017697543,-5.6186482e-30,2.113279e-22,-1.1283178e-29,6.914953e-19,-0.00021722421,8.050654e-08,1.9498777e-29,-0.176471,-4.0236573e-06,0.003411676,-0.018680125,0.53254485,-1.9636356e-28,-1.2438044e-26,0.4886708
401,1.9251475,0.004693584,-4.6440648e-05,4.3401626e-29,7.603995e-29,-7.7506985e-22,-0.31647137,0.3255372,-3.1078866e-19,0.0002467897,-0.0161634,1.3517702,0.058154516,-2.815109e-31,-1.0229462e-09,2.1700993,0.006134931,-2.9025826e-30,1.9987856e-22,-1.6356652e-30,6.5533896e-19,-0.0007271015,2.6792893e-07,4.805472e-29,-0.54390764,-1.4140894e-05,0.011316643,-0.06064878,1.5763712,-6.353609e-28,-1.6168754e-25,1.4538813
402,1.1651969,0.002723738,-2.6950102e-05,2.3491562e-28,3.6147915e-29,-5.2181516e-22,-0.18844377,0.19336875,-8.640925e-20,0.00014540926,-0.009459872,0.81507534,0.034083307,-2.3128108e-31,-5.91992e-10,1.3144865,0.0035380095,-3.9072785e-30,2.0838812e-22,-5.4689685e-30,6.5629275e-19,-0.00042387823,1.5811422e-07,2.976238e-29,-0.3245168,-8.176671e-06,0.00660465,-0.035610292,0.95221895,-3.93686e-28,-7.3033236e-26,0.8768469
403,1.8965876,0.0045964373,-4.520508e-05,-8.573065e-29,6.5269874e-29,-8.576789e-22,-0.3115692,0.32046315,-2.997597e-19,0.0002408225,-0.015855294,1.3316948,0.05712738,-3.7366527e-31,-9.894867e-10,2.1376863,0.006006168,-2.2495313e-30,2.2450093e-22,-4.0992215e-31,7.326476e-19,-0.00071048667,2.5909347e-07,4.6334742e-29,-0.5356332,-1.3743528e-05,0.011095263,-0.0595898,1.5530131,-6.449069e-28,-1.4993896e-25,1.4322034
404,-0.4829632,-0.0015972174,1.7610895e-05,-5.0044928e-29,-2.9777366e-29,-3.2588923e-23,0.08805783,-0.09226142,5.9206083e-19,-8.2083585e-05,0.005122829,-0.34825224,-0.01808194,-2.876776e-31,4.954015e-10,-0.5418967,-0.002176526,-9.2030495e-30,2.6748534e-22,-1.7551207e-29,7.3778844e-19,0.0002483897,-1.0507911e-07,2.1148358e-30,0.1500713,5.611928e-06,-0.003670936,0.01860119,-0.4008998,3.801929e-29,1.1597635e-25,-0.37446213
405,-0.705444,-0.0022098173,2.4338908e-05,-1.5738167e-28,-2.373284e-29,1.9094255e-23,0.12562115,-0.13108121,7.6703724e-19,-0.00011551654,0.0071558016,-0.5053068,-0.025280599,-2.9755046e-31,6.8530487e-10,-0.7925637,-0.0029879098,-1.0961145e-29,2.878169e-22,-2.1686158e-29,8.299901e-19,0.00034559472,-1.4739518e-07,5.854639e-31,0.21435592,7.733049e-06,-0.005110122,0.026076585,-0.5835357,9.8729627e-29,1.2397908e-25,-0.54342127
406,-1.9012837,-0.0053604716,5.788439e-05,-6.7107247e-28,-1.9913345e-29,2.883417e-22,0.3249664,-0.33711836,1.3761646e-18,-0.00028464381,0.01771831,-1.3480257,-0.062969215,-3.7919005e-31,1.5659508e-09,-2.140163,-0.007161227,-1.7650909e-29,3.5515641e-22,-2.9290223e-29,7.860348e-19,0.00084014266,-3.5229155e-07,-1.4710734e-29,0.55705047,1.8206742e-05,-0.012566456,0.06522442,-1.5643784,2.9878709e-28,2.1724798e-25,-1.4503229
407,-0.6159363,-0.0019676934,2.1554857e-05,-5.8315546e-29,-8.755311e-30,1.0564414e-22,0.11099623,-0.11594327,7.4197863e-19,-0.00010181827,0.00635619,-0.44248062,-0.02247797,-1.8504701e-31,6.1331557e-10,-0.6913109,-0.0026650527,-1.1045374e-29,2.6960736e-22,-2.158703e-29,7.843476e-19,0.0003064479,-1.2903361e-07,9.900709e-32,0.18907544,6.8544487e-06,-0.0045426935,0.023176331,-0.51032037,1.1410497e-28,1.0565177e-25,-0.47565624
408,0.4760754,0.00092163583,-8.4367075e-06,1.128294e-28,3.463612e-29,-1.6702214e-22,-0.07269284,0.073807776,2.588967e-19,5.0909668e-05,-0.0033774432,0.32859713,0.012277092,-1.093261e-31,-1.2766e-10,0.5386777,0.0011555206,-7.4691844e-30,2.1801349e-22,-1.16297174e-29,6.408915e-19,-0.00014427505,4.946997e-08,1.7744246e-29,-0.12592402,-2.4446406e-06,0.00231948,-0.012938929,0.38637134,-1.7756918e-28,-1.2048242e-26,0.35369322
409,1.2778356,0.0030518055,-3.103698e-05,2.3329466e-28,3.8910053e-29,-1.4154761e-22,-0.20706026,0.2126749,-7.124207e-20,0.00016539494,-0.010530785,0.8941775,0.03774961,8.8230067e-32,-7.0780587e-10,1.4421858,0.003971842,-4.3036917e-30,1.5241825e-22,-7.671047e-30,6.9033356e-19,-0.00047928517,1.8786139e-07,3.1342954e-29,-0.35657558,-9.497234e-06,0.007366511,-0.03939979,1.044319,-2.554986e-28,-6.217124e-26,0.9622438
410,1.5121287,0.0036568441,-3.696573e-05,1.7228357e-28,4.961844e-29,-2.550642e-22,-0.24662183,0.2535124,-1.4370981e-19,0.00019631717,-0.012593735,1.0597728,0.045173083,4.7644573e-32,-8.3878515e-10,1.7058431,0.0047693467,-3.893727e-30,1.5383752e-22,-6.264403e-30,7.018027e-19,-0.0005720588,2.2087136e-07,3.729035e-29,-0.42435268,-1.1307752e-05,0.0088157505,-0.047123622,1.2368422,-3.4029413e-28,-8.986737e-26,1.1402384
411,0.738008,0.001628188,-1.651258e-05,2.3710831e-28,1.3809577e-29,2.3313427e-23,-0.11591743,0.11854865,1.4431208e-19,9.090293e-05,-0.005717196,0.5126583,0.020530932,7.8576155e-32,-3.6018366e-10,0.8343915,0.0020915982,-5.6728556e-30,1.711665e-22,-1.261278e-29,7.4891744e-19,-0.00025827475,1.0295507e-07,2.0883906e-29,-0.20041794,-5.013125e-06,0.003976601,-0.021500304,0.600805,-9.1314207e-29,-1.6227239e-27,0.5520221
412,-0.2460351,-0.0009786652,1.0801169e-05,1.6701633e-28,-2.081095e-29,-3.428738e-24,0.04888727,-0.051719695,5.2262383e-19,-4.8125883e-05,0.0030523567,-0.18114623,-0.010707182,-1.4971512e-31,3.1018121e-10,-0.2748007,-0.001353543,-8.300228e-30,2.4351099e-22,-1.7791974e-29,8.3526315e-19,0.00015036603,-6.15525e-08,4.5830708e-30,0.082356505,3.4725272e-06,-0.002208161,0.010953512,-0.20649782,6.3690275e-29,8.487233e-26,-0.19452368
413,0.5086537,0.0010385616,-1.0591981e-05,3.882362e-28,1.3937136e-29,-7.164884e-23,-0.07763302,0.07900211,1.5204099e-19,5.993064e-05,-0.0037079016,0.35110527,0.013335546,-3.736203e-33,-2.3068816e-10,0.57586145,0.0013166657,-5.696854e-30,1.8834524e-22,-1.0265904e-29,6.221732e-19,-0.00016660252,6.8479466e-08,1.3343393e-29,-0.13467395,-3.192323e-06,0.0025652403,-0.014016391,0.412733,-1.1075982e-28,4.3605334e-27,0.37819663
414,-0.12204483,-0.0006555502,7.7546e-06,7.640299e-29,-9.41064e-30,-5.821294e-23,0.0274334,-0.029577293,5.1514353e-19,-3.1946838e-05,0.0019381533,-0.09283356,-0.0066881487,-1.4634501e-31,2.4738844e-10,-0.13558123,-0.0009288653,-8.56533e-30,2.4378543e-22,-1.6793387e-29,8.692007e-19,0.00010123911,-4.5000064e-08,9.346082e-30,0.045724683,2.5504235e-06,-0.0014278757,0.00676989,-0.10416744,1.9447788e-29,6.670582e-26,-0.09974808
415,0.9019139,0.002048497,-2.0498876e-05,1.99504e-28,2.895554e-29,-1.214219e-22,-0.14354503,0.14704055,7.30195e-20,0.000111858404,-0.007152776,0.6283304,0.025710773,-6.2320714e-33,-4.398752e-10,1.0188755,0.0026457114,-5.4516133e-30,1.8088096e-22,-1.0616657e-29,6.775411e-19,-0.0003219909,1.2378575e-07,2.4203144e-29,-0.24768403,-6.216019e-06,0.004984786,-0.026892442,0.7353884,-1.9862585e-28,-3.0732887e-26,0.67635006
416,0.43112195,0.0006879826,-5.967612e-06,5.6059295e-29,5.41446e-30,-2.0531266e-22,-0.06211758,0.062780276,3.113256e-19,3.8530914e-05,-0.0026132376,0.2943675,0.009775328,-1.7969595e-31,-7.5217665e-11,0.48892793,0.00084460946,-6.9200965e-30,2.3329389e-22,-1.6251623e-29,8.711677e-19,-0.00011118448,4.0327517e-08,1.9195208e-29,-0.10912203,-1.8199846e-06,0.00177323,-0.010368942,0.34788874,-1.163766e-28,1.27421374e-26,0.31739345
417,0.91024697,0.001353451,-1.4683052e-05,7.7190285e-29,2.1544485e-29,-5.0936994e-22,-0.12657943,0.12845269,4.0499254e-20,7.864936e-05,-0.0048615965,0.62153,0.018923461,5.079626e-32,-4.4475734e-10,1.0344994,0.0017249126,-4.4263535e-30,1.7828557e-22,-2.9287782e-30,8.91401e-19,-0.0002563512,1.56584e-07,2.563979e-29,-0.22732419,-5.9103904e-06,0.0033386357,-0.020034216,0.7340505,-2.1965563e-28,-3.6709322e-26,0.67224157
418,-0.14492886,-0.0013791934,1.356672e-05,2.0089762e-28,-1.3038251e-29,-3.1977488e-22,0.049515277,-0.053290077,4.8669855e-19,-6.584864e-05,0.004360829,-0.121874735,-0.014117315,1.9641641e-32,2.4222419e-10,-0.15499413,-0.0018806185,-7.730069e-30,2.4628167e-22,-1.2125792e-29,1.042356e-18,0.00017421058,-1.6696186e-08,5.2852712e-30,0.07500611,2.9796872e-06,-0.0031572352,0.01432922,-0.13126576,3.8689766e-29,5.9069103e-26,-0.12764607
419,0.09855364,-0.0008802129,8.084385e-06,1.2129627e-29,8.872001e-30,-4.4560513e-22,0.013123158,-0.015957717,2.9949302e-19,-3.921218e-05,0.0026891762,0.046337903,-0.007912698,4.7360997e-32,8.17405e-11,0.12114599,-0.0012188803,-6.428021e-30,2.6603692e-22,-8.054164e-31,7.5964876e-19,8.841433e-05,2.8096682e-08,1.6539751e-31,0.010783918,9.931904e-07,-0.0019809047,0.00784136,0.06629064,-1.2896795e-28,3.928663e-26,0.05412709
420,-0.7095489,-0.0024813118,2.6484804e-05,-6.011567e-28,-1.3083447e-29,4.198849e-23,0.13488366,-0.14103833,6.9817084e-19,-0.00012902703,0.008087396,-0.51488316,-0.028224874,-1.1199357e-31,6.8357076e-10,-0.79385555,-0.0033417945,-1.02089574e-29,3.3544554e-22,-3.7906424e-30,5.155427e-19,0.0003749173,-1.3895693e-07,-1.9692107e-29,0.22669035,7.924921e-06,-0.005770471,0.029071655,-0.5911418,6.398884e-30,1.5800877e-25,-0.55214316
421,-1.9087696,-0.0054515656,5.9476755e-05,-8.406153e-28,-2.0578862e-30,1.6896521e-22,0.32658717,-0.33877757,1.5471923e-18,-0.00029172108,0.01795363,-1.3522419,-0.063614234,-3.5112635e-31,1.6239352e-09,-2.1494527,-0.007279354,-1.8705194e-29,3.9935315e-22,-2.907194e-29,1.0909695e-18,0.00085821765,-3.6456285e-07,-1.2976052e-29,0.55906093,1.874902e-05,-0.012746423,0.06588493,-1.5697187,3.1939008e-28,1.9161902e-25,-1.455093
422,-1.7930341,-0.0050880476,5.548884e-05,-6.7590694e-28,1.7168612e-30,1.3007047e-22,0.30520558,-0.31667563,1.4437261e-18,-0.0002716903,0.01674625,-1.2688042,-0.059383254,-3.3416006e-31,1.509839e-09,-2.0197663,-0.006800588,-1.8392562e-29,3.6378186e-22,-2.803384e-29,1.014219e-18,0.00080006314,-3.3922458e-07,-7.605895e-30,0.5231557,1.7491637e-05,-0.011891629,0.061494097,-1.4736208,2.7449136e-28,1.7728694e-25,-1.3656915
423,-0.16532981,-0.00075861055,8.703599e-06,1.7897247e-28,1.9109929e-29,-4.257079e-23,0.034905832,-0.037307724,5.0647194e-19,-3.720093e-05,0.0023023677,-0.12368882,-0.008040173,-1.1199908e-31,2.7738725e-10,-0.18393704,-0.0010616726,-9.326651e-30,2.423112e-22,-1.4981311e-29,6.670356e-19,0.00011679683,-5.047611e-08,4.865052e-30,0.05855001,2.8464017e-06,-0.0016802821,0.008185316,-0.13992834,-1.8795162e-29,4.1856057e-26,-0.13280955
424,1.2740488,0.0030665253,-3.1148847e-05,3.7881653e-28,5.2229294e-29,-4.3742426e-22,-0.20740522,0.21298645,-2.0950872e-19,0.00016539938,-0.010564838,0.8924685,0.037875894,-8.9672105e-32,-7.2273343e-10,1.4373003,0.0039947303,-3.434571e-30,1.7317362e-22,-1.2333174e-31,4.313682e-19,-0.00048060008,1.8738314e-07,2.753616e-29,-0.3567194,-9.530222e-06,0.0073941834,-0.0395327,1.0418676,-4.239332e-28,-8.711931e-26,0.96011925
425,0.47871363,0.0009047683,-8.2728275e-06,9.4379354e-29,1.9938855e-29,-9.565503e-23,-0.07179959,0.0728821,2.6535721e-19,5.0255087e-05,-0.0033165128,0.32871795,0.012069696,-1.3377311e-31,-1.1492857e-10,0.5424223,0.0011322836,-7.110968e-30,2.191335e-22,-1.53669e-29,6.863258e-19,-0.00014180286,4.7971884e-08,1.7255673e-29,-0.124727,-2.3899709e-06,0.0022769528,-0.012725784,0.38740352,-1.3609521e-28,3.2782348e-27,0.3541727
426,0.40830034,0.0007105667,-5.8673613e-06,-1.9323698e-29,1.7825014e-29,-1.9415888e-22,-0.060298283,0.060948785,2.863521e-19,3.8696762e-05,-0.0026823534,0.27917206,0.009859524,-2.544831e-31,-4.058845e-11,0.46281484,0.0008725631,-7.411638e-30,2.3991613e-22,-1.5006101e-29,6.5903103e-19,-0.00010964955,3.079357e-08,1.7549233e-29,-0.10476173,-1.6143997e-06,0.0018256085,-0.010442034,0.32973644,-1.8396427e-28,8.69668e-27,0.30071768
427,0.27730006,0.00038252218,-3.0203255e-06,1.3347733e-28,1.9050802e-29,-4.2540044e-23,-0.037700478,0.037652563,3.0993237e-19,2.3065728e-05,-0.0015377607,0.1860746,0.005675799,-1.47455e-31,1.1694284e-11,0.31588328,0.0004435553,-7.625107e-30,2.250442e-22,-1.5737664e-29,5.8574613e-19,-6.1077495e-05,1.7312953e-08,1.1325448e-29,-0.06622242,-7.706856e-07,0.001027135,-0.0060761003,0.22171944,-1.0851036e-28,1.8617013e-26,0.20086566
428,0.83784765,0.0018472639,-1.788535e-05,1.1087779e-28,2.2424797e-29,-2.6133985e-22,-0.1328065,0.13591377,1.3361242e-19,9.9534576e-05,-0.0065126824,0.5832925,0.02354259,-1.4304687e-31,-3.5795916e-10,0.9462372,0.0023773478,-5.702358e-30,2.1037257e-22,-1.2395508e-29,7.9345687e-19,-0.0002878221,1.0473104e-07,2.603966e-29,-0.22932127,-5.365254e-06,0.004525655,-0.024654496,0.6829794,-2.2160845e-28,-2.9022304e-26,0.62773734
429,1.4502019,0.0034547457,-3.421223e-05,4.8189728e-29,4.6555508e-29,-4.0280934e-22,-0.23614605,0.24264155,-7.2644346e-20,0.0001835639,-0.011958264,1.0160753,0.04303685,-1.0672424e-31,-7.4447093e-10,1.6356674,0.0044989595,-4.3735e-30,1.8742723e-22,-8.456498e-30,8.0842326e-19,-0.0005372004,1.9999385e-07,3.9545237e-29,-0.40643418,-1.0401157e-05,0.008358368,-0.0449219,1.1860871,-3.744336e-28,-9.126645e-26,1.0930756
430,1.5760744,0.0037501352,-3.669931e-05,-1.2144686e-28,4.4093934e-29,-4.594281e-22,-0.25732803,0.26450172,-2.3450777e-20,0.00019762266,-0.013004353,1.1051805,0.046888784,-1.4369613e-31,-7.8126605e-10,1.7770319,0.004884678,-4.630448e-30,1.983221e-22,-1.13186685e-29,1.0160884e-18,-0.00058071286,2.1155861e-07,4.7077645e-29,-0.44287193,-1.112878e-05,0.009085072,-0.04894097,1.2896491,-3.7909598e-28,-9.909719e-26,1.1887609
431,1.4719385,0.003475736,-3.3903932e-05,-1.1365599e-28,3.8808587e-29,-4.369376e-22,-0.23976864,0.24636836,1.4820776e-20,0.00018325995,-0.012076218,1.0316226,0.043570377,-1.5039002e-31,-7.1544437e-10,1.6597549,0.004522425,-4.8388396e-30,2.0254783e-22,-1.2127898e-29,1.0279692e-18,-0.00053809537,1.9524302e-07,4.5004087e-29,-0.41278633,-1.0266419e-05,0.008431512,-0.04549134,1.2041198,-3.4987515e-28,-8.764676e-26,1.1096599
432,1.3960041,0.0033179116,-3.2964723e-05,6.8661906e-29,4.0687578e-29,-3.421647e-22,-0.22703011,0.23324688,-4.8829764e-20,0.00017690808,-0.011488449,0.9778715,0.041334383,-6.509583e-32,-7.22455e-10,1.574666,0.004318795,-4.4163436e-30,1.8186869e-22,-9.126896e-30,8.387095e-19,-0.0005167043,1.9391587e-07,3.8391497e-29,-0.3908472,-1.0029663e-05,0.00802891,-0.04314835,1.1416098,-3.3101456e-28,-8.0403686e-26,1.0520171
433,1.1610098,0.0027294434,-2.738811e-05,2.4869273e-28,3.488211e-29,-3.2700973e-22,-0.18756942,0.19250557,-6.1821e-20,0.0001471183,-0.009458559,0.8119012,0.03399594,-7.997094e-32,-6.127945e-10,1.3101845,0.003546078,-4.198234e-30,1.8305705e-22,-6.8444195e-30,6.7057604e-19,-0.00042700188,1.6363052e-07,2.9221286e-29,-0.3230876,-8.34224e-06,0.006607878,-0.035508376,0.9485833,-3.1256247e-28,-6.1896344e-26,0.8735968
434,1.0467625,0.0024579647,-2.5099389e-05,3.7621063e-28,3.2829706e-29,-2.3498215e-22,-0.16833512,0.17266798,-7.9450905e-20,0.00013429484,-0.008502595,0.7311074,0.030481648,-1.5392722e-32,-5.7921457e-10,1.1818389,0.0031908883,-4.0616016e-30,1.6986331e-22,-5.4225348e-30,5.520495e-19,-0.00038709908,1.5328104e-07,2.348383e-29,-0.29006192,-7.6740025e-06,0.005942598,-0.03184183,0.8546376,-2.7603538e-28,-4.922492e-26,0.7868336
435,1.2871393,0.0030671614,-3.0855444e-05,2.9056924e-28,4.3672824e-29,-4.2313272e-22,-0.20894475,0.21457106,-1.4766802e-19,0.00016471694,-0.01059385,0.90106887,0.038052376,-1.1605463e-31,-6.9852796e-10,1.4521624,0.003993135,-3.642716e-30,1.8252931e-22,-4.1351266e-30,5.876976e-19,-0.0004793588,1.8374936e-07,3.042156e-29,-0.3596402,-9.413846e-06,0.0074088555,-0.039724704,1.0522299,-3.8716197e-28,-8.14616e-26,0.96945393
436,1.2124176,0.002856988,-2.8487759e-05,2.4888215e-28,3.855133e-29,-4.5405425e-22,-0.19635274,0.20155327,-9.9371533e-20,0.00015302486,-0.009899855,0.84834903,0.03561748,-1.650281e-31,-6.337369e-10,1.367842,0.003714361,-3.907229e-30,1.9519271e-22,-5.4817097e-30,6.4606756e-19,-0.00044559597,1.684407e-07,3.0347233e-29,-0.33808514,-8.66542e-06,0.006916656,-0.03719989,0.99092454,-3.7649988e-28,-7.44787e-26,0.9126973
437,2.1770864,0.0053865314,-5.3934215e-05,1.8737767e-28,8.9501094e-29,-8.643884e-22,-0.3592107,0.36969593,-4.9209957e-19,0.00028414797,-0.018470865,1.5299802,0.066333555,-2.566936e-31,-1.2255104e-09,2.4538498,0.007053852,-1.5877788e-30,1.8065307e-22,3.988676e-30,4.9292065e-19,-0.0008364484,3.1429863e-07,4.9352843e-29,-0.61702764,-1.6489561e-05,0.012949089,-0.06914014,1.7834271,-7.3533715e-28,-1.9248265e-25,1.6455368
438,1.0178062,0.0023669607,-2.3831382e-05,3.709245e-28,3.2469274e-29,-4.0330048e-22,-0.1636148,0.16775775,-8.904475e-20,0.00012826815,-0.0082132295,0.71085876,0.029520862,-1.52598e-31,-5.3995863e-10,1.1488508,0.0030702509,-3.889203e-30,1.935196e-22,-4.5171844e-30,5.4315967e-19,-0.00037096208,1.4322745e-07,2.3440662e-29,-0.2819079,-7.255475e-06,0.0057351263,-0.030852962,0.8310389,-3.3975472e-28,-5.603799e-26,0.7649107
439,0.6608064,0.0013754759,-1.2963386e-05,1.6748915e-28,6.430346e-30,-3.7149724e-22,-0.10327734,0.10541564,1.6944257e-19,7.427641e-05,-0.00492452,0.45876837,0.017915267,-2.4941192e-31,-2.4881458e-10,0.7463622,0.0017552709,-5.436537e-30,2.3184228e-22,-1.2395466e-29,8.485782e-19,-0.00021352683,7.52034e-08,2.2871589e-29,-0.17869931,-3.8420512e-06,0.0034057063,-0.018809617,0.537954,-2.125383e-28,-1.2009002e-26,0.49366382
440,-0.5358552,-0.0017364577,1.8936738e-05,1.2667973e-29,-1.56981e-29,3.8598238e-23,0.097123966,-0.10160406,6.4354807e-19,-8.906664e-05,0.005595873,-0.3855613,-0.019793864,-2.0663747e-31,5.294063e-10,-0.60130566,-0.0023581872,-9.9601054e-30,2.6260753e-22,-1.8411913e-29,7.2872797e-19,0.00026954143,-1.12051936e-07,1.7305571e-31,0.1654523,6.0193443e-06,-0.0040030675,0.02038931,-0.44432727,7.322708e-29,1.0565315e-25,-0.41451082
441,-0.48266768,-0.0016232436,1.79797e-05,3.660969e-29,-8.222376e-30,-1.1481025e-23,0.08869474,-0.092895836,6.656695e-19,-8.374265e-05,0.005194991,-0.34832245,-0.018300345,-2.2550258e-31,5.1861315e-10,-0.5413686,-0.0022078669,-1.0120109e-29,2.7158461e-22,-2.015311e-29,8.032245e-19,0.0002531206,-1.07855314e-07,1.8009202e-30,0.1507006,5.744939e-06,-0.003724179,0.018835021,-0.4008316,6.596084e-29,8.799407e-26,-0.37440115
442,-0.25454098,-0.0010212522,1.1943945e-05,-1.3751982e-29,1.3021808e-29,-5.2265547e-23,0.050094385,-0.053047393,5.960019e-19,-5.2523774e-05,0.0031531076,-0.18707292,-0.011000855,-1.997567e-31,3.8495562e-10,-0.2844556,-0.0014137443,-1.0133755e-29,2.628295e-22,-1.8120833e-29,7.405407e-19,0.00015994743,-7.3285776e-08,6.5657284e-30,0.08463983,3.893194e-06,-0.0022873331,0.011246155,-0.21339628,-1.1524241e-29,5.557318e-26,-0.20103076
443,0.967469,0.0022303383,-2.2402286e-05,2.9207394e-28,3.661919e-29,-2.5700356e-22,-0.15497805,0.15884535,-3.8692924e-21,0.00012125599,-0.007759989,0.6751524,0.027885444,-5.888875e-32,-4.948537e-10,1.0923921,0.002888215,-4.8650724e-30,1.8533859e-22,-7.2148195e-30,5.9790755e-19,-0.00035003937,1.3502049e-07,2.3893957e-29,-0.2671773,-6.808572e-06,0.0054142196,-0.029151272,0.78957796,-2.726042e-28,-4.9278957e-26,0.7265846
444,2.3387454,0.005822414,-5.869339e-05,1.3689732e-28,9.4383664e-29,-6.542927e-22,-0.3862105,0.39762306,-4.911504e-19,0.00030832423,-0.019933445,1.6439005,0.071490176,-6.4283366e-32,-1.3430383e-09,2.6363528,0.0076285675,-1.8257402e-30,1.4627777e-22,2.2930468e-30,5.552508e-19,-0.00090627593,3.448871e-07,5.347404e-29,-0.6634212,-1.7983486e-05,0.013981222,-0.074491076,1.91597,-6.689031e-28,-1.9490894e-25,1.7682194
445,2.0724714,0.005119895,-5.168481e-05,7.225244e-29,7.610146e-29,-3.7789527e-22,-0.34103304,0.35100394,-3.1338358e-19,0.00027240996,-0.017558826,1.4555684,0.06296248,7.236517e-32,-1.1763025e-09,2.3368108,0.0066993097,-3.0147082e-30,1.3629966e-22,-3.414457e-30,7.111535e-19,-0.0007984745,3.0570138e-07,5.0136904e-29,-0.5861766,-1.5833628e-05,0.012308545,-0.0656214,1.6970755,-4.853025e-28,-1.5006405e-25,1.5658318
446,0.9372275,0.002082465,-1.9578607e-05,-2.4097026e-28,2.2367049e-29,-2.5251238e-22,-0.15033306,0.1539832,2.4579075e-19,0.000110069755,-0.0073727244,0.65450805,0.026724145,-1.4211318e-31,-3.6635123e-10,1.0574749,0.0026799256,-6.6577796e-30,2.1373844e-22,-1.4745397e-29,1.0420212e-18,-0.00032166688,1.11206305e-07,3.603706e-29,-0.25919703,-5.8367586e-06,0.0051177237,-0.027981352,0.76530504,-1.974266e-28,-2.9919325e-26,0.7039833
447,-0.13238907,-0.00068796054,7.939239e-06,7.6172624e-29,-1.1837638e-29,6.362345e-23,0.030070737,-0.032296777,5.2575977e-19,-3.3014094e-05,0.0020606667,-0.10136862,-0.0071630515,-1.007793e-31,2.568019e-10,-0.14650175,-0.0009717036,-8.672279e-30,2.3507543e-22,-1.9055363e-29,8.4469906e-19,0.00010531294,-4.5483148e-08,7.845341e-30,0.050054416,2.6013142e-06,-0.0015116088,0.0072675934,-0.113490336,6.211029e-29,7.5121665e-26,-0.10862983
448,-1.2728626,-0.0036947492,4.0170096e-05,-3.633363e-28,-4.250597e-29,-1.02978344e-23,0.21789615,-0.22636932,1.1143505e-18,-0.00019544853,0.012100313,-0.9013555,-0.042832922,-3.0046073e-31,1.0610507e-09,-1.4341427,-0.00495378,-1.3553097e-29,3.2293845e-22,-2.3489141e-29,1.1926616e-18,0.0005794428,-2.4177893e-07,-4.319729e-31,0.373101,1.2652498e-05,-0.008607721,0.044306226,-1.0464042,2.4526735e-28,1.7462306e-25,-0.97040194
449,-0.24641179,-0.000978533,1.1148324e-05,3.7106146e-29,-1.6570972e-30,-4.213022e-24,0.04805846,-0.05088846,5.8807077e-19,-4.914332e-05,0.003022603,-0.18029365,-0.010572997,-1.1613736e-31,3.3671288e-10,-0.2757265,-0.0013560579,-9.550124e-30,2.465966e-22,-1.7302428e-29,8.46541e-19,0.00015166414,-6.532136e-08,7.4806414e-30,0.08118807,3.608021e-06,-0.0021928642,0.010808542,-0.2060669,4.4780745e-29,7.0436114e-26,-0.1938754
450,-0.82497215,-0.0025158671,2.7510569e-05,-1.9201837e-28,-1.9001345e-29,7.051254e-23,0.14530738,-0.15141793,8.3033326e-19,-0.00013168322,0.0081859175,-0.5892058,-0.028977271,-2.6525726e-31,7.646213e-10,-0.92733014,-0.0033926882,-1.1778414e-29,2.888099e-22,-2.1813456e-29,8.1301406e-19,0.0003931731,-1.6600461e-07,-1.1487589e-30,0.2482442,8.716153e-06,-0.0058363313,0.029920004,-0.6813699,1.2547136e-28,1.3052621e-25,-0.6337457
451,0.7813455,0.0017355992,-1.7616258e-05,2.6099685e-28,1.6456139e-29,-1.3737991e-22,-0.12307617,0.12589796,6.327968e-20,9.628601e-05,-0.006073315,0.54310685,0.021836337,-3.6113667e-32,-3.9348236e-10,0.8832251,0.002234961,-4.714946e-30,1.7594757e-22,-8.084964e-30,6.4751693e-19,-0.0002753346,1.10170845e-07,1.9834572e-29,-0.21269938,-5.3805898e-06,0.004228687,-0.02286198,0.6362973,-1.6474915e-28,-1.5670925e-26,0.5847591
452,0.17923585,6.489572e-05,-6.97999e-07,2.9530566e-28,-1.4727794e-29,-8.638278e-23,-0.019307178,0.018618923,2.7548268e-19,8.917952e-06,-0.00042865542,0.11624728,0.0018181568,-8.04938e-32,-1.15610715e-11,0.20579726,3.0046096e-05,-5.7428342e-30,2.1012811e-22,-1.0928094e-29,7.254422e-19,-1.9847452e-05,1.8080389e-08,7.0990846e-30,-0.035944745,-3.1440868e-07,0.0002504415,-0.0020746933,0.14079571,-1.754028e-29,4.868051e-26,0.1261003
453,0.81502503,0.0012501855,-1.4558265e-05,1.9988371e-28,1.1254843e-29,-4.555806e-22,-0.11198996,0.11361526,-1.4058177e-19,7.509133e-05,-0.00440496,0.5549693,0.01689576,9.473652e-32,-4.8667903e-10,0.9271902,0.0016036928,-1.5309202e-30,1.9320836e-22,1.30737e-29,4.786854e-19,-0.00023633541,1.5065892e-07,2.023721e-30,-0.20141792,-5.7001334e-06,0.0030426828,-0.017867804,0.6562696,-2.5281786e-28,-5.3039803e-27,0.6005896
454,0.19682229,-0.0005170853,4.607434e-06,-2.938287e-28,-2.4539646e-29,-3.2934602e-22,-0.0054548047,0.0034916662,3.0607058e-19,-2.1112277e-05,0.001468258,0.11704658,-0.003797858,9.2893864e-32,1.0478271e-11,0.23082313,-0.00073660543,-4.6006513e-30,2.870035e-22,6.272507e-30,8.831303e-19,4.2868334e-05,3.3777876e-08,-8.151979e-30,-0.020049393,2.5645e-07,-0.0011161778,0.003598134,0.14792386,-7.1091256e-29,8.667665e-26,0.12973538
455,-0.6430461,-0.0028107404,2.9633871e-05,-5.9898646e-28,2.9150876e-30,-1.4795601e-22,0.13612632,-0.14292224,8.730401e-19,-0.00014576086,0.009103274,-0.47617656,-0.030873459,3.738702e-32,7.108732e-10,-0.71512485,-0.0037782763,-1.1288869e-29,3.23985e-22,-4.3415908e-30,9.571188e-19,0.00040420744,-1.2117351e-07,-1.8054892e-29,0.22266215,8.0844175e-06,-0.006517357,0.031705104,-0.5417872,9.530232e-29,1.2110387e-25,-0.5084195
456,-1.9804325,-0.0056542153,6.1741186e-05,-7.8343335e-28,1.2293331e-29,1.8271262e-22,0.33885002,-0.35148203,1.6001201e-18,-0.0003029725,0.018625436,-1.4029684,-0.06598714,-3.1187038e-31,1.6911947e-09,-2.2301447,-0.007548337,-1.9978923e-29,3.949396e-22,-2.877872e-29,1.0219631e-18,0.00089031196,-3.7889367e-07,-1.6688676e-29,0.58003026,1.9458415e-05,-0.0132223135,0.068345614,-1.628618,3.0812183e-28,1.8698481e-25,-1.5096382
457,-1.885293,-0.00540668,5.9272017e-05,-6.080783e-28,2.2916848e-29,1.1798444e-22,0.32238358,-0.33440194,1.629622e-18,-0.000289942,0.017772134,-1.3349577,-0.06290158,-3.2780926e-31,1.6386856e-09,-2.1233838,-0.007218614,-2.003621e-29,3.9288201e-22,-3.532888e-29,1.2324018e-18,0.0008525294,-3.6495422e-07,-7.9602965e-30,0.5516628,1.8719917e-05,-0.012623592,0.06515057,-1.5499758,3.3954735e-28,1.465221e-25,-1.4365922
458,-0.43469375,-0.0014730297,1.6649246e-05,-8.627473e-29,8.401659e-31,-7.0288807e-23,0.07847516,-0.082335055,6.980601e-19,-7.6537326e-05,0.004659201,-0.3116467,-0.016363278,-1.70057e-31,4.801297e-10,-0.48870024,-0.0020120903,-1.07286666e-29,2.6714044e-22,-1.6905565e-29,8.96589e-19,0.00023056773,-9.990322e-08,7.396107e-30,0.13368708,5.3375425e-06,-0.0033524977,0.016816474,-0.35959938,4.3873397e-29,7.908247e-26,-0.33556503
459,0.24633822,0.00031707034,-2.5494373e-06,1.8622287e-28,-5.27437e-31,-8.426221e-23,-0.033871282,0.033768218,3.4169466e-19,2.018152e-05,-0.0013230443,0.16647325,0.004927763,-9.189025e-32,-1.2025242e-11,0.27981403,0.0003584578,-7.065989e-30,2.193967e-22,-1.4693431e-29,8.1885075e-19,-5.148349e-05,1.7448908e-08,1.3831048e-29,-0.059599586,-6.583923e-07,0.0008743219,-0.005295422,0.19777814,-4.6061197e-29,3.3605447e-26,0.17937165
460,0.63840216,0.0013657294,-1.3169905e-05,2.8001745e-29,-6.627522e-30,-2.2028122e-22,-0.10067867,0.10273017,1.4457651e-19,7.488692e-05,-0.0048682285,0.4437744,0.017602473,-1.5957048e-31,-2.7134067e-10,0.7209933,0.0017386309,-5.3822268e-30,2.06188e-22,-9.9616725e-30,7.7513575e-19,-0.00021422171,7.9068315e-08,2.3419763e-29,-0.17363676,-3.9420347e-06,0.0033701414,-0.018483419,0.52003866,-1.8185678e-28,2.0844965e-26,0.47737703
461,0.13277018,6.4891065e-06,8.791244e-07,2.2461086e-29,-1.9132554e-29,-2.6647936e-23,-0.014471535,0.013694115,3.9956561e-19,3.3157667e-06,-0.0002863293,0.08555913,0.0012453366,-1.5430409e-31,8.52375e-11,0.1521241,-5.6492165e-05,-7.3479336e-30,2.2903167e-22,-1.7481723e-29,8.5757314e-19,-2.4119436e-06,-4.5454733e-09,1.3692724e-29,-0.026240304,4.1926592e-07,0.00014085602,-0.0014797766,0.104064666,-1.0785292e-29,6.5457693e-26,0.092401676
462,0.3329075,0.0005534344,-4.836368e-06,1.1295196e-28,-1.5449682e-29,-2.2604503e-22,-0.04891019,0.049259212,2.369144e-19,3.204533e-05,-0.002120365,0.22772495,0.0077965446,-2.2809812e-31,-7.140816e-11,0.3770143,0.00066786376,-5.9018814e-30,2.2739954e-22,-1.17440906e-29,7.592358e-19,-8.750843e-05,2.9604447e-08,1.5979519e-29,-0.08501967,-1.3623819e-06,0.001435538,-0.008289439,0.2689732,-1.3211704e-28,4.2260653e-26,0.24508813
463,1.112222,0.0026095537,-2.6208045e-05,3.1903383e-28,3.876813e-29,-3.9799363e-22,-0.17941763,0.18406995,-1.00638516e-19,0.0001407551,-0.009041203,0.7773874,0.032490805,-1.3913835e-31,-5.880395e-10,1.2552596,0.0033894258,-3.9879535e-30,1.9032635e-22,-4.764823e-30,5.505834e-19,-0.0004083351,1.5648969e-07,2.6053493e-29,-0.3090065,-7.979584e-06,0.006316619,-0.033942442,0.9084806,-3.5741507e-28,-6.602877e-26,0.8364751
464,1.2113376,0.002829412,-2.786594e-05,1.2052939e-28,3.3699546e-29,-4.3124625e-22,-0.19604628,0.20122834,-2.120886e-20,0.00015074278,-0.009838287,0.8475757,0.035463527,-1.6956327e-31,-6.0171235e-10,1.3664819,0.0036746592,-4.4453412e-30,2.0253641e-22,-8.696648e-30,7.9964325e-19,-0.0004399131,1.6294126e-07,3.3886286e-29,-0.3376756,-8.446736e-06,0.006866602,-0.03704911,0.9900592,-3.4100176e-28,-6.888935e-26,0.9118161
465,1.2871375,0.0030383025,-3.0182922e-05,1.3113827e-28,3.752546e-29,-3.7066703e-22,-0.20876653,0.21438138,-4.7692753e-20,0.00016233414,-0.010533288,0.9010262,0.03790826,-1.0282358e-31,-6.6228023e-10,1.452033,0.003950986,-4.3443578e-30,1.8852519e-22,-8.2985515e-30,7.8111844e-19,-0.0004734059,1.7785622e-07,3.4796128e-29,-0.35948852,-9.176622e-06,0.0073583536,-0.03958509,1.05223,-3.332014e-28,-7.3237316e-26,0.96936667
466,1.0769042,0.0024840278,-2.4556548e-05,1.3311585e-28,2.6095668e-29,-2.9178675e-22,-0.17327374,0.17773366,4.2265905e-20,0.00013344672,-0.008658957,0.75248724,0.031201612,-9.296728e-32,-5.2941795e-10,1.2153198,0.0032189528,-4.8686162e-30,1.9394444e-22,-1.0507988e-29,8.2525675e-19,-0.00038750967,1.4526604e-07,3.0933146e-29,-0.29870173,-7.4425925e-06,0.0060383864,-0.032612573,0.8795304,-2.5740136e-28,-4.771302e-26,0.80965483
467,0.9210309,0.0020692437,-2.0259653e-05,1.3141673e-28,1.7840434e-29,-2.754317e-22,-0.14699641,0.15059255,1.0487549e-19,0.00011151291,-0.007261134,0.6424058,0.026218615,-1.1855013e-31,-4.254947e-10,1.0397203,0.002670992,-5.207077e-30,2.0349456e-22,-1.19057e-29,8.5664504e-19,-0.00032272824,1.1970778e-07,2.8236306e-29,-0.253683,-6.111346e-06,0.005053021,-0.027434543,0.7515306,-2.1826003e-28,-3.1157343e-26,0.69125664
468,0.9114263,0.0020725229,-2.0741049e-05,2.537248e-28,2.1352439e-29,-2.2611848e-22,-0.14542848,0.14899509,4.4436892e-20,0.00011295233,-0.0072357277,0.63555104,0.026037853,-6.2247087e-32,-4.565589e-10,1.029184,0.0026785613,-4.820893e-30,1.8836977e-22,-9.458169e-30,7.206944e-19,-0.00032531252,1.2528034e-07,2.4546555e-29,-0.25091565,-6.2953413e-06,0.005042772,-0.027234204,0.7435505,-2.2006663e-28,-3.1256456e-26,0.6839891
469,0.8885189,0.0020132766,-2.0126705e-05,2.7427036e-28,2.1155579e-29,-2.5776117e-22,-0.14161614,0.14505272,3.6770324e-20,0.00010974436,-0.0070338263,0.61941063,0.025319517,-8.8625856e-32,-4.4305437e-10,1.003337,0.002600772,-4.73868e-30,1.9240287e-22,-8.91692e-30,6.968154e-19,-0.00031595255,1.2148742e-07,2.3630146e-29,-0.24435294,-6.104876e-06,0.0049009537,-0.02648788,0.72476745,-2.3278092e-28,-3.1491377e-26,0.666612
470,0.85581994,0.0019296228,-1.9303037e-05,2.9276155e-28,2.0155715e-29,-2.612114e-22,-0.13612539,0.13938196,3.7990053e-20,0.00010541736,-0.0067476393,0.59632343,0.024291094,-9.6078866e-32,-4.2546433e-10,0.9665135,0.002490734,-4.7257273e-30,1.9378282e-22,-8.712855e-30,6.804524e-19,-0.00030305094,1.1680231e-07,2.254846e-29,-0.23492762,-5.853005e-06,0.0047001233,-0.025418043,0.6979162,-2.3123533e-28,-2.9030328e-26,0.6417849
471,1.22661,0.002893886,-2.8851979e-05,2.4587382e-28,3.9927155e-29,-4.5772694e-22,-0.19876464,0.20404412,-1.0139368e-19,0.00015492154,-0.010025889,0.85841167,0.036070187,-1.6251132e-31,-6.4175343e-10,1.3838066,0.0037630491,-3.920519e-30,1.9484132e-22,-5.406639e-30,6.481124e-19,-0.0004512729,1.7051448e-07,3.0734104e-29,-0.3422193,-8.776772e-06,0.007005172,-0.03767058,1.0026065,-3.8020667e-28,-7.676902e-26,0.92351043
472,1.1608996,0.002752,-2.7919452e-05,3.7402917e-28,3.9691265e-29,-3.660416e-22,-0.18768859,0.19263346,-1.4006246e-19,0.00014899972,-0.0095055215,0.81185365,0.034106057,-8.870034e-32,-6.4145556e-10,1.3101653,0.0035790436,-3.6501515e-30,1.7807433e-22,-3.588796e-30,5.188028e-19,-0.0004316852,1.683103e-07,2.5776075e-29,-0.32317194,-8.529865e-06,0.006647166,-0.035614714,0.9484895,-3.5403323e-28,-6.8220864e-26,0.87357986
473,1.3169111,0.0031289354,-3.1193616e-05,2.3227695e-28,4.3705276e-29,-4.976635e-22,-0.21398573,0.21975757,-1.356312e-19,0.00016704589,-0.010823997,0.92218536,0.038935125,-1.7596109e-31,-6.951842e-10,1.4854647,0.0040731113,-3.701217e-30,1.9428368e-22,-4.7200646e-30,6.4193734e-19,-0.00048749018,1.8377918e-07,3.2713647e-29,-0.3682953,-9.495013e-06,0.00756652,-0.04065056,1.0767726,-4.128975e-28,-8.691896e-26,0.99207556
474,0.76866436,0.0017143099,-1.733863e-05,3.5816242e-28,1.7616262e-29,-2.1287673e-22,-0.12144779,0.12423642,3.9977355e-20,9.4807096e-05,-0.0060010594,0.534718,0.021575626,-6.902263e-32,-3.8907932e-10,0.8685094,0.002208066,-4.7136842e-30,1.889749e-22,-8.218413e-30,6.2482556e-19,-0.00027068754,1.0677064e-07,1.9106405e-29,-0.20974317,-5.265154e-06,0.0041782334,-0.022588823,0.62628204,-2.0617434e-28,-1.9617091e-26,0.5755929
475,0.54949987,0.0011220251,-1.105503e-05,3.1561497e-28,6.1478633e-30,-2.021717e-22,-0.08449644,0.08606315,1.5128637e-19,6.3069296e-05,-0.004017215,0.379982,0.014531613,-1.1894067e-31,-2.3013269e-10,0.62151945,0.0014246001,-5.386006e-30,2.0716055e-22,-1.0988005e-29,7.1023046e-19,-0.00017751209,6.85088e-08,1.644668e-29,-0.1464619,-3.3064937e-06,0.0027772489,-0.015272849,0.44635072,-1.4991379e-28,2.8300693e-27,0.4091312
476,0.49528515,0.0009800603,-9.293904e-06,2.3377759e-28,2.3176999e-29,-2.3294005e-22,-0.075823784,0.07706244,1.8767803e-19,5.460822e-05,-0.003554043,0.34208137,0.012892832,-1.4810152e-31,-1.6874091e-10,0.56028986,0.0012353568,-6.370057e-30,2.1728685e-22,-1.0062322e-29,6.228582e-19,-0.0001541664,5.5991325e-08,1.6097512e-29,-0.13135049,-2.733833e-06,0.0024479784,-0.013574812,0.40209213,-1.9229118e-28,-8.008417e-27,0.3682324
477,0.8023288,0.0017843572,-1.7593933e-05,2.9372581e-28,3.180939e-29,-3.4208114e-22,-0.12724486,0.13017705,4.6408813e-20,9.6947e-05,-0.0062658475,0.5586373,0.022595584,-1.6230782e-31,-3.7250208e-10,0.90616477,0.0022990252,-5.1582415e-30,2.0818795e-22,-7.6946784e-30,5.97785e-19,-0.00027927218,1.04896756e-07,2.0966161e-29,-0.21960649,-5.3029753e-06,0.0043592677,-0.023659252,0.6540667,-2.803193e-28,-4.05281e-26,0.6011861
478,2.2070646,0.0054873093,-5.5362696e-05,2.4161509e-28,9.346799e-29,-7.321181e-22,-0.36417365,0.37485164,-5.1412946e-19,0.00029076316,-0.01878462,1.550966,0.067367546,-1.3881976e-31,-1.2721161e-09,2.4879985,0.0071884766,-1.6028804e-30,1.5757723e-22,4.408255e-30,4.335315e-19,-0.0008542716,3.2545196e-07,4.8241172e-29,-0.62553275,-1.6961647e-05,0.013175633,-0.07020325,1.8078724,-6.994139e-28,-1.9099005e-25,1.6682502
479,3.0559504,0.00772389,-7.817926e-05,1.6615896e-28,1.343411e-28,-8.814694e-22,-0.5072816,0.52264583,-8.130626e-19,0.00040799569,-0.026350012,2.150583,0.094411805,-5.959144e-32,-1.8103428e-09,3.4440348,0.010140858,4.136687e-32,1.196891e-22,1.03684455e-29,3.6745415e-19,-0.0012018728,4.5899301e-07,6.5564114e-29,-0.87076133,-2.400367e-05,0.01850278,-0.09831621,2.5050738,-9.170898e-28,-2.8068913e-25,2.3130682
480,3.7341788,0.009435772,-9.4381845e-05,-3.1468663e-28,1.4901355e-28,-1.1942052e-21,-0.62164164,0.64067775,-8.918495e-19,0.00049413356,-0.03224021,2.6298683,0.11571746,-2.3977485e-31,-2.139588e-09,4.207125,0.012391559,1.0974904e-30,1.2757191e-22,1.1381e-29,6.907756e-19,-0.0014620473,5.462031e-07,8.887297e-29,-1.0668364,-2.8905268e-05,0.022629611,-0.120499305,3.0623586,-1.07574e-27,-3.4835153e-25,2.8281512
481,1.4883128,0.003532556,-3.4776574e-05,-1.6175089e-28,3.8815045e-29,-2.579255e-22,-0.24230368,0.24901159,3.5859107e-20,0.00018740291,-0.012251835,1.0427977,0.0441225,-3.027702e-32,-7.4024575e-10,1.6787063,0.0045972746,-4.9909053e-30,1.7692494e-22,-1.2655141e-29,1.0300784e-18,-0.0005488186,2.026755e-07,4.490089e-29,-0.41716525,-1.0557628e-05,0.008558561,-0.046056297,1.2172544,-2.7696478e-28,-7.9495264e-26,1.1218493
482,-0.6665417,-0.0021010344,2.388852e-05,-5.4973147e-28,-3.1698315e-29,-6.8432535e-23,0.116813734,-0.12202813,8.446369e-19,-0.00011166831,0.006729064,-0.47523713,-0.023669261,-3.5632786e-31,6.883175e-10,-0.750203,-0.0028528455,-1.1372897e-29,2.910571e-22,-1.901194e-29,1.0281178e-18,0.0003312625,-1.473865e-07,9.9213416e-30,0.1999464,7.6305405e-06,-0.0048221103,0.024379477,-0.54986227,8.9965285e-29,1.3352578e-25,-0.5117985
483,-1.1182748,-0.0032934071,3.577902e-05,-3.18221e-28,-2.5890926e-29,1.4046774e-22,0.19404279,-0.20176528,1.0069856e-18,-0.00017333619,0.010784909,-0.79546344,-0.03822926,-2.6411717e-31,9.752272e-10,-1.258129,-0.004422608,-1.3310352e-29,3.0444493e-22,-2.4661363e-29,9.191609e-19,0.0005152525,-2.15937e-07,-3.380365e-30,0.33193102,1.12927455e-05,-0.007672743,0.03952996,-0.9216486,2.0928046e-28,1.5889058e-25,-0.85578716
484,-2.432216,-0.00676151,7.3168e-05,-9.733272e-28,-3.0967238e-29,2.2193033e-22,0.41139895,-0.42642426,1.7113545e-18,-0.00036110994,0.022366822,-1.7189898,-0.07943634,-4.5206193e-31,1.9511435e-09,-2.7403994,-0.009018889,-2.053054e-29,3.9995846e-22,-3.1263696e-29,1.0699669e-18,0.0010622315,-4.4613742e-07,-1.4767393e-29,0.7058772,2.2987215e-05,-0.015858153,0.0823172,-1.9977099,3.9119142e-28,2.6029797e-25,-1.8502749
485,-0.48528236,-0.0016163822,1.7836253e-05,-4.9232475e-29,-4.701168e-30,1.1120653e-22,0.089048386,-0.09327079,6.7869347e-19,-8.298126e-05,0.005178873,-0.35036427,-0.018296532,-1.5671552e-31,5.2014837e-10,-0.5440181,-0.002200831,-1.06147794e-29,2.5846385e-22,-2.0366265e-29,7.453517e-19,0.00025117185,-1.06452475e-07,1.919419e-30,0.1514781,5.695695e-06,-0.003711499,0.018832482,-0.40313897,8.7282934e-29,9.583727e-26,-0.37653872
486,-0.24769327,-0.0009854906,1.1093247e-05,-1.478132e-29,-1.0651419e-29,1.1369602e-22,0.049384687,-0.05227753,5.6665067e-19,-4.8912705e-05,0.0030651176,-0.18301141,-0.010772547,-1.2087885e-31,3.4370018e-10,-0.27617922,-0.001366698,-9.27975e-30,2.380619e-22,-1.906257e-29,7.6688013e-19,0.00015175543,-6.4929736e-08,5.6379384e-30,0.08337061,3.5867592e-06,-0.0022192863,0.011016259,-0.20833093,7.06866e-29,8.7040755e-26,-0.19642714
487,0.89695823,0.0016630448,-1.8213283e-05,2.330578e-28,1.7341552e-29,-2.8864014e-22,-0.1318101,0.13434261,-7.3169243e-20,9.59966e-05,-0.005813762,0.6171056,0.02158542,8.924452e-32,-5.157235e-10,1.0175594,0.002142048,-2.8011842e-30,1.4615873e-22,4.1618142e-30,5.823643e-19,-0.00029055373,1.5519697e-07,1.3830067e-29,-0.23265484,-6.4509795e-06,0.004037316,-0.022697024,0.72624487,-1.8634819e-28,-2.0621527e-26,0.6663656
488,0.26278573,-0.00058581517,4.630793e-06,-6.6995255e-29,-1.23307755e-29,-4.4202267e-22,-0.010384329,0.008169223,2.682507e-19,-2.2311136e-05,0.0016906532,0.15909715,-0.004115758,1.13872e-31,-3.666334e-11,0.30773997,-0.0008307612,-4.606189e-30,2.199809e-22,5.7041952e-30,9.129558e-19,3.485472e-05,6.1300284e-08,-3.0222024e-30,-0.03139428,-3.3408583e-07,-0.0012822568,0.0038628965,0.19905767,-4.5241617e-29,5.1957116e-26,0.17618856
489,0.31628567,-0.00013839791,9.906025e-07,-2.5571354e-28,1.6290912e-29,-3.1729187e-22,-0.02675083,0.025531355,2.5133144e-19,-2.0726147e-06,0.00019572605,0.2016735,0.0005924087,9.3437225e-32,-3.5966174e-11,0.36550054,-0.0002352373,-4.9608213e-30,2.606301e-22,1.3099011e-29,5.7507716e-19,-1.109235e-05,4.6458883e-08,-1.6568306e-29,-0.055710666,-6.8222903e-07,-0.0002155432,-0.000943318,0.24616691,-1.49024e-28,4.756809e-26,0.22063363
490,-1.1188177,-0.003991915,4.231312e-05,-3.9414053e-28,2.4926418e-29,-7.629566e-23,0.21292429,-0.22221728,1.1177077e-18,-0.00020896137,0.013062991,-0.8094701,-0.045093108,-4.75763e-32,1.0643284e-09,-1.2520901,-0.0053437427,-1.5233077e-29,3.262126e-22,-1.8686871e-29,9.615418e-19,0.00059089146,-2.0217253e-07,-1.3342954e-29,0.35569033,1.2121447e-05,-0.009310602,0.046496507,-0.930806,1.6799475e-28,1.1197645e-25,-0.86747944
491,-1.6903048,-0.0052484204,5.7010453e-05,-5.495806e-28,3.2369384e-29,-7.257746e-23,0.29879788,-0.31048873,1.5945163e-18,-0.00028006118,0.017203504,-1.2033705,-0.06018928,-2.000891e-31,1.5161034e-09,-1.9008645,-0.0070076734,-1.9504466e-29,3.8794432e-22,-3.2149922e-29,1.4228632e-18,0.0008088861,-3.2072603e-07,-5.6353636e-30,0.50668126,1.734282e-05,-0.012239202,0.06224602,-1.3937587,3.2026503e-28,1.1656623e-25,-1.2934686
492,-1.7180071,-0.0049494607,5.4366647e-05,-5.2092438e-28,4.411818e-30,-2.6912993e-23,0.29288384,-0.303868,1.5485298e-18,-0.00026539149,0.016226253,-1.2147126,-0.05734833,-3.210682e-31,1.481536e-09,-1.936192,-0.006613004,-1.8404673e-29,3.8311559e-22,-3.2260437e-29,1.4328444e-18,0.00078093656,-3.3340206e-07,-2.3136437e-30,0.50117844,1.7168179e-05,-0.01153531,0.059379905,-1.4112079,3.2992752e-28,1.4401161e-25,-1.3076841
493,-1.0602441,-0.0032059422,3.5443947e-05,-1.5416133e-28,1.9016392e-30,-8.032924e-23,0.18406956,-0.19139247,1.1636387e-18,-0.00017066138,0.010414945,-0.75244933,-0.036690347,-2.3890728e-31,9.792773e-10,-1.1941313,-0.00430155,-1.436358e-29,3.3332102e-22,-2.8094897e-29,1.3291189e-18,0.00050545344,-2.1621594e-07,2.4114862e-30,0.31400117,1.1238226e-05,-0.0074259927,0.03793156,-0.8725716,2.3291205e-28,9.754366e-26,-0.8098824
494,-0.19534948,-0.00085208425,9.757941e-06,1.293973e-28,-1.6835198e-29,-1.0115856e-22,0.03951515,-0.042032838,5.4903157e-19,-4.231897e-05,0.0025965169,-0.14398079,-0.009012433,-1.5982986e-31,2.8591485e-10,-0.21854164,-0.0011871015,-8.4702316e-30,2.5076936e-22,-1.7136807e-29,9.597539e-19,0.00013206803,-5.6334024e-08,8.632862e-30,0.066349655,3.1648146e-06,-0.0018927287,0.009186496,-0.16394582,4.57418e-29,7.222145e-26,-0.15487093
495,-0.30204788,-0.001131413,1.2608978e-05,5.7913026e-29,-3.6609313e-29,-4.2977985e-23,0.05756204,-0.0606801,5.7978495e-19,-5.683538e-05,0.003543104,-0.21966863,-0.012403967,-1.8580447e-31,3.525152e-10,-0.33859745,-0.0015583378,-8.3717685e-30,2.527813e-22,-1.8647621e-29,9.923447e-19,0.0001752474,-7.3037995e-08,7.408556e-30,0.09736839,4.040939e-06,-0.0025594486,0.012707107,-0.2517899,9.003954e-29,1.02846286e-25,-0.23623669
496,-0.42573965,-0.0013964514,1.4939852e-05,-5.0856636e-29,-7.262895e-29,4.6411306e-24,0.07728529,-0.08108691,4.7611415e-19,-6.961571e-05,0.0044843564,-0.30677688,-0.0158927,-2.5552795e-31,3.791204e-10,-0.4779425,-0.0019124286,-7.158011e-30,2.4098274e-22,-1.4110503e-29,7.9363715e-19,0.0002141736,-8.44919e-08,3.6881483e-30,0.13202703,4.714291e-06,-0.0032143337,0.01632836,-0.35325223,7.369236e-29,1.6186807e-25,-0.3300539
497,0.5211015,0.001080286,-1.0642472e-05,3.162212e-28,5.835026e-31,-3.62782e-22,-0.080832854,0.08223565,4.452297e-20,6.0571958e-05,-0.0038596718,0.36076844,0.013942611,-2.4947096e-31,-2.3422836e-10,0.58902776,0.0013688789,-4.5481257e-30,2.1604908e-22,-5.2263916e-30,5.220671e-19,-0.00017087566,6.573664e-08,1.4405643e-29,-0.13958111,-3.1882444e-06,0.0026694096,-0.014666493,0.4235874,-2.548132e-28,9.4447604e-27,0.3881915
498,0.6406884,0.0013833588,-1.3716097e-05,3.120449e-28,7.856058e-30,-3.4237083e-22,-0.100605294,0.102668256,3.759722e-20,7.649667e-05,-0.0048906263,0.44494396,0.017640788,-2.06151e-31,-3.0189512e-10,0.7238674,0.0017692775,-4.5720708e-30,2.0976576e-22,-6.2581213e-30,5.719758e-19,-0.00021791938,8.3701394e-08,1.7228048e-29,-0.17366695,-4.1325775e-06,0.003394266,-0.01850922,0.5216132,-2.538619e-28,-5.379076e-27,0.47880223
499,1.3670027,0.0032872544,-3.3173717e-05,3.63096e-28,5.122941e-29,-5.2660694e-22,-0.22255708,0.22861911,-2.3474223e-19,0.00017624952,-0.011325756,0.95757276,0.04065756,-1.6381889e-31,-7.6028495e-10,1.5420399,0.0042855823,-3.0476514e-30,1.8391001e-22,-1.012499e-30,4.7610376e-19,-0.00051360624,1.9737558e-07,2.9970025e-29,-0.38286245,-1.0134813e-05,0.007926967,-0.042431105,1.1178855,-4.6151194e-28,-9.7834456e-26,1.030186
500,0.8029283,0.0017926891,-1.7952472e-05,3.0398828e-28,1.7633276e-29,-2.37298e-22,-0.12720051,0.13016859,5.496341e-20,9.839244e-05,-0.0062813773,0.5589471,0.022614826,-8.865561e-32,-3.9530318e-10,0.90698445,0.002310169,-4.8217025e-30,1.9379048e-22,-9.045394e-30,6.794505e-19,-0.0002820131,1.09224445e-07,2.1267891e-29,-0.21963534,-5.4399015e-06,0.0043724366,-0.023674231,0.65445954,-2.1260885e-28,-2.271647e-26,0.60160625
501,0.7958649,0.0017670374,-1.7584147e-05,2.7291542e-28,1.6194961e-29,-2.4288833e-22,-0.12599112,0.12891504,7.49118e-20,9.675592e-05,-0.006203609,0.55397,0.022358097,-9.993684e-32,-3.8174924e-10,0.8989676,0.0022754713,-4.948877e-30,1.9746141e-22,-9.7944514e-30,7.164948e-19,-0.00027754615,1.06431315e-07,2.2027056e-29,-0.21758637,-5.317809e-06,0.004315787,-0.023410302,0.6486765,-2.0728531e-28,-2.1337073e-26,0.5962314
502,0.6772284,0.0014632826,-1.46319435e-05,3.1772382e-28,1.13125785e-29,-1.9790795e-22,-0.10599667,0.108274505,1.0036676e-19,8.126859e-05,-0.0051648864,0.4701422,0.018615585,-8.6598933e-32,-3.1832242e-10,0.7654544,0.0018754324,-5.074502e-30,1.970146e-22,-1.0011378e-29,6.901759e-19,-0.00023104154,9.00949e-08,1.8620679e-29,-0.18330693,-4.418348e-06,0.0035867163,-0.019515835,0.55120486,-1.7306204e-28,-8.3166585e-27,0.5061218
503,0.65739405,0.0013982181,-1.3764078e-05,2.6696892e-28,8.6419516e-30,-2.2079886e-22,-0.10263668,0.10479398,1.3417113e-19,7.7270786e-05,-0.00496114,0.45617026,0.017928492,-1.1761208e-31,-2.8908287e-10,0.74298227,0.0017881321,-5.278142e-30,2.0534768e-22,-1.11976245e-29,7.5049327e-19,-0.0002199696,8.3743004e-08,1.9741619e-29,-0.17758194,-4.134362e-06,0.0034398322,-0.01880728,0.534961,-1.684517e-28,-6.0428656e-27,0.49104676
504,0.7086875,0.0015443352,-1.5415886e-05,3.1395167e-28,1.3020788e-29,-2.2526712e-22,-0.111320004,0.113767594,8.673555e-20,8.5358086e-05,-0.005441356,0.49238813,0.019613069,-1.0061066e-31,-3.35597e-10,0.8008381,0.0019823625,-4.9865268e-30,1.9842853e-22,-9.64655e-30,6.8578556e-19,-0.00024338716,9.434879e-08,1.9325193e-29,-0.19242036,-4.656842e-06,0.0037809287,-0.020553976,0.5770649,-1.9024232e-28,-1.2936148e-26,0.5300263
505,0.7052164,0.0015255003,-1.5056861e-05,2.7889984e-28,1.25431514e-29,-2.5590774e-22,-0.11075647,0.11317626,1.06250884e-19,8.386663e-05,-0.0053905766,0.49001384,0.019465368,-1.2853568e-31,-3.2031977e-10,0.7967957,0.0019565537,-5.1199208e-30,2.0528618e-22,-1.02674605e-29,7.2531435e-19,-0.00023964394,9.1185356e-08,2.035345e-29,-0.19147134,-4.532726e-06,0.003742505,-0.020404879,0.5742829,-1.9524396e-28,-1.4012234e-26,0.5274222
506,0.48507267,0.00095007074,-9.284418e-06,3.0684157e-28,1.5416377e-30,-1.7795646e-22,-0.0736157,0.07482858,1.8477199e-19,5.404605e-05,-0.0034383358,0.33447504,0.012466629,-1.1739128e-31,-1.8749693e-10,0.5489526,0.0011972426,-5.560787e-30,2.0950283e-22,-1.1934402e-29,7.406106e-19,-0.00015075202,5.812964e-08,1.5591363e-29,-0.12783885,-2.7591088e-06,0.002369018,-0.013126831,0.39343783,-1.2300178e-28,1.16073055e-26,0.36019394
507,0.84394896,0.0018949853,-1.88466e-05,3.0070996e-28,2.1984283e-29,-3.2075508e-22,-0.13423535,0.13741946,3.4544303e-20,0.00010319412,-0.0066360305,0.5880954,0.023914292,-1.3772292e-31,-4.1218146e-10,0.9529903,0.0024451485,-4.7114438e-30,2.014848e-22,-8.158572e-30,6.6946963e-19,-0.00029703125,1.1333731e-07,2.2343035e-29,-0.23165858,-5.703667e-06,0.004620485,-0.025028821,0.6882842,-2.5507967e-28,-3.3367448e-26,0.63287497
508,0.814505,0.0018490751,-1.8909377e-05,4.247035e-28,2.2503664e-29,-2.284274e-22,-0.12923875,0.132288,-1.8301216e-20,0.00010236382,-0.0064389906,0.56709605,0.023102686,-5.8537397e-32,-4.3585235e-10,0.92022717,0.0023877856,-4.339846e-30,1.8230414e-22,-6.165019e-30,5.3679193e-19,-0.00029245354,1.170535e-07,1.8066992e-29,-0.22303176,-5.765328e-06,0.004490385,-0.024170864,0.66391337,-2.3541995e-28,-2.7248045e-26,0.6104433
509,0.8565886,0.0019366557,-1.9444591e-05,3.182752e-28,2.1140888e-29,-2.6475671e-22,-0.13627864,0.13954215,2.2381233e-20,0.00010596015,-0.0067650094,0.5968671,0.024339579,-9.4284333e-32,-4.323114e-10,0.9674101,0.002500677,-4.619139e-30,1.9215854e-22,-8.0768025e-30,6.499459e-19,-0.00030443416,1.18016956e-07,2.1852745e-29,-0.23516771,-5.902185e-06,0.0047137095,-0.025466539,0.698542,-2.379908e-28,-3.013859e-26,0.64238036
510,0.9916806,0.0023179846,-2.371643e-05,4.2114378e-28,3.1839964e-29,-2.659994e-22,-0.15912119,0.16314839,-8.8948386e-20,0.00012698758,-0.008022422,0.6922446,0.028758049,-4.4966197e-32,-5.504691e-10,1.1197766,0.0030070764,-3.948394e-30,1.7426163e-22,-4.5641094e-30,5.052832e-19,-0.00036541282,1.452864e-07,2.1321883e-29,-0.27422348,-7.250658e-06,0.0056059323,-0.030049037,0.80942774,-2.8678038e-28,-4.7002428e-26,0.7450283
511,0.94519603,0.0021751537,-2.1871878e-05,3.6820174e-28,2.9863334e-29,-3.7320643e-22,-0.15136684,0.1551107,-5.3910824e-20,0.000118238095,-0.00756577,0.65957767,0.027204864,-1.4526945e-31,-4.925646e-10,1.0670922,0.0028168892,-4.1454446e-30,1.9535017e-22,-5.3287435e-30,5.5835586e-19,-0.00034119454,1.318108e-07,2.2179783e-29,-0.2609317,-6.6501916e-06,0.00527896,-0.02844511,0.7714056,-3.1334093e-28,-4.8352255e-26,0.70976907
512,1.6007316,0.0038954616,-3.9220846e-05,3.2027526e-28,6.3995065e-29,-6.1449826e-22,-0.26197326,0.26931107,-3.1251323e-19,0.00020760809,-0.013392791,1.1226851,0.048075702,-1.8238808e-31,-8.9618335e-10,1.8051728,0.005087817,-2.6661325e-30,1.8122808e-22,5.83948e-31,4.620305e-19,-0.0006073202,2.3161505e-07,3.5257674e-29,-0.45039323,-1.1987842e-05,0.009380499,-0.050146535,1.3098785,-5.415572e-28,-1.2617608e-25,1.2077024
513,2.4483857,0.006140036,-6.220082e-05,3.3966387e-28,1.0907596e-28,-8.730456e-22,-0.4050546,0.41706556,-6.8142353e-19,0.00032523656,-0.020970596,1.7215484,0.07515246,-1.7123029e-31,-1.4466521e-09,2.7597332,0.0080530215,-4.910166e-31,1.4964573e-22,9.5948506e-30,2.7174455e-19,-0.0009561813,3.661466e-07,5.0101647e-29,-0.6954526,-1.9086472e-05,0.014719577,-0.07829139,2.0061486,-8.238464e-28,-2.2521777e-25,1.8516693
514,4.1745872,0.010596889,-0.00010606993,-2.766989e-28,1.7524504e-28,-1.4911859e-21,-0.6961634,0.7176029,-1.1260002e-18,0.0005541141,-0.036166552,2.9411829,0.12979077,-3.5554214e-31,-2.416221e-09,4.7028046,0.013926022,2.6109494e-30,1.2848021e-22,1.8216294e-29,5.2904456e-19,-0.001641167,6.1283276e-07,9.5904444e-29,-1.1943692,-3.2499433e-05,0.025394825,-0.13513368,3.4242575,-1.2975605e-27,-4.1077568e-25,3.1627982
515,3.5762794,0.009069664,-9.14849e-05,-7.115295e-29,1.5002108e-28,-1.0213641e-21,-0.59501076,0.61322415,-9.310754e-19,0.00047740145,-0.030936984,2.5181553,0.110889964,-9.6668735e-32,-2.1057427e-09,4.029853,0.011913797,1.1207107e-30,1.0446283e-22,1.3109272e-29,4.80278e-19,-0.0014091559,5.345013e-07,7.9789015e-29,-1.0211223,-2.8077267e-05,0.021725442,-0.11545748,2.932474,-1.0244347e-27,-3.3122048e-25,2.7082431
516,1.9799478,0.004834392,-4.7427646e-05,-5.272006e-28,5.149012e-29,-6.6556747e-22,-0.32634717,0.33568847,-2.1400801e-19,0.0002534451,-0.016678514,1.3905941,0.060016558,-3.4252013e-31,-1.0206281e-09,2.2318923,0.006310696,-2.4307858e-30,1.7352442e-22,-7.3028856e-32,8.6537604e-19,-0.0007480905,2.72213e-07,5.6323304e-29,-0.5604066,-1.44161195e-05,0.011670829,-0.06260157,1.6214067,-5.304531e-28,-1.3243804e-25,1.4954587
517,-0.47943586,-0.0016017952,1.7721944e-05,-1.9615036e-28,-2.0969957e-29,1.8201639e-22,0.08824922,-0.09246069,6.8668735e-19,-8.208957e-05,0.0051285294,-0.3467947,-0.018127006,-1.7374815e-31,5.217239e-10,-0.5371537,-0.002185035,-1.0277659e-29,2.511716e-22,-2.1187667e-29,7.876056e-19,0.00024865297,-1.0591528e-07,3.447655e-30,0.15019831,5.660414e-06,-0.0036768012,0.018650517,-0.39871678,1.2351867e-28,1.1759978e-25,-0.37262967
518,-2.5614576,-0.0070668035,7.604852e-05,-1.1209182e-27,-4.0889852e-29,3.7495319e-22,0.43363306,-0.44945818,1.6560046e-18,-0.0003762518,0.023443043,-1.8120941,-0.08342108,-5.065473e-31,2.0267992e-09,-2.8847277,-0.009425348,-2.0255864e-29,3.852561e-22,-2.8760538e-29,7.500547e-19,0.0011077253,-4.6264833e-07,-2.1230651e-29,0.7444933,2.3862747e-05,-0.016607502,0.086459085,-2.1051157,3.8826269e-28,2.95489e-25,-1.9500782
519,-1.5912554,-0.0045571695,4.931185e-05,-5.064899e-28,-7.5841195e-30,2.9472268e-22,0.2743043,-0.28476247,1.2355094e-18,-0.00024137672,0.015031051,-1.1308188,-0.053397432,-3.2582423e-31,1.3561272e-09,-1.7900368,-0.006096014,-1.6441006e-29,3.3576328e-22,-2.925378e-29,7.27395e-19,0.000713829,-3.0042312e-07,-1.2716949e-29,0.46969345,1.5540201e-05,-0.010667895,0.055286948,-1.3109349,2.56952e-28,1.8176012e-25,-1.2162675
520,-1.3231678,-0.0038364048,4.1641622e-05,-4.969506e-28,-1.6325327e-29,2.8662136e-22,0.22896184,-0.23790051,1.1100019e-18,-0.00020257299,0.012611579,-0.9412827,-0.044783868,-2.75544e-31,1.1512346e-09,-1.4881862,-0.0051441547,-1.5024234e-29,3.1268147e-22,-2.715177e-29,7.6965935e-19,0.0006003483,-2.530769e-07,-7.3061695e-30,0.39200893,1.3138777e-05,-0.008960963,0.04633635,-1.0906575,2.3112946e-28,1.7607398e-25,-1.012443
521,0.41014332,-0.00016488862,3.210621e-07,9.305446e-29,6.637928e-31,-3.120178e-22,-0.036793027,0.03546008,2.7461978e-19,6.642549e-07,0.00025809836,0.26443684,0.00097311754,2.015549e-31,-1.2554277e-10,0.47332028,-0.0002814905,-6.368297e-30,1.8797187e-22,-9.2979715e-30,1.0470584e-18,-3.326877e-05,8.8459345e-08,1.6907387e-29,-0.07606553,-1.7012037e-06,-0.00027560536,-0.0014242362,0.32081202,-2.7516026e-29,2.323967e-26,0.28928083
522,0.43947738,-0.00082702795,5.840243e-06,-7.75748e-29,1.682007e-29,-5.499479e-22,-0.022419933,0.019503124,2.8605658e-19,-3.0754774e-05,0.0024329307,0.2714455,-0.0053961445,3.8214216e-31,-1.1828893e-10,0.51331544,-0.001160556,-6.885762e-30,1.7854554e-22,-4.2469434e-30,1.1772001e-18,2.5850488e-05,1.2403584e-07,1.8674085e-29,-0.060417973,-1.512278e-06,-0.0018411856,0.004996448,0.3360383,-4.514715e-29,5.9161733e-27,0.30029368
523,-0.34479344,-0.0034274166,3.2542077e-05,-3.844489e-28,4.167194e-29,-7.0282074e-22,0.12292807,-0.13146068,6.574359e-19,-0.00016818543,0.011126846,-0.29200548,-0.035430167,3.2211282e-31,4.9629384e-10,-0.36520523,-0.004598868,-1.06066935e-29,2.3890555e-22,-1.3649562e-30,1.1328377e-18,0.0004059268,5.1376503e-09,-5.880417e-31,0.18271479,5.8318283e-06,-0.00799646,0.036068767,-0.3141602,2.558534e-29,3.121615e-26,-0.30341
524,-0.8638065,-0.0048377835,4.801614e-05,-6.1049543e-28,2.3148886e-29,-6.7903203e-22,0.2099439,-0.22129475,1.0385725e-18,-0.00024555574,0.015809393,-0.6573775,-0.052024692,2.9431275e-31,9.0605834e-10,-0.9509752,-0.0064642914,-1.3340104e-29,3.0579525e-22,-6.00822e-30,1.474655e-18,0.00063326897,-9.534371e-08,-9.1770795e-30,0.33170328,1.0783188e-05,-0.011310678,0.053303815,-0.7394592,1.6767447e-28,8.394911e-26,-0.69676125
525,-0.60978764,-0.0038160826,3.759801e-05,-2.5341562e-28,2.7322166e-29,-7.513141e-22,0.15785079,-0.1670374,8.053023e-19,-0.00019182067,0.012421485,-0.4711631,-0.04055035,1.539742e-31,6.7794004e-10,-0.6681222,-0.0051113814,-1.1788972e-29,2.8260587e-22,-8.3080585e-30,1.2881522e-18,0.0004886,-5.7311656e-08,1.4098744e-30,0.24664143,8.097673e-06,-0.008902789,0.0414672,-0.5265172,4.874022e-29,4.5510476e-26,-0.4981091
526,-0.4628684,-0.0019078474,2.0814801e-05,-7.580795e-29,2.0596698e-29,-2.2733202e-22,0.09268586,-0.09746982,7.7271563e-19,-9.879733e-05,0.006079967,-0.3383032,-0.020758148,-1.3426084e-31,5.4699395e-10,-0.5171521,-0.0025845212,-1.13105156e-29,2.8668018e-22,-1.7762256e-29,1.0362956e-18,0.00028147275,-9.78351e-08,5.494683e-30,0.15358236,6.019154e-06,-0.0043712184,0.02130252,-0.38707682,5.223986e-29,4.9035572e-26,-0.36253682
527,-0.97513384,-0.003009593,3.3379783e-05,-1.0198057e-28,6.378728e-30,-1.210909e-22,0.17040896,-0.17729199,1.1473488e-18,-0.00016022725,0.009746449,-0.6926364,-0.03424443,-2.1889532e-31,9.2397257e-10,-1.0981634,-0.0040407637,-1.4126215e-29,3.316574e-22,-2.8124373e-29,1.3858084e-18,0.0004739239,-2.0209409e-07,4.0640267e-30,0.29016283,1.0560993e-05,-0.0069565317,0.035386607,-0.8028586,2.2621951e-28,8.287284e-26,-0.7454502
528,-0.43596056,-0.0015407002,1.7419037e-05,1.3971047e-28,8.279603e-31,-1.2882187e-22,0.08027306,-0.084113725,7.9832297e-19,-8.032684e-05,0.004861314,-0.31320393,-0.0169573,-1.5398759e-31,5.009191e-10,-0.49006125,-0.0020952679,-1.0693866e-29,2.8390905e-22,-2.3088584e-29,1.2122414e-18,0.00024240007,-1.04668985e-07,7.741573e-30,0.13566858,5.590299e-06,-0.0034996239,0.017441284,-0.36102155,1.301667e-28,5.569006e-26,-0.33699438
529,-0.52596253,-0.00178349,1.998394e-05,1.2383258e-28,-4.3353375e-30,-1.2224262e-22,0.09545168,-0.0997933,8.4307013e-19,-9.330144e-05,0.0056752535,-0.3767544,-0.019848954,-1.7310051e-31,5.652179e-10,-0.5914839,-0.0024163953,-1.0948972e-29,2.9095715e-22,-2.4225492e-29,1.2477408e-18,0.00028054227,-1.2021376e-07,6.615359e-30,0.16166167,6.388831e-06,-0.0040742867,0.020444773,-0.43491724,1.5456712e-28,6.5439944e-26,-0.40535745
530,-0.16638577,-0.0007309831,7.923707e-06,1.7284253e-28,-3.9039557e-29,-4.1243734e-23,0.034658648,-0.037019797,3.965729e-19,-3.4179342e-05,0.0022455985,-0.12431678,-0.007890842,-1.7270935e-31,2.1199985e-10,-0.18536054,-0.0010269663,-6.875565e-30,2.2959432e-22,-1.3514831e-29,7.550545e-19,0.00011022995,-4.2319463e-08,5.1510042e-30,0.05838667,2.543756e-06,-0.0016344176,0.008026516,-0.14073235,2.3994872e-29,1.0230118e-25,-0.13354543
531,0.4040094,0.00077474624,-7.619601e-06,2.9434734e-28,-1.4733695e-30,-2.1997345e-22,-0.061133835,0.06191626,1.3796326e-19,4.5041674e-05,-0.0028280541,0.2782414,0.010229512,-1.5194527e-31,-1.6257407e-10,0.45723566,0.00096515636,-5.3563238e-30,2.0818332e-22,-7.595875e-30,5.9414595e-19,-0.0001241602,4.9225317e-08,1.308286e-29,-0.105896376,-2.2625425e-06,0.0019426786,-0.010801851,0.32751217,-1.6614605e-28,2.41356e-26,0.29947278
532,0.53704995,0.0011350878,-1.1307546e-05,2.9496296e-28,-8.169765e-31,-3.2712585e-22,-0.08376557,0.0852665,2.7678187e-20,6.3804546e-05,-0.004036945,0.3721949,0.014544426,-2.2123568e-31,-2.5529268e-10,0.60699236,0.0014406985,-4.4726165e-30,2.0806978e-22,-4.409209e-30,4.947244e-19,-0.00018005873,7.045401e-08,1.465482e-29,-0.14447537,-3.4043844e-06,0.0027957603,-0.015290677,0.43677476,-2.5239974e-28,1.4209135e-26,0.4004573
533,1.804715,0.0044551077,-4.5156274e-05,4.624506e-28,7.952721e-29,-7.8970056e-22,-0.29663208,0.30509517,-4.960443e-19,0.0002372367,-0.015257046,1.2669379,0.054703023,-2.427086e-31,-1.0533806e-09,2.0348306,0.00583048,-1.4044148e-30,1.7686463e-22,6.77483e-30,2.5090037e-19,-0.00069484004,2.671347e-07,3.5294e-29,-0.50960046,-1.3837681e-05,0.010699387,-0.057030197,1.4775177,-6.8158073e-28,-1.6011475e-25,1.3627945
534,0.9713334,0.00223022,-2.2278256e-05,2.8187899e-28,2.628578e-29,-3.3018022e-22,-0.15564388,0.1595295,-9.357067e-21,0.00012082991,-0.0077691353,0.6779698,0.027962118,-1.2285086e-31,-4.9309823e-10,1.096508,0.002887437,-4.4378805e-30,1.9479466e-22,-7.5386405e-30,6.646246e-19,-0.00034922748,1.3349234e-07,2.4993714e-29,-0.2683535,-6.763862e-06,0.0054184673,-0.029236764,0.79283667,-2.8169386e-28,-4.4243708e-26,0.7295462
535,1.1566283,0.0027338297,-2.762407e-05,3.4589134e-28,3.856185e-29,-3.7914155e-22,-0.18695912,0.1918745,-1.23939e-19,0.00014773142,-0.009452883,0.8088564,0.03394009,-1.0457955e-31,-6.2974104e-10,1.305283,0.0035542918,-3.7491676e-30,1.8225199e-22,-4.190047e-30,5.510093e-19,-0.00042834503,1.6589661e-07,2.6515547e-29,-0.3219398,-8.429999e-06,0.006608256,-0.03544525,0.94500583,-3.530293e-28,-6.7656175e-26,0.87032986
536,0.61303025,0.001282827,-1.25957085e-05,2.8492653e-28,7.073805e-30,-2.311376e-22,-0.095186934,0.09709822,1.3916903e-19,7.1206625e-05,-0.004568864,0.42485476,0.016525336,-1.3328893e-31,-2.6272462e-10,0.69299996,0.0016361426,-5.280034e-30,2.0849435e-22,-1.1046956e-29,7.359837e-19,-0.00020201787,7.688564e-08,1.8484958e-29,-0.16479746,-3.7744396e-06,0.0031640416,-0.01734851,0.49853948,-1.6730792e-28,-2.8079627e-27,0.45736262
537,0.6291976,0.0013395648,-1.3389765e-05,3.4657227e-28,1.00290394e-29,-2.1873187e-22,-0.09794794,0.099959016,9.896187e-20,7.477302e-05,-0.0047427122,0.43624836,0.017103795,-1.0936032e-31,-2.9121494e-10,0.7113346,0.0017127062,-5.0254554e-30,2.0088421e-22,-9.5538065e-30,6.622708e-19,-0.00021180959,8.282541e-08,1.7013825e-29,-0.16948271,-4.0364985e-06,0.0032902474,-0.01794387,0.51177955,-1.7774718e-28,-5.6802546e-27,0.46966138
538,0.5822851,0.0012174572,-1.2180133e-05,3.5117036e-28,7.552673e-30,-1.915774e-22,-0.09002204,0.09177749,1.179657e-19,6.8507594e-05,-0.0043277983,0.40309095,0.015612929,-9.911837e-32,-2.6370056e-10,0.65853953,0.0015515618,-5.1403804e-30,2.0056757e-22,-1.00200184e-29,6.6838696e-19,-0.00019304478,7.603006e-08,1.6017475e-29,-0.15590891,-3.666086e-06,0.0029984626,-0.016393058,0.47323117,-1.5765188e-28,4.4138e-28,0.43402007
539,0.5408846,0.0010972973,-1.0800055e-05,2.9847056e-28,3.4015293e-30,-1.7714134e-22,-0.08299124,0.08451232,1.663591e-19,6.1824016e-05,-0.0039355485,0.3738476,0.014240962,-1.0703182e-31,-2.234469e-10,0.611843,0.0013914912,-5.4496588e-30,2.0595974e-22,-1.17025236e-29,7.392596e-19,-0.00017372714,6.710023e-08,1.6748016e-29,-0.14391097,-3.2280388e-06,0.0027192615,-0.014971091,0.4392418,-1.3255547e-28,7.117368e-27,0.40254804
540,0.43457967,0.0008150556,-7.874574e-06,3.0579738e-28,-1.808045e-30,-1.8068233e-22,-0.06509109,0.066021696,2.0206575e-19,4.686315e-05,-0.002983551,0.29878855,0.010848139,-1.3430238e-31,-1.5320895e-10,0.4920666,0.0010188234,-5.6255e-30,2.1364837e-22,-1.2345309e-29,7.4894375e-19,-0.00012959435,4.9631655e-08,1.4697322e-29,-0.113231055,-2.3215136e-06,0.0020483641,-0.011445564,0.3519586,-1.1372058e-28,1.7274507e-26,0.32181057
541,0.3350214,0.0005424673,-4.911558e-06,2.7826813e-28,-6.1259107e-30,-1.9793835e-22,-0.048359197,0.048732553,2.5854223e-19,3.2020474e-05,-0.0020759655,0.22859927,0.007640764,-1.70812e-31,-7.5974727e-11,0.37977687,0.0006580524,-5.985792e-30,2.252953e-22,-1.3641184e-29,8.0010544e-19,-8.6333814e-05,3.1154944e-08,1.3882196e-29,-0.08457691,-1.3924534e-06,0.0014063355,-0.008116026,0.27029747,-9.475192e-29,2.5304094e-26,0.24626702
542,0.3242071,0.00053337746,-5.1286206e-06,3.6058806e-28,-4.734032e-30,-1.6143463e-22,-0.04654814,0.04687692,2.1783675e-19,3.2427208e-05,-0.002019858,0.22087388,0.0073781675,-1.3382993e-31,-9.468176e-11,0.3678058,0.0006482005,-5.704396e-30,2.1502508e-22,-1.2059406e-29,7.0831414e-19,-8.636261e-05,3.43201e-08,1.1268364e-29,-0.081420355,-1.4840336e-06,0.0013721089,-0.007834689,0.26132748,-9.3825884e-29,2.6622355e-26,0.23803714
543,0.5864538,0.0012270631,-1.2222723e-05,3.594493e-28,9.361353e-30,-2.3323752e-22,-0.09079754,0.092571646,1.0859137e-19,6.877481e-05,-0.0043627606,0.4061311,0.01575007,-1.2547653e-31,-2.6365737e-10,0.6631416,0.0015644338,-5.0847646e-30,2.048257e-22,-9.470951e-30,6.5488665e-19,-0.0001941717,7.5822626e-08,1.6000325e-29,-0.15721408,-3.6746462e-06,0.0030226365,-0.016536947,0.4767262,-1.7747567e-28,-3.6999857e-27,0.4372519
544,0.69797885,0.0015318289,-1.5511605e-05,3.9308774e-28,1.5336935e-29,-2.2839207e-22,-0.10958211,0.11197971,4.4411663e-20,8.527252e-05,-0.0053789294,0.48482054,0.0193462,-9.21786e-32,-3.4885017e-10,0.7888833,0.0019678774,-4.6934503e-30,1.9336647e-22,-7.836353e-30,5.944112e-19,-0.00024238968,9.616855e-08,1.6924672e-29,-0.1893757,-4.703973e-06,0.0037412143,-0.02027046,0.56824774,-2.0520728e-28,-1.4606573e-26,0.5219255
545,0.7449806,0.0016524105,-1.668151e-05,3.792925e-28,1.7473698e-29,-2.5383484e-22,-0.117514074,0.12016687,3.0955994e-20,9.139886e-05,-0.00579094,0.51804,0.020831376,-1.0264564e-31,-3.741908e-10,0.84176886,0.0021267713,-4.6168694e-30,1.9418735e-22,-7.599768e-30,5.9927964e-19,-0.0002608186,1.02599884e-07,1.8177378e-29,-0.20296815,-5.060225e-06,0.004030478,-0.021816015,0.6068709,-2.2276035e-28,-2.0339743e-26,0.55763024
546,1.0051327,0.0023260724,-2.3293747e-05,3.418236e-28,3.088241e-29,-4.1792013e-22,-0.16147055,0.16553688,-6.937786e-20,0.00012577539,-0.008084483,0.7019308,0.029085036,-1.7184433e-31,-5.221523e-10,1.1344967,0.0030154602,-4.0063074e-30,1.985808e-22,-5.1964524e-30,5.777929e-19,-0.00036403674,1.3932448e-07,2.4063453e-29,-0.2782516,-7.080015e-06,0.005642472,-0.030403275,0.8206584,-3.3747346e-28,-5.469216e-26,0.7552794
547,1.220107,0.0029004754,-2.9193716e-05,3.974677e-28,4.50866e-29,-5.547553e-22,-0.19786389,0.2031091,-2.0276089e-19,0.00015577214,-0.010016998,0.8538778,0.03598844,-2.1528114e-31,-6.670735e-10,1.3765157,0.0037754735,-3.161147e-30,1.955364e-22,-1.1528436e-30,4.5823635e-19,-0.00045318037,1.7367952e-07,2.6500266e-29,-0.3405098,-8.903711e-06,0.0070055537,-0.03757864,0.99729043,-4.5012994e-28,-8.5948035e-26,0.9186399
548,2.282285,0.0056134975,-5.5435325e-05,-7.220858e-29,8.448727e-29,-9.829166e-22,-0.37691447,0.38793734,-4.149625e-19,0.00029375547,-0.01930449,1.6044296,0.06947552,-3.7432546e-31,-1.2258197e-09,2.5718305,0.007347434,-1.8509067e-30,2.0103304e-22,1.0709585e-30,7.403871e-19,-0.0008679689,3.1817476e-07,5.802491e-29,-0.6474728,-1.68888e-05,0.013522324,-0.07242902,1.8699952,-7.4787707e-28,-2.0078482e-25,1.7253959
549,2.995825,0.007565945,-7.6457036e-05,1.8209281e-28,1.3083555e-28,-1.0186768e-21,-0.49736336,0.5123783,-8.392371e-19,0.00039915123,-0.025816252,2.1082726,0.0925302,-1.8531974e-31,-1.7706796e-09,3.3761208,0.009933183,6.0465774e-31,1.329629e-22,1.300702e-29,3.1204644e-19,-0.0011764456,4.4784528e-07,6.338303e-29,-0.8536402,-2.346352e-05,0.018126987,-0.096364,2.4558127,-9.599684e-28,-2.8223824e-25,2.2674682
550,3.8323863,0.009708366,-9.7115386e-05,-3.249369e-28,1.4840083e-28,-1.4962016e-21,-0.6387187,0.6582708,-1.0428504e-18,0.0005078377,-0.033149313,2.6995127,0.11898235,-4.8137735e-31,-2.2142534e-09,4.3174963,0.012753889,3.2631625e-30,1.323233e-22,2.0612572e-29,5.333656e-19,-0.0015035291,5.613614e-07,8.788862e-29,-1.0957719,-2.9746136e-05,0.023272822,-0.123896144,3.143196,-1.1994676e-27,-3.717001e-25,2.9028757
551,1.0577064,0.002417481,-2.3472398e-05,-1.5265811e-29,3.1576503e-29,-3.671486e-22,-0.17059566,0.17495404,1.2468111e-19,0.0001287611,-0.008470882,0.73982334,0.030603573,-1.4671869e-31,-4.8779436e-10,1.1931993,0.0031294848,-5.2045612e-30,2.0033463e-22,-9.5419146e-30,9.53212e-19,-0.00037526325,1.3701529e-07,3.3828662e-29,-0.29407662,-7.075212e-06,0.0058988165,-0.031997595,0.86436385,-2.408405e-28,-5.958826e-26,0.7957921
552,-0.69336474,-0.0021667667,2.4321262e-05,-5.7926994e-28,-2.3124997e-29,-6.2478844e-23,0.12221585,-0.12762003,8.08332e-19,-0.00011445039,0.0069793435,-0.49553603,-0.0246256,-4.245739e-31,7.0180417e-10,-0.77938724,-0.002935642,-1.0345005e-29,2.7813832e-22,-1.3997948e-29,8.615286e-19,0.0003404212,-1.4893773e-07,3.6158135e-30,0.20907968,7.757939e-06,-0.0049917838,0.025385533,-0.5728461,1.0374762e-28,1.2101849e-25,-0.533302
553,-1.3430052,-0.0038982113,4.2264473e-05,-4.201138e-28,-1.1512812e-29,1.8281236e-22,0.2324019,-0.24143468,1.120173e-18,-0.00020595218,0.012817532,-0.955054,-0.045488007,-3.2966071e-31,1.1618385e-09,-1.5106455,-0.0052219294,-1.4519112e-29,3.1611123e-22,-2.5157273e-29,8.1153366e-19,0.0006104249,-2.5650513e-07,-8.849097e-30,0.3976885,1.3334045e-05,-0.009105944,0.04707383,-1.1067936,2.377711e-28,1.5790497e-25,-1.0272739
554,-1.9591439,-0.0055185747,5.964032e-05,-7.7757563e-28,-9.811659e-30,3.2831058e-22,0.33514246,-0.3476619,1.4178535e-18,-0.00029327007,0.0182495,-1.3896838,-0.06487976,-4.140485e-31,1.628361e-09,-2.2047644,-0.0073707122,-1.8033647e-29,3.523998e-22,-2.85592e-29,7.083733e-19,0.00086507713,-3.6380646e-07,-1.6716994e-29,0.574508,1.8769942e-05,-0.012940755,0.067210674,-1.6124414,3.1371533e-28,2.1137787e-25,-1.4949789
555,-0.4453932,-0.0020333861,2.0804979e-05,3.4634432e-29,-2.0961224e-29,-1.4131397e-22,0.09650433,-0.10168874,6.138015e-19,-0.00010140063,0.0065706065,-0.33224893,-0.022284634,-8.987919e-32,4.705281e-10,-0.49415353,-0.0027497092,-8.971778e-30,2.504935e-22,-1.642439e-29,9.402037e-19,0.00028421395,-7.3745724e-08,1.0259369e-30,0.15757322,5.5156606e-06,-0.0047101798,0.022846233,-0.3768837,1.0816285e-28,9.455306e-26,-0.3544712
556,0.109371305,-0.0015201918,1.32892055e-05,-2.0643754e-29,-3.3209803e-30,-4.849781e-22,0.028576333,-0.03292104,3.7066498e-19,-6.820378e-05,0.0047929245,0.04144095,-0.014158404,2.5808289e-31,8.9400654e-11,0.13985407,-0.0020751283,-7.2672386e-30,2.0187962e-22,-6.994368e-30,1.1182742e-18,0.00014441,6.344574e-08,1.1395281e-29,0.029218348,1.152479e-06,-0.0034949884,0.014148349,0.06697858,4.7903656e-30,4.4940423e-26,0.052095495
557,-0.09680608,-0.0046781637,4.118871e-05,-4.719317e-28,3.2996154e-29,-1.396174e-21,0.13124968,-0.14286372,4.9742056e-19,-0.00022248355,0.015240468,-0.15196349,-0.046500266,8.156821e-31,3.031086e-10,-0.068353534,-0.006259567,-9.2920635e-30,1.9836434e-22,8.418249e-30,1.6641676e-18,0.00048164974,1.3911557e-07,1.1477977e-29,0.17338625,4.4239496e-06,-0.010973315,0.04706022,-0.13319856,-9.602145e-30,1.3008587e-26,-0.14376831
558,-0.47609937,-0.00492724,4.583242e-05,-4.2887523e-28,4.903079e-29,-1.1303201e-21,0.17453873,-0.18646689,7.303395e-19,-0.00024144919,0.01609435,-0.40493405,-0.050945263,5.897112e-31,5.974313e-10,-0.5030595,-0.0065857843,-1.19072996e-29,2.4262764e-22,3.5214425e-32,1.5013284e-18,0.00056991255,3.517052e-08,5.252361e-30,0.25710467,7.5314565e-06,-0.011549047,0.051882733,-0.43501574,3.471093e-29,1.9343325e-26,-0.41964865
559,-1.2254175,-0.006744649,6.584708e-05,-6.0835197e-28,5.4833693e-29,-9.6785e-22,0.29559925,-0.31128186,1.1478843e-18,-0.00034093254,0.022182278,-0.93058306,-0.072968975,4.2074164e-31,1.180726e-09,-1.3489094,-0.008989565,-1.5987545e-29,3.0464814e-22,-9.097789e-30,1.5090948e-18,0.0008694698,-1.08777414e-07,-6.520899e-30,0.4671013,1.4243927e-05,-0.015841234,0.07481362,-1.0480305,1.6954604e-28,6.055249e-26,-0.98601073
560,0.75853556,0.00033479725,-5.479369e-06,-5.5637973e-29,5.1927356e-29,-8.792247e-22,-0.08440256,0.08388923,-5.0343556e-20,2.7721257e-05,-0.0014418815,0.50240016,0.007874469,4.2303808e-32,-3.3912456e-10,0.8698782,0.00038225995,-3.7942742e-30,2.0635486e-22,1.1469226e-29,6.220997e-19,-0.0001354233,1.6049086e-07,1.1726886e-29,-0.16261113,-4.3755317e-06,0.00090815104,-0.008714761,0.601693,-3.5436473e-28,-5.556432e-26,0.5471369
561,0.49522448,0.0006547855,-6.7570827e-06,2.466479e-28,1.7755699e-29,-4.3788394e-22,-0.06737012,0.067878276,1.5498873e-19,3.951151e-05,-0.0024710563,0.33644968,0.009654955,-1.1848467e-31,-1.8789362e-10,0.5630206,0.000807912,-5.229231e-30,2.159746e-22,-4.7863753e-30,7.424595e-19,-0.00012345085,7.3028744e-08,1.4330872e-29,-0.121007346,-2.6452055e-06,0.0016727303,-0.0102916295,0.39842823,-1.8714054e-28,-1.3375753e-26,0.36365423
562,0.5955191,0.001245376,-1.2287419e-05,2.988549e-28,2.1113961e-29,-2.2960315e-22,-0.0926138,0.09445384,1.5037037e-19,6.93506e-05,-0.004440681,0.41314834,0.016051095,-8.929981e-32,-2.588103e-10,0.6731163,0.0015889525,-5.5289713e-30,2.0753216e-22,-8.733004e-30,6.9768006e-19,-0.00019643261,7.584919e-08,1.6446747e-29,-0.16037509,-3.6837566e-06,0.0030745922,-0.016849022,0.48457286,-1.7039788e-28,-1.4870256e-26,0.44469103
563,-0.24323061,-0.0010150886,1.1646686e-05,1.7382362e-28,-5.9462876e-30,-8.46756e-23,0.048301265,-0.051084906,6.588207e-19,-5.1471e-05,0.003120504,-0.17806536,-0.010813162,-1.2620834e-31,3.4779724e-10,-0.27239862,-0.0014006611,-9.390284e-30,2.6162684e-22,-2.1238507e-29,1.1080651e-18,0.00015866419,-6.8663766e-08,8.871972e-30,0.08090269,3.7743064e-06,-0.0022667195,0.0110601075,-0.20341839,9.8965114e-29,5.647408e-26,-0.1914258
564,0.6585959,0.00141098,-1.3992683e-05,3.0462968e-28,2.1755109e-29,-1.8510475e-22,-0.103162706,0.105355084,1.5258083e-19,7.822392e-05,-0.0050019375,0.4575792,0.018049754,-4.3601178e-32,-2.9743702e-10,0.74422336,0.0018064966,-5.7629526e-30,1.9772777e-22,-1.0460253e-29,7.344961e-19,-0.00022245973,8.607765e-08,1.9446304e-29,-0.17847303,-4.2113643e-06,0.0034694488,-0.018926576,0.53629494,-1.5890569e-28,-1.7867139e-26,0.49250987
565,0.62352633,0.0013208613,-1.31354045e-05,2.9015155e-28,2.4695986e-29,-9.4636557e-23,-0.09731971,0.09933932,2.0492588e-19,7.38192e-05,-0.0046992833,0.43301588,0.016950592,3.4865045e-32,-2.7666214e-10,0.70475495,0.0016874617,-6.314006e-30,1.9006186e-22,-1.1705536e-29,7.805826e-19,-0.00020896524,8.1897895e-08,1.947695e-29,-0.16851345,-3.951207e-06,0.0032560045,-0.017780036,0.50761014,-1.0964957e-28,-1.4889207e-26,0.46610424
566,1.1909068,0.0028777765,-2.9752167e-05,3.9631854e-28,3.8350444e-29,-2.2420323e-22,-0.1932738,0.19842571,-2.0589611e-19,0.00015734204,-0.00988934,0.8333191,0.03534346,3.2585714e-32,-7.092323e-10,1.344201,0.003745821,-3.3212135e-30,1.475644e-22,-6.9724683e-31,3.8700555e-19,-0.00045425017,1.8291074e-07,2.419036e-29,-0.33242622,-9.144477e-06,0.0069257393,-0.036888998,0.9732389,-3.34649e-28,-5.580533e-26,0.89670396
567,2.0628908,0.0051037944,-5.138341e-05,2.5176478e-28,8.49377e-29,-7.4245024e-22,-0.33991364,0.34979284,-4.6529096e-19,0.00027042007,-0.017491873,1.4492075,0.062764294,-1.794763e-31,-1.1774178e-09,2.3255174,0.0066820616,-1.7894688e-30,1.6856211e-22,3.483923e-30,4.584208e-19,-0.000794261,3.0169738e-07,4.5611868e-29,-0.5839585,-1.572888e-05,0.012264398,-0.065420344,1.689524,-6.7242583e-28,-1.7628411e-25,1.558783
568,1.4561236,0.0034890468,-3.4774494e-05,1.8453896e-28,4.9328534e-29,-5.1492705e-22,-0.2374176,0.2439542,-1.633188e-19,0.00018569427,-0.012050673,1.0205097,0.04333766,-1.6352605e-31,-7.747474e-10,1.6422158,0.004547571,-3.587636e-30,1.8997565e-22,-4.6166918e-30,6.7139945e-19,-0.00054308097,2.042261e-07,3.6509502e-29,-0.40847883,-1.0592804e-05,0.008428471,-0.04522955,1.191111,-4.391115e-28,-1.0027428e-25,1.0978
569,1.8520414,0.0045434716,-4.5621564e-05,2.3721737e-28,7.298733e-29,-6.768631e-22,-0.30431667,0.3130332,-3.6737366e-19,0.00024099491,-0.015602719,1.3002514,0.0560197,-1.8280054e-31,-1.0383426e-09,2.0880575,0.0059415903,-2.3597972e-30,1.770015e-22,9.784266e-31,5.2047057e-19,-0.00070706604,2.6783863e-07,4.2227278e-29,-0.52300143,-1.3947193e-05,0.010932819,-0.058410447,1.5163383,-5.9877985e-28,-1.509495e-25,1.3986024
570,0.7302817,0.0015850661,-1.5584423e-05,2.400684e-28,1.1654699e-29,-2.4707588e-22,-0.11492008,0.11747463,1.1834987e-19,8.681166e-05,-0.00559979,0.5076706,0.020228647,-1.246978e-31,-3.2835823e-10,0.8250134,0.002034227,-5.2004506e-30,2.054131e-22,-1.1059231e-29,7.6609203e-19,-0.0002485987,9.384772e-08,2.1816122e-29,-0.19864118,-4.6893374e-06,0.0038881565,-0.021200705,0.59484386,-1.8904719e-28,-1.3994053e-26,0.5464077
571,0.79989403,0.0017766806,-1.7624498e-05,2.8971918e-28,1.7485244e-29,-3.0331194e-22,-0.1267416,0.12967992,5.511357e-20,9.698169e-05,-0.006237346,0.55688363,0.022492409,-1.4253115e-31,-3.8231607e-10,0.90340555,0.002288543,-4.785346e-30,2.0342196e-22,-8.912662e-30,6.888173e-19,-0.00027861228,1.0609763e-07,2.173906e-29,-0.2188333,-5.325537e-06,0.004339367,-0.023551702,0.65204173,-2.368628e-28,-2.5829894e-26,0.5993244
572,0.54569155,0.001108316,-1.0866501e-05,3.0106546e-28,3.988005e-30,-2.0806383e-22,-0.08383295,0.08537589,1.5866906e-19,6.2217136e-05,-0.003974864,0.37727773,0.014391693,-1.2918676e-31,-2.240097e-10,0.6171981,0.0014060626,-5.3840372e-30,2.0928292e-22,-1.1371483e-29,7.3166017e-19,-0.00017514967,6.710604e-08,1.6817037e-29,-0.1453383,-3.2448454e-06,0.0027465445,-0.015129135,0.4432198,-1.47054e-28,4.737122e-27,0.40621337
573,0.4724893,0.0009215463,-9.077492e-06,3.2371401e-28,6.1907213e-31,-1.5799179e-22,-0.07147026,0.07261765,1.8042231e-19,5.2810854e-05,-0.003335368,0.32552797,0.012081592,-1.04651e-31,-1.8598775e-10,0.53485596,0.0011600011,-5.5143076e-30,2.0659911e-22,-1.179076e-29,7.239642e-19,-0.00014673674,5.745377e-08,1.4813332e-29,-0.12415656,-2.7020058e-06,0.002297835,-0.012724458,0.38305542,-1.1555657e-28,1.4245004e-26,0.35060146
574,0.47453487,0.0009206122,-8.959101e-06,3.0152908e-28,1.1786992e-31,-1.8226288e-22,-0.07182047,0.07297234,1.8912337e-19,5.2427476e-05,-0.003340254,0.32700342,0.01212139,-1.2648704e-31,-1.7890162e-10,0.53707695,0.0011581546,-5.5611242e-30,2.1124642e-22,-1.2118331e-29,7.467338e-19,-0.00014604992,5.604272e-08,1.5514485e-29,-0.12476494,-2.656828e-06,0.0022996047,-0.01276889,0.38476792,-1.2168196e-28,1.3339404e-26,0.35215676
575,0.38843656,0.00068704825,-6.4738515e-06,2.7999497e-28,-5.1605112e-30,-1.7602755e-22,-0.057292152,0.057963815,2.352701e-19,3.989995e-05,-0.0025587832,0.26620448,0.00934866,-1.4628978e-31,-1.15770143e-10,0.44004586,0.0008490636,-5.8244304e-30,2.18496e-22,-1.3356276e-29,7.8790815e-19,-0.00010928054,4.0879453e-08,1.4608326e-29,-0.09989063,-1.8817516e-06,0.0017475341,-0.009889456,0.31407583,-9.7131755e-29,2.2983216e-26,0.28675112
576,0.32019937,0.0005115247,-4.7277335e-06,3.1583616e-28,-7.305263e-30,-1.8840207e-22,-0.04583663,0.046131533,2.3868612e-19,3.0763604e-05,-0.0019595455,0.21803199,0.00719897,-1.6625829e-31,-7.77807e-11,0.36318663,0.00061809446,-5.8005026e-30,2.2224272e-22,-1.2956913e-29,7.563653e-19,-8.2117745e-05,3.0821933e-08,1.2437061e-29,-0.08022652,-1.3463307e-06,0.0013267673,-0.0076536955,0.2580483,-9.5514094e-29,2.7906078e-26,0.23494247
577,0.44981748,0.0008575401,-8.32309e-06,3.2264324e-28,7.1440265e-31,-2.0113502e-22,-0.067717865,0.068733275,1.8648404e-19,4.9086808e-05,-0.0031250226,0.30961883,0.011351216,-1.4025428e-31,-1.651983e-10,0.5091982,0.0010753854,-5.546011e-30,2.137554e-22,-1.1664401e-29,7.2598344e-19,-0.00013620566,5.229501e-08,1.4593827e-29,-0.117710166,-2.4609624e-06,0.0021485046,-0.011967841,0.36451736,-1.2863373e-28,1.2994758e-26,0.333444
578,0.47967494,0.0009497472,-9.484178e-06,3.7546315e-28,3.0202102e-30,-1.7934914e-22,-0.072742745,0.07393305,1.4462834e-19,5.455507e-05,-0.0034188493,0.3306203,0.012357353,-1.1052485e-31,-2.0213403e-10,0.5429846,0.0011985546,-5.2659578e-30,2.046672e-22,-1.0350043e-29,6.5939845e-19,-0.00015157062,6.04352e-08,1.3526525e-29,-0.12628534,-2.836843e-06,0.0023591479,-0.013007916,0.38895938,-1.3636217e-28,1.0605323e-26,0.3560889
579,0.5739198,0.0011974049,-1.201564e-05,3.5597832e-28,7.1602825e-30,-1.7479388e-22,-0.08860038,0.09031278,1.2071858e-19,6.759382e-05,-0.0042574564,0.39716393,0.015353029,-8.7443614e-32,-2.6114277e-10,0.6491561,0.001525224,-5.163024e-30,1.9869897e-22,-1.0098209e-29,6.6622915e-19,-0.00019014766,7.5358145e-08,1.5705748e-29,-0.15347585,-3.6185195e-06,0.0029494457,-0.016121738,0.4663435,-1.4985059e-28,2.1045145e-27,0.42766103
580,0.56410825,0.001169852,-1.1691633e-05,3.5780013e-28,6.902539e-30,-1.9817078e-22,-0.0869714,0.088625565,1.2010518e-19,6.598397e-05,-0.0041663814,0.39026314,0.01503691,-1.0747173e-31,-2.524536e-10,0.6380546,0.0014888335,-5.140504e-30,2.0220885e-22,-9.957893e-30,6.630134e-19,-0.00018560371,7.311682e-08,1.5527234e-29,-0.15067333,-3.5150808e-06,0.0028848925,-0.015794389,0.45831117,-1.5802614e-28,1.653058e-27,0.4202197
581,0.5107927,0.0010320928,-1.0289645e-05,3.9401185e-28,5.7631588e-30,-2.38388e-22,-0.0780569,0.079412594,1.1370611e-19,5.8665577e-05,-0.003696817,0.35265934,0.013359777,-1.4516258e-31,-2.2160493e-10,0.57795024,0.0013077157,-5.0442528e-30,2.083189e-22,-9.222888e-30,6.250693e-19,-0.00016405593,6.4736696e-08,1.3657786e-29,-0.13535142,-3.0825552e-06,0.002555053,-0.014051068,0.41456404,-1.7125143e-28,3.4414797e-27,0.3797565
582,0.78316736,0.0017257365,-1.692163e-05,2.9977032e-28,1.7859916e-29,-4.1477347e-22,-0.12403904,0.12686692,3.9961664e-20,9.358875e-05,-0.006073578,0.54520196,0.021947496,-2.3047666e-31,-3.615423e-10,0.8843396,0.002221317,-4.613372e-30,2.178336e-22,-7.9734e-30,6.6659167e-19,-0.0002695558,1.00481486e-07,2.1372084e-29,-0.21414775,-5.093898e-06,0.0042223623,-0.022990659,0.6384198,-2.8226752e-28,-3.101806e-26,0.5866718
583,1.3627962,0.003302263,-3.367746e-05,5.0333274e-28,5.6330237e-29,-5.6153755e-22,-0.22199406,0.22804464,-3.195015e-19,0.00017787112,-0.01134304,0.9546259,0.040651742,-1.6786378e-31,-7.905472e-10,1.5374354,0.004308968,-2.4554591e-30,1.7753894e-22,2.5323812e-30,3.0805514e-19,-0.00051733956,2.0219039e-07,2.6027935e-29,-0.38176718,-1.0317823e-05,0.007946226,-0.04241557,1.1144186,-5.034028e-28,-1.03991e-25,1.0270618
584,2.9365199,0.007417455,-7.486121e-05,2.5084116e-28,1.2922564e-28,-1.2533182e-21,-0.4877455,0.5024083,-9.182408e-19,0.00039068668,-0.025305497,2.0666423,0.09072817,-3.8007795e-31,-1.7394937e-09,3.3090432,0.009739515,1.6859666e-30,1.5141365e-22,1.8309822e-29,1.7056899e-19,-0.0011523388,4.3728207e-07,5.9541864e-29,-0.8369277,-2.2964674e-05,0.017769387,-0.09449405,2.4072948,-1.0522869e-27,-2.908838e-25,2.2225547
585,2.2266552,0.005638017,-5.8291655e-05,6.773225e-28,1.0618972e-28,-7.853019e-22,-0.3679758,0.37882006,-8.0948226e-19,0.00030223877,-0.019169295,1.564818,0.06847189,-1.122645e-31,-1.4116024e-09,2.5107205,0.007399801,8.428456e-31,1.184711e-22,1.755963e-29,-1.1799535e-19,-0.00088359637,3.5062746e-07,3.5290864e-29,-0.63159674,-1.7976396e-05,0.013472891,-0.071313776,1.8238385,-8.0145817e-28,-2.0745383e-25,1.6833563
586,1.6861686,0.0041736895,-4.265458e-05,1.9863816e-28,5.2635497e-29,-7.790098e-22,-0.27700627,0.2848265,-5.1923843e-19,0.00022362379,-0.01427535,1.1831483,0.051111944,-3.6683107e-31,-1.0151325e-09,1.9017755,0.0054604467,1.0916968e-30,1.5439053e-22,1.6607462e-29,2.0642008e-19,-0.0006529382,2.5558805e-07,2.8407927e-29,-0.47570238,-1.30991875e-05,0.010014434,-0.053289358,1.3800116,-5.931365e-28,-1.2884665e-25,1.2727
587,-0.22350654,-0.00092850474,1.02554095e-05,7.4994725e-29,-2.9851126e-29,-7.569748e-23,0.04526832,-0.047976077,5.167449e-19,-4.541723e-05,0.002880439,-0.16530234,-0.010069147,-2.3766653e-31,2.9123282e-10,-0.24930947,-0.0012853417,-6.85456e-30,2.3922887e-22,-1.3680779e-29,9.232023e-19,0.00014271581,-5.76202e-08,3.8763324e-30,0.07599288,3.301811e-06,-0.002087182,0.010292873,-0.18807116,9.7082433e-29,8.0579374e-26,-0.17746958
588,-0.7042051,-0.0021850262,2.373793e-05,-6.1328167e-28,-3.805323e-29,6.3316854e-23,0.12565096,-0.13114262,6.9214627e-19,-0.0001131755,0.007102822,-0.50529844,-0.025182948,-4.281208e-31,6.611148e-10,-0.7900902,-0.002953316,-7.786625e-30,2.6840486e-22,-7.619257e-30,6.952353e-19,0.00033996438,-1.4115719e-07,-8.4825576e-30,0.2145612,7.521372e-06,-0.0050660707,0.025983684,-0.58322686,1.5082663e-28,1.4470911e-25,-0.54322606
589,-0.34913787,-0.0012473913,1.3537459e-05,-4.23739e-29,-2.6218698e-29,2.3932424e-23,0.066804014,-0.070282504,5.3967073e-19,-6.2064064e-05,0.003972426,-0.2552235,-0.014038147,-2.8170464e-31,3.8733125e-10,-0.38993484,-0.0017088468,-7.289882e-30,2.313121e-22,-1.2598126e-29,7.4636956e-19,0.00019177565,-7.756364e-08,3.9313873e-31,0.11318198,4.3262253e-06,-0.0028531598,0.014418004,-0.29207948,1.0873295e-28,9.060007e-26,-0.2739636
590,-0.2951262,-0.0013905363,1.4254995e-05,9.707768e-29,-2.6847478e-29,-5.4122674e-23,0.065602764,-0.06944884,4.739083e-19,-6.760315e-05,0.004451448,-0.22273555,-0.015219861,-1.5521187e-31,3.3854033e-10,-0.32640505,-0.0018981339,-7.372073e-30,2.3487964e-22,-1.3540903e-29,7.707325e-19,0.00019606398,-5.4209146e-08,3.9137868e-31,0.10747245,3.9333786e-06,-0.003200248,0.015570735,-0.25135395,6.8456e-29,9.219109e-26,-0.2375614
591,-0.20040342,-0.003410344,3.04943e-05,-1.2292371e-28,-2.1066699e-29,-9.627717e-22,0.10878281,-0.11738011,4.0634578e-19,-0.00016198195,0.011111138,-0.19695047,-0.034671452,3.4368704e-31,2.7927308e-10,-0.19919616,-0.0045738784,-6.3949345e-30,2.1191094e-22,3.37978e-30,1.3789243e-18,0.00037368134,6.4149134e-08,4.9046906e-30,0.15352078,4.2144648e-06,-0.007990045,0.035180293,-0.20011,3.527115e-29,6.289481e-26,-0.19929317
592,0.391486,-0.0021353425,1.6204187e-05,4.5290794e-29,2.815646e-29,-1.1902848e-21,0.017394904,-0.023462519,7.3935626e-20,-9.184124e-05,0.006831109,0.21525566,-0.018869456,5.4716667e-31,-1.4991508e-10,0.47069028,-0.0028859223,-4.8941453e-30,1.6340358e-22,1.4849489e-29,1.1042442e-18,0.00015256458,1.827919e-07,1.07384294e-29,-0.006981496,-9.429939e-07,-0.0049786307,0.018684126,0.28216907,-1.7512019e-28,-1.9173924e-26,0.24563062
593,-0.46584845,-0.00570033,5.161827e-05,-3.753969e-28,4.4601074e-29,-1.5505574e-21,0.19437401,-0.20819035,5.696277e-19,-0.00027656576,0.018694287,-0.4129145,-0.05871987,6.976439e-31,5.398141e-10,-0.48374125,-0.007605711,-9.947096e-30,2.261621e-22,1.2908353e-29,1.5141687e-18,0.00063780916,8.285656e-08,1.2923054e-30,0.2810473,7.5278385e-06,-0.013406797,0.05974869,-0.43647337,-3.178509e-29,1.1442612e-26,-0.42430356
594,0.1475898,-0.0018840961,1.6584758e-05,-3.803873e-29,5.069929e-29,-1.0630402e-21,0.03319163,-0.038450554,2.868746e-19,-8.717389e-05,0.00596906,0.061448768,-0.017396338,1.497261e-31,9.468973e-11,0.18640378,-0.0025522897,-7.0779475e-30,2.2773377e-22,7.509875e-30,9.509878e-19,0.00017601464,8.4402586e-08,8.253126e-30,0.031711247,1.2424507e-06,-0.0043459455,0.017387396,0.09389461,-2.0799145e-28,-3.412054e-26,0.07537951
595,0.96703553,0.0019637845,-2.0568894e-05,4.3078695e-29,1.1605627e-29,-6.3493407e-22,-0.14773835,0.15086628,-2.366434e-19,0.00010910112,-0.0068383547,0.66956383,0.025126502,-2.8632546e-31,-5.452534e-10,1.0946344,0.0025379003,-7.945898e-31,1.9554423e-22,1.1305916e-29,3.9148427e-19,-0.00032771894,1.544636e-07,1.4151035e-29,-0.25796095,-6.91852e-06,0.0047602504,-0.026368242,0.7857665,-3.9238326e-28,-2.743148e-26,0.72181594
596,1.4013846,0.003408275,-3.5088808e-05,2.6163542e-28,4.5231503e-29,-4.241245e-22,-0.22798882,0.23425992,-3.497952e-19,0.0001845089,-0.011683473,0.9812513,0.041813698,-1.2376091e-31,-8.347074e-10,1.5815461,0.0044502635,-9.705871e-31,1.6880272e-22,7.257685e-30,3.0125742e-19,-0.0005354743,2.1292334e-07,2.0671518e-29,-0.39221957,-1.0781937e-05,0.008189438,-0.04361616,1.1456325,-4.410749e-28,-8.0056205e-26,1.0558956
597,0.48811185,0.00095987757,-9.418594e-06,2.9293654e-28,2.6137578e-31,-1.6232237e-22,-0.07412419,0.075357005,1.8649751e-19,5.4698252e-05,-0.003469726,0.33659667,0.012571023,-1.1038506e-31,-1.9174551e-10,0.5524242,0.0012101468,-5.4822442e-30,2.0589598e-22,-1.1758047e-29,7.4753863e-19,-0.00015249077,5.922536e-08,1.567376e-29,-0.128708,-2.8034353e-06,0.002391483,-0.013234434,0.39590934,-1.121626e-28,1.3115873e-26,0.36248812
598,1.5136762,0.0036786767,-3.7369093e-05,3.0539613e-28,5.545683e-29,-3.6826021e-22,-0.24707596,0.25397336,-2.3446357e-19,0.00019768724,-0.012644041,1.0609678,0.045322496,-1.6918937e-32,-8.613922e-10,1.7075487,0.0048014596,-3.2201267e-30,1.5771803e-22,-2.4151854e-30,5.3827817e-19,-0.00057587627,2.2381067e-07,3.3873424e-29,-0.42498755,-1.1446018e-05,0.008856262,-0.047274113,1.2381755,-4.12852e-28,-1.01310694e-25,1.1415038
599,0.9114287,0.0020440607,-2.0021022e-05,9.547694e-29,2.7117428e-29,-1.6034297e-22,-0.1455678,0.14914307,1.8134728e-19,0.00011043585,-0.0071859085,0.6361031,0.025937926,1.26109385e-33,-4.1582537e-10,1.0288447,0.0026374666,-6.1192057e-30,1.9250733e-22,-1.359059e-29,9.386006e-19,-0.0003192131,1.1915728e-07,2.9672697e-29,-0.25131837,-6.03804e-06,0.0049982658,-0.027137939,0.74393755,-1.5834081e-28,-3.48722e-26,0.6844511
600,2.0206375,0.005040726,-5.171085e-05,3.5379933e-28,8.342824e-29,-3.6320948e-22,-0.33251122,0.34223226,-4.551065e-19,0.00027044062,-0.017217549,1.4189162,0.061578423,1.1885296e-31,-1.2169941e-09,2.278857,0.0066020126,-2.037427e-30,1.1606191e-22,2.7238533e-30,3.9158668e-19,-0.0007897773,3.1065332e-07,4.1309193e-29,-0.57134753,-1.5907397e-05,0.012083706,-0.064159796,1.654402,-5.2488727e-28,-1.5312495e-25,1.5265678
601,1.6712449,0.004058663,-4.0811792e-05,8.494733e-29,5.515892e-29,-2.9696274e-22,-0.2733699,0.28112605,-1.5667602e-19,0.0002166891,-0.013974385,1.172165,0.05015926,3.923652e-32,-9.1751995e-10,1.884915,0.005297849,-3.8768436e-30,1.54665e-22,-6.8991294e-30,7.7657923e-19,-0.0006333682,2.4186093e-07,4.2643595e-29,-0.47025707,-1.2474456e-05,0.00978344,-0.052313607,1.3675504,-3.7166098e-28,-1.057226e-25,1.2610581
602,1.662506,0.004027115,-4.0216488e-05,1.1936709e-28,5.7546715e-29,-5.0010474e-22,-0.27212086,0.27979866,-2.0192533e-19,0.0002138833,-0.013878144,1.1662277,0.04987697,-1.1307137e-31,-8.9857444e-10,1.8746928,0.0052567217,-3.457471e-30,1.7807126e-22,-4.633786e-30,7.133499e-19,-0.0006266611,2.359979e-07,4.19034e-29,-0.46800384,-1.2268665e-05,0.009713673,-0.052028332,1.3605736,-4.6210657e-28,-1.1787648e-25,1.2545216
603,1.8872631,0.004593684,-4.5506204e-05,3.3135047e-29,6.7650107e-29,-6.995778e-22,-0.31010947,0.31899196,-2.6544857e-19,0.00024195897,-0.015827062,1.3251735,0.056945667,-2.2632578e-31,-1.0059531e-09,2.1273918,0.006002621,-3.0548728e-30,1.933536e-22,-3.3993416e-30,7.510829e-19,-0.00071211695,2.6350165e-07,4.8607035e-29,-0.5330868,-1.3862075e-05,0.011079327,-0.059390258,1.545353,-5.74671e-28,-1.4920192e-25,1.4252831
604,0.9469054,0.002146414,-2.1145164e-05,1.8843897e-28,2.1602678e-29,-3.2260998e-22,-0.15144654,0.1551858,5.5264144e-20,0.00011572109,-0.0075105564,0.66072387,0.027092457,-1.3886767e-31,-4.5283222e-10,1.0688602,0.0027743287,-4.8627753e-30,2.0302235e-22,-9.998461e-30,7.7950725e-19,-0.0003350145,1.25282e-07,2.7176797e-29,-0.26124164,-6.3922607e-06,0.005231141,-0.028340358,0.7728043,-2.54816e-28,-3.8356525e-26,0.7109519
605,1.1389556,0.0026835813,-2.7042423e-05,3.3757739e-28,3.7496517e-29,-3.977834e-22,-0.18399315,0.1888061,-1.150143e-19,0.00014487127,-0.009287586,0.7964005,0.033363678,-1.2463185e-31,-6.135869e-10,1.2853183,0.0034876664,-3.788789e-30,1.8655404e-22,-4.3868727e-30,5.616451e-19,-0.00042017145,1.6201147e-07,2.6477086e-29,-0.31685656,-8.245001e-06,0.0064908992,-0.03484803,0.9305174,-3.5558615e-28,-6.6727205e-26,0.85691166
606,0.6785456,0.001463538,-1.4565181e-05,3.1340095e-28,1.1474104e-29,-2.2924237e-22,-0.10624541,0.108524725,9.79585e-20,8.103442e-05,-0.005169801,0.4711097,0.018648002,-1.1112267e-31,-3.146594e-10,0.7668662,0.0018756057,-5.04216e-30,2.0119988e-22,-9.868208e-30,6.9126424e-19,-0.0002306872,8.9183004e-08,1.8825267e-29,-0.18372366,-4.392198e-06,0.0035893542,-0.019551534,0.5523206,-1.8564306e-28,-1.0158501e-26,0.50713414
607,0.6458942,0.0013883908,-1.3962275e-05,3.661587e-28,1.1569293e-29,-2.1514234e-22,-0.10077307,0.10288,8.173568e-20,7.753965e-05,-0.0049016946,0.4480313,0.017657164,-9.923258e-32,-3.0803304e-10,0.7301843,0.0017777178,-4.92122e-30,1.9766317e-22,-8.9850395e-30,6.367749e-19,-0.00021973852,8.6627225e-08,1.674891e-29,-0.17430893,-4.219063e-06,0.0034034892,-0.018517043,0.5254782,-1.8358383e-28,-7.7693924e-27,0.4823493
608,0.49907315,0.0009961713,-9.880516e-06,3.556014e-28,3.4372222e-30,-1.9558738e-22,-0.076010495,0.07730338,1.465057e-19,5.6759895e-05,-0.003581855,0.34433877,0.012955681,-1.2158679e-31,-2.0825022e-10,0.5647781,0.001259343,-5.2813867e-30,2.0684835e-22,-1.05452496e-29,6.7735153e-19,-0.00015841422,6.226071e-08,1.4449965e-29,-0.13189444,-2.9530336e-06,0.0024726826,-0.013632043,0.40491048,-1.4313386e-28,8.364354e-27,0.3708215
609,0.41944522,0.0007808009,-7.6242504e-06,3.2562473e-28,-2.0899108e-30,-1.5395257e-22,-0.06253134,0.06338486,2.0008191e-19,4.5377656e-05,-0.0028605373,0.2880683,0.010388008,-1.1400893e-31,-1.5112553e-10,0.47509965,0.000974128,-5.6176807e-30,2.0984991e-22,-1.21970964e-29,7.3154344e-19,-0.00012477132,4.883115e-08,1.3826046e-29,-0.10883962,-2.2521365e-06,0.0019632243,-0.01096446,0.33949736,-1.0331439e-28,1.9716457e-26,0.31031182
610,0.4431759,0.00084277283,-8.238008e-06,3.2586114e-28,-7.112971e-31,-1.7218049e-22,-0.06654686,0.067529276,1.883696e-19,4.85479e-05,-0.003070841,0.30484563,0.011143872,-1.220555e-31,-1.6525128e-10,0.5018009,0.0010559713,-5.543147e-30,2.1037965e-22,-1.1868539e-29,7.249072e-19,-0.00013428112,5.2261232e-08,1.4262727e-29,-0.115712635,-2.440058e-06,0.0021111805,-0.011750734,0.3590006,-1.15784e-28,1.6284758e-26,0.32834387
611,0.46484733,0.00090568216,-8.952875e-06,3.573932e-28,1.6873915e-30,-1.9012416e-22,-0.07024056,0.071344376,1.5926006e-19,5.2004234e-05,-0.003276166,0.32016516,0.011863952,-1.2539483e-31,-1.862051e-10,0.5262281,0.0011398592,-5.3500265e-30,2.085388e-22,-1.0815004e-29,6.8192646e-19,-0.00014432924,5.6805415e-08,1.3793345e-29,-0.12200829,-2.6663981e-06,0.0022573483,-0.012497307,0.37680218,-1.3418582e-28,1.2040766e-26,0.34482422
612,0.6162912,0.0013097413,-1.3146442e-05,3.678715e-28,1.01050505e-29,-2.1604086e-22,-0.09578791,0.09773041,9.1892735e-20,7.336945e-05,-0.004636478,0.4271292,0.016712077,-1.0673865e-31,-2.884082e-10,0.6968297,0.0016738621,-4.9717494e-30,1.9982051e-22,-9.173204e-30,6.3986737e-19,-0.00020743834,8.175303e-08,1.6184721e-29,-0.16576496,-3.966212e-06,0.0032165705,-0.017535005,0.50117207,-1.7819046e-28,-4.9176603e-27,0.4598659
613,0.5660879,0.001184254,-1.197707e-05,3.993292e-28,8.438029e-30,-1.9053251e-22,-0.087330714,0.089002445,9.6307863e-20,6.711624e-05,-0.004203353,0.3916468,0.015141503,-9.407506e-32,-2.6554958e-10,0.6403631,0.001508943,-4.9855036e-30,1.978297e-22,-9.017167e-30,6.1483746e-19,-0.00018846299,7.561228e-08,1.4382577e-29,-0.15125784,-3.6141093e-06,0.002913392,-0.01589929,0.45991406,-1.6353832e-28,5.628461e-28,0.4217365
614,0.5162358,0.0010490443,-1.0575393e-05,3.6871505e-28,4.3359604e-30,-1.370876e-22,-0.078856125,0.08025588,1.4057991e-19,6.0067843e-05,-0.0037510353,0.3563875,0.01352743,-7.0331896e-32,-2.2964453e-10,0.58425856,0.0013296262,-5.283048e-30,1.9720952e-22,-1.05362594e-29,6.6595406e-19,-0.00016748928,6.746117e-08,1.4273933e-29,-0.13678393,-3.1798916e-06,0.0025937858,-0.014221915,0.41893718,-1.247459e-28,9.656138e-27,0.38383725
615,0.4480307,0.0008769696,-8.95045e-06,4.0225818e-28,1.708998e-30,-9.8572436e-23,-0.067355156,0.06838657,1.524755e-19,5.1445506e-05,-0.0031592655,0.30817842,0.011385548,-5.162249e-32,-1.9660462e-10,0.5075388,0.0011032391,-5.3436423e-30,1.9475161e-22,-1.0571637e-29,6.432066e-19,-0.00014138845,5.8807398e-08,1.2073761e-29,-0.11706496,-2.6887726e-06,0.0021791104,-0.0119917495,0.36288396,-1.0131253e-28,1.7632545e-26,0.3320301
616,0.32387623,0.0005503073,-5.588082e-06,4.346582e-28,-3.315416e-30,-1.2833941e-22,-0.0464932,0.04683369,1.767198e-19,3.4135406e-05,-0.0020536087,0.22054334,0.0074414285,-9.913942e-32,-1.1805457e-10,0.3676326,0.0006724929,-5.4175838e-30,2.050635e-22,-1.05663054e-29,6.234564e-19,-9.033191e-05,3.875923e-08,9.058272e-30,-0.08127824,-1.6486285e-06,0.0014007604,-0.007892798,0.26096347,-9.4875107e-29,2.7220126e-26,0.23775658
617,0.46951813,0.00093700184,-9.530806e-06,4.573842e-28,5.7039214e-30,-2.1275006e-22,-0.07112922,0.07226789,9.62169e-20,5.4270586e-05,-0.0033577164,0.32347745,0.012105455,-1.2473916e-31,-2.1319896e-10,0.53159225,0.0011837748,-4.915894e-30,2.0314182e-22,-8.242996e-30,5.6102646e-19,-0.00015024273,6.1580565e-08,1.1113751e-29,-0.1234389,-2.86507e-06,0.0023199322,-0.0127413375,0.3806258,-1.6471641e-28,7.01444e-27,0.34842142
618,1.4032124,0.003412316,-3.4792087e-05,5.46449e-28,6.066212e-29,-6.4901336e-22,-0.22892179,0.23518775,-3.722319e-19,0.00018344501,-0.011710566,0.9832608,0.041970097,-2.179135e-31,-8.196682e-10,1.5828553,0.0044553177,-2.077038e-30,1.8213506e-22,4.527109e-30,2.3984293e-19,-0.0005341632,2.0834617e-07,2.568481e-29,-0.39356604,-1.066097e-05,0.008206097,-0.043786492,1.147679,-5.5706185e-28,-1.1454281e-25,1.0578139
619,2.0787027,0.005292133,-5.5413642e-05,9.676303e-28,1.1161794e-28,-7.577523e-22,-0.3431639,0.35321936,-8.892125e-19,0.00028574857,-0.017941114,1.460301,0.06395567,-6.58734e-32,-1.3748078e-09,2.344368,0.0069493027,1.0647263e-30,1.1285439e-22,2.0654798e-29,-3.8642745e-19,-0.00083257526,3.3731195e-07,2.5834806e-29,-0.5889298,-1.7138864e-05,0.012620307,-0.06660103,1.7022716,-8.254325e-28,-2.0186983e-25,1.5710837
620,3.0644224,0.007925594,-8.2568855e-05,1.0239734e-27,1.6349063e-28,-1.2735013e-21,-0.50985336,0.5253237,-1.4641684e-18,0.00042384898,-0.026800841,2.1567395,0.09558156,-2.3920565e-31,-2.0431195e-09,3.4544456,0.010432579,5.6165993e-30,8.357272e-23,4.0519586e-29,-8.4114714e-19,-0.0012421124,4.968039e-07,3.6699107e-29,-0.8741584,-2.5542766e-05,0.018869346,-0.099470645,2.5119486,-1.2543955e-27,-3.2657974e-25,2.3199196
621,0.95629454,0.0023045135,-2.472144e-05,7.6173803e-28,4.0167306e-29,-3.701304e-22,-0.1534715,0.15732127,-3.6466175e-19,0.00012901027,-0.007869292,0.66710836,0.027997166,-9.8158516e-32,-6.352139e-10,1.0805446,0.0030006517,-1.3294273e-30,1.5793243e-22,9.17374e-30,-1.4156059e-20,-0.00036784183,1.5747494e-07,6.7353554e-30,-0.2641562,-7.651618e-06,0.005520842,-0.029228743,0.7801598,-4.0634185e-28,-5.6679977e-26,0.71817756
622,0.881413,0.0020657855,-2.1969086e-05,6.323536e-29,5.854177e-30,-3.5739988e-22,-0.14010811,0.14346908,-3.3645142e-19,0.00011549609,-0.007092562,0.61335593,0.025308192,-2.9625914e-31,-5.5812666e-10,0.996766,0.0026831245,1.5688889e-30,1.9574564e-22,1.8585687e-29,1.1852831e-19,-0.00032900763,1.3985486e-07,-2.5921573e-30,-0.24152756,-6.782334e-06,0.004967116,-0.026448123,0.71805775,-3.4144222e-28,-3.1193286e-27,0.66043526
623,0.06539051,-0.00016668258,1.972272e-06,-7.6769975e-29,-4.32781e-29,-4.4438977e-23,-0.0021437965,0.0009397529,2.831481e-19,-4.0166397e-06,0.00034629437,0.036882296,-0.0010745106,-2.8817601e-31,7.037773e-11,0.077316746,-0.0002777432,-3.5296804e-30,2.3441473e-22,-4.9920104e-30,8.164546e-19,2.221189e-05,-6.0032797e-09,1.5973266e-30,-0.0054458603,7.024273e-07,-0.00029448816,0.0009466866,0.047880985,2.1317279e-29,8.366419e-26,0.040389232
624,-0.046277583,-0.00046879431,5.219623e-06,-1.3476548e-28,-4.065474e-29,1.2785397e-23,0.016847014,-0.018721174,3.336371e-19,-2.0306117e-05,0.0013585492,-0.042325273,-0.004683404,-2.9639951e-31,1.601503e-10,-0.04821922,-0.0006786346,-4.2791173e-30,2.4780047e-22,-6.079082e-30,7.9576414e-19,6.974276e-05,-2.6134847e-08,-8.2623523e-32,0.027150655,1.7211272e-06,-0.001009198,0.0046931976,-0.044057153,2.2284643e-29,9.181026e-26,-0.04474505
625,-0.03888265,-0.0008774882,8.449889e-06,1.1139901e-28,-3.769559e-29,-1.5785555e-22,0.02659883,-0.029419791,3.4163433e-19,-3.9135743e-05,0.0027100786,-0.044380143,-0.00868322,-1.2593685e-31,1.3986633e-10,-0.036341123,-0.0012197829,-5.1048045e-30,2.351311e-22,-7.66194e-30,1.0024709e-18,0.00010672022,-3.0725964e-09,6.0996236e-30,0.038526684,1.802619e-06,-0.0019795906,0.00873692,-0.04266803,1.834012e-29,7.34817e-26,-0.04500716
626,0.08416079,-0.001418031,1.1998962e-05,1.5872855e-28,-1.3878901e-29,-5.4267526e-22,0.028995901,-0.033202663,2.1053171e-19,-6.2416715e-05,0.004502102,0.02622825,-0.013453218,1.0507589e-31,4.4222875e-11,0.110488534,-0.001934279,-4.8264252e-30,2.154889e-22,1.5610294e-30,9.772967e-19,0.00013593027,6.08198e-08,5.5224785e-30,0.03184188,1.0200579e-06,-0.00327426,0.01346378,0.047853045,-7.895648e-29,4.108358e-26,0.035131387
627,-0.00174734,-0.004024691,3.3998112e-05,-2.2805339e-28,-3.649863e-30,-1.4709233e-21,0.10583852,-0.11613482,1.7510553e-19,-0.00018694598,0.013151765,-0.07837868,-0.039821193,5.7932645e-31,1.0970259e-10,0.035828054,-0.005387665,-4.4782257e-30,1.7542806e-22,2.187155e-29,1.3568301e-18,0.00039534524,1.5820112e-07,4.8364592e-30,0.13435724,2.7778606e-06,-0.009468438,0.040223386,-0.05108633,-9.520159e-29,2.87398e-26,-0.06619139
628,0.4708078,-0.00071345276,3.5576713e-06,1.4072899e-28,1.1385619e-29,-9.360501e-22,-0.027546804,0.024639647,-1.1052539e-19,-2.2496908e-05,0.0021496436,0.29337835,-0.004435137,1.3306563e-31,-2.6183167e-10,0.549104,-0.0010014481,-2.4335276e-30,1.6920965e-22,1.8304369e-29,6.196564e-19,4.826361e-07,1.4963345e-07,6.528189e-30,-0.06907246,-2.4550898e-06,-0.0016225952,0.0039957194,0.36154118,-2.7548126e-28,-5.384284e-27,0.3239793
629,0.6288053,-0.00029544166,1.4623674e-07,-2.5820584e-28,2.4634392e-29,-9.944711e-22,-0.055015866,0.053083446,-7.335257e-20,-3.2076314e-06,0.0006810243,0.405595,0.00084321015,2.8597568e-32,-2.875905e-10,0.72650826,-0.0004507958,-2.0270593e-30,2.089099e-22,1.954462e-29,7.155112e-19,-5.6664874e-05,1.5821396e-07,6.203829e-30,-0.115828685,-3.3022072e-06,-0.00059760676,-0.0014880411,0.4917616,-3.1376979e-28,-1.9533238e-26,0.44436166
630,0.23549986,0.00033319957,-2.9943412e-06,-1.4297485e-28,-2.5071172e-29,-2.0708417e-22,-0.03296389,0.03277186,1.364567e-19,2.136561e-05,-0.0013382686,0.15912335,0.004908613,-2.9449063e-31,-5.1525312e-11,0.26762897,0.0003799277,-3.8016526e-30,2.3603753e-22,1.0838171e-31,5.2294203e-19,-5.4962635e-05,2.1356524e-08,3.404681e-30,-0.057375737,-8.3270993e-07,0.0008923528,-0.005280831,0.18902448,-1.5376682e-28,7.5283437e-26,0.17128932
631,0.09617391,-5.29064e-05,9.9415e-07,2.0525131e-28,-2.0868509e-29,-1.0150931e-22,-0.008706082,0.0077586323,2.922449e-19,1.3624922e-06,-4.1026156e-05,0.060036704,0.0002861144,-1.8870521e-31,5.6906063e-11,0.1109055,-0.00012985477,-6.1840617e-30,2.2089827e-22,-1.2111263e-29,6.799738e-19,4.9518203e-06,-2.3503084e-09,8.240755e-30,-0.01616317,4.1283897e-07,-2.2529159e-05,-0.00047020707,0.074184425,-4.938032e-29,6.402168e-26,0.06494612
632,1.4062054,0.003393739,-3.4379933e-05,3.2904932e-28,5.1044125e-29,-4.1765492e-22,-0.22905387,0.23535113,-2.1351093e-19,0.00018239052,-0.011682913,0.985153,0.04190554,-7.825571e-32,-7.897185e-10,1.5863792,0.0044256216,-3.2679917e-30,1.6972965e-22,-2.3737418e-30,5.265501e-19,-0.00053102925,2.0557727e-07,3.149027e-29,-0.39406097,-1.0517038e-05,0.0081789885,-0.04372443,1.1499872,-4.148185e-28,-9.4256934e-26,1.0599209
633,1.1404444,0.0026390485,-2.5851385e-05,1.1486889e-28,2.981054e-29,-4.391597e-22,-0.184121,0.18890904,8.590529e-21,0.0001405318,-0.0091993995,0.7975417,0.03319464,-1.9496198e-31,-5.515324e-10,1.2865709,0.0034230638,-4.597144e-30,2.0899465e-22,-9.364553e-30,8.2047156e-19,-0.00040995344,1.5065658e-07,3.2877794e-29,-0.31723812,-7.819396e-06,0.006415693,-0.034692463,0.9318697,-3.2735284e-28,-6.2103666e-26,0.8579838
634,2.6804063,0.006725104,-6.790707e-05,1.2797064e-28,1.1241318e-28,-7.4554974e-22,-0.4438611,0.45715743,-6.284332e-19,0.0003555812,-0.022983927,1.885265,0.08239367,-5.3611265e-32,-1.5615195e-09,3.0211122,0.008820695,-1.0518794e-30,1.3315962e-22,5.4523784e-30,4.963529e-19,-0.0010464989,3.9869562e-07,5.987621e-29,-0.7621738,-2.0827309e-05,0.016129874,-0.085825205,2.196602,-7.745925e-28,-2.3404174e-25,2.027765
635,1.6977197,0.0040822285,-4.0286628e-05,-9.322062e-29,5.1204663e-29,-4.3470224e-22,-0.2778214,0.285679,-8.2624486e-20,0.00021564646,-0.014112977,1.191043,0.050810367,-9.042675e-32,-8.7353047e-10,1.9141906,0.005324157,-4.3168922e-30,1.8403381e-22,-9.87396e-30,9.646592e-19,-0.00063332694,2.3387258e-07,4.836114e-29,-0.47797462,-1.2251705e-05,0.009868763,-0.053011846,1.389494,-3.9920206e-28,-1.1068793e-25,1.2811555
636,1.9523201,0.004819587,-4.8724563e-05,2.2841902e-28,7.675955e-29,-5.3753113e-22,-0.32106948,0.33036557,-3.8081948e-19,0.00025654936,-0.016521797,1.3708965,0.059242442,-5.2911845e-32,-1.1189022e-09,2.2013268,0.006306354,-2.4035267e-30,1.5284029e-22,5.2190896e-31,5.298605e-19,-0.0007516927,2.882566e-07,4.39604e-29,-0.551773,-1.4927763e-05,0.01158297,-0.06175215,1.5985332,-5.5902394e-28,-1.5248812e-25,1.4747037
637,1.4627589,0.0034698225,-3.4036864e-05,1.1230314e-29,4.3570292e-29,-5.3151953e-22,-0.23841302,0.24496166,-6.752451e-20,0.00018324528,-0.012032609,1.0252359,0.043380216,-2.0406471e-31,-7.3181883e-10,1.6493992,0.0045176772,-4.2278356e-30,2.0523487e-22,-8.5389986e-30,8.716567e-19,-0.0005377142,1.9674624e-07,4.151671e-29,-0.41032088,-1.032244e-05,0.008405875,-0.045288682,1.196637,-4.127361e-28,-9.630998e-26,1.1027781
638,1.0139182,0.0023326138,-2.3165443e-05,2.3799e-28,2.713293e-29,-3.5844027e-22,-0.16281034,0.16692232,-4.0534435e-21,0.00012574252,-0.008128002,0.7080775,0.029276595,-1.416733e-31,-5.0722804e-10,1.144366,0.0030215236,-4.483535e-30,1.9867042e-22,-8.027626e-30,7.0525207e-19,-0.0003644002,1.376984e-07,2.7018624e-29,-0.280658,-7.0251954e-06,0.005668549,-0.030607551,0.8278465,-2.9351175e-28,-4.8730416e-26,0.76188534
639,1.0915262,0.0025417204,-2.5343214e-05,2.6406322e-28,3.242404e-29,-4.0111752e-22,-0.17594709,0.18048653,-5.473573e-20,0.00013675555,-0.008829337,0.7629235,0.031775758,-1.51175e-31,-5.6185334e-10,1.2317605,0.0032983616,-4.1649965e-30,1.9625592e-22,-6.476594e-30,6.558745e-19,-0.0003970026,1.505797e-07,2.771847e-29,-0.30312884,-7.700715e-06,0.0061636837,-0.033204325,0.89160365,-3.3255025e-28,-5.9814725e-26,0.82085973
640,0.8769456,0.001996314,-2.0122769e-05,3.5425088e-28,2.3700593e-29,-2.9162337e-22,-0.1397629,0.1431396,-1.0049159e-20,0.000109217566,-0.0069590467,0.6112682,0.025020353,-1.0391425e-31,-4.5259474e-10,0.99034464,0.00258037,-4.3982432e-30,1.9120496e-22,-6.863083e-30,6.009183e-19,-0.00031393438,1.2229061e-07,2.1249817e-29,-0.24109712,-6.116902e-06,0.0048519988,-0.02617238,0.715272,-2.6066973e-28,-3.491709e-26,0.657868
641,0.95456374,0.002198778,-2.213848e-05,3.469244e-28,2.776879e-29,-3.3161425e-22,-0.15287201,0.15667245,-4.095459e-20,0.00011964314,-0.007646457,0.6661223,0.027488194,-1.169919e-31,-4.987338e-10,1.0777066,0.0028475765,-4.214377e-30,1.9107988e-22,-6.1223026e-30,5.910596e-19,-0.0003451067,1.3369423e-07,2.288024e-29,-0.26354945,-6.734982e-06,0.0053355265,-0.028739166,0.7790462,-2.9188684e-28,-4.4758193e-26,0.7168356
642,0.6623063,0.0014314291,-1.4388195e-05,3.6866534e-28,1.2638819e-29,-2.3165874e-22,-0.10355592,0.10575163,7.1712527e-20,7.973189e-05,-0.005047506,0.45963883,0.018181458,-1.0748595e-31,-3.179813e-10,0.7486459,0.00183461,-4.8545287e-30,1.9833184e-22,-8.672292e-30,6.2896436e-19,-0.00022632931,8.898979e-08,1.6994644e-29,-0.1790685,-4.3494365e-06,0.003506128,-0.019062452,0.53896993,-1.9437152e-28,-1.0454687e-26,0.49482283
643,0.5113344,0.0010382866,-1.0477048e-05,3.8950823e-28,5.0356508e-30,-1.6321824e-22,-0.078072086,0.07944286,1.2669941e-19,5.947561e-05,-0.0037118266,0.35295445,0.013386085,-8.801296e-32,-2.2897079e-10,0.5787121,0.0013159076,-5.1726374e-30,1.992099e-22,-9.888227e-30,6.3927795e-19,-0.000165784,6.6844166e-08,1.365262e-29,-0.13541245,-3.150372e-06,0.0025667984,-0.0140747605,0.41493246,-1.3885112e-28,7.9447784e-27,0.38013387
644,0.33809152,0.00057103165,-5.5580776e-06,3.519026e-28,-5.5397088e-30,-1.306986e-22,-0.04882394,0.0492326,2.190745e-19,3.4594803e-05,-0.0021451325,0.23059352,0.007816038,-1.1129806e-31,-1.0565682e-10,0.38352224,0.00069773267,-5.710249e-30,2.1085466e-22,-1.23957636e-29,7.178106e-19,-9.2514754e-05,3.7202074e-08,1.1625281e-29,-0.08533963,-1.6203378e-06,0.001460694,-0.008288822,0.27266642,-8.20485e-29,2.8354508e-26,0.2485216
645,0.35974312,0.00063276704,-6.2468007e-06,3.769726e-28,-3.396278e-30,-1.4600835e-22,-0.052506495,0.053036075,1.9411003e-19,3.795874e-05,-0.0023479294,0.24589662,0.008529761,-1.1361684e-31,-1.2519791e-10,0.40792325,0.00077990803,-5.5465616e-30,2.0920018e-22,-1.1515933e-29,6.8273663e-19,-0.00010232788,4.152312e-08,1.1329407e-29,-0.09162266,-1.8375006e-06,0.0016047747,-0.009029166,0.29045114,-9.798226e-29,2.4482933e-26,0.26498318
646,0.5190986,0.0010508948,-1.0477739e-05,3.5789113e-28,4.466734e-30,-1.845294e-22,-0.07937519,0.080781564,1.3913263e-19,5.9761256e-05,-0.0037644827,0.35846537,0.013600222,-1.0768728e-31,-2.23601e-10,0.5873691,0.0013317128,-5.2496713e-30,2.0381482e-22,-1.0416731e-29,6.7246966e-19,-0.00016713233,6.603679e-08,1.4709886e-29,-0.13766274,-3.1404504e-06,0.0026017872,-0.014300928,0.42134038,-1.429514e-28,6.954518e-27,0.38602754
647,0.6071207,0.0012962096,-1.3152448e-05,4.2513656e-28,1.1779809e-29,-2.2739545e-22,-0.094299674,0.09619656,6.052044e-20,7.300674e-05,-0.004577067,0.42066008,0.016471889,-1.080159e-31,-2.9604208e-10,0.6865581,0.0016574445,-4.748858e-30,1.9739968e-22,-7.806e-30,5.7290447e-19,-0.00020591568,8.256188e-08,1.4441044e-29,-0.16316274,-3.9793877e-06,0.003177622,-0.01728142,0.49363413,-1.9258019e-28,-6.521649e-27,0.45292827
648,0.5737259,0.0012043694,-1.2167457e-05,4.058737e-28,9.235881e-30,-2.1177192e-22,-0.08864318,0.09035462,8.661514e-20,6.808918e-05,-0.0042713643,0.39706403,0.015388281,-1.0739711e-31,-2.7012237e-10,0.64893436,0.0015356494,-4.9133132e-30,1.9941659e-22,-8.643138e-30,6.032648e-19,-0.0001914647,7.6562316e-08,1.4370841e-29,-0.15349254,-3.6716458e-06,0.0029613085,-0.01615629,0.46620515,-1.7531983e-28,-1.6537668e-27,0.4275495
649,0.54604864,0.0011399225,-1.16649935e-05,4.3348894e-28,8.412188e-30,-1.6299693e-22,-0.08395544,0.08552474,8.796986e-20,6.5209024e-05,-0.0040426087,0.3774606,0.0145384455,-7.199526e-32,-2.6400238e-10,0.6178925,0.0014513067,-4.9323446e-30,1.9315643e-22,-8.5741295e-30,5.815728e-19,-0.00018225008,7.4685076e-08,1.302424e-29,-0.14545742,-3.5289097e-06,0.0028024523,-0.015268487,0.44341984,-1.5470632e-28,3.0728844e-27,0.40651777
650,0.4162928,0.00079641497,-8.171934e-06,4.207478e-28,7.026906e-31,-9.4909156e-23,-0.06201944,0.06287742,1.543313e-19,4.7331832e-05,-0.0028828513,0.2857616,0.010389113,-5.337889e-32,-1.80437e-10,0.47181305,0.0009973068,-5.3393737e-30,1.9516886e-22,-1.0413237e-29,6.275296e-19,-0.00012904909,5.4492883e-08,1.0995634e-29,-0.107908316,-2.4519206e-06,0.0019853034,-0.010954768,0.3368145,-9.6975177e-29,2.0414987e-26,0.3079299
651,0.39353436,0.0007326573,-7.4655736e-06,4.0506847e-28,-1.0553825e-30,-9.2799413e-23,-0.058170747,0.058900606,1.723954e-19,4.3840617e-05,-0.00267204,0.2696913,0.009646674,-5.9947555e-32,-1.6117255e-10,0.446151,0.0009126796,-5.44874e-30,1.9781537e-22,-1.0980193e-29,6.5019105e-19,-0.00011889323,5.0032266e-08,1.1035237e-29,-0.10132728,-2.2295187e-06,0.00183584,-0.010184537,0.31813145,-8.828793e-29,2.3314131e-26,0.29063705
652,0.3457473,0.0006089388,-6.194695e-06,4.4045257e-28,-1.8828102e-30,-1.4006933e-22,-0.050193783,0.0506546,1.6338063e-19,3.721348e-05,-0.0022506295,0.23599957,0.008144285,-1.0185287e-31,-1.3307205e-10,0.39226,0.00075007696,-5.3343354e-30,2.0446843e-22,-1.01681676e-29,6.113995e-19,-9.945682e-05,4.232555e-08,9.298381e-30,-0.08760964,-1.8364838e-06,0.0015397752,-0.008623215,0.27893135,-1.0544262e-28,2.4164424e-26,0.2543757
653,1.0691092,0.0025197598,-2.5650568e-05,4.4871703e-28,3.7923453e-29,-4.0358366e-22,-0.17232032,0.17675823,-1.5378833e-19,0.0001369727,-0.0087075345,0.7470747,0.03123612,-1.2715007e-31,-5.950419e-10,1.2067721,0.00327411,-3.4832715e-30,1.8364479e-22,-2.2686733e-30,4.4279014e-19,-0.00039585817,1.5539771e-07,2.215238e-29,-0.29676056,-7.837442e-06,0.006087932,-0.032628816,0.87313545,-3.6595825e-28,-6.3681487e-26,0.8039078
654,2.3593864,0.0060282587,-6.282505e-05,9.483585e-28,1.2632851e-28,-8.692483e-22,-0.39054325,0.4021375,-1.0005285e-18,0.00032394126,-0.020435354,1.6586257,0.072892666,-8.6605675e-32,-1.5471435e-09,2.6603677,0.007921066,1.7088009e-30,1.0770668e-22,2.3257563e-29,-4.2657777e-19,-0.000946371,3.7986337e-07,3.147025e-29,-0.6700852,-1.9418192e-05,0.0143757975,-0.07589399,1.9328562,-9.259021e-28,-2.3577285e-25,1.7843119
655,2.4409432,0.006263158,-6.556237e-05,1.0251349e-27,1.3305608e-28,-8.2929537e-22,-0.40427718,0.4163347,-1.0720592e-18,0.00033724846,-0.021203306,1.7161299,0.075569846,-2.514393e-32,-1.6262375e-09,2.752478,0.008233346,2.118562e-30,9.239269e-23,2.5471374e-29,-5.2332595e-19,-0.0009844934,3.9806483e-07,3.069246e-29,-0.69357866,-2.0289945e-05,0.014922106,-0.0786677,1.9997331,-9.451169e-28,-2.4430837e-25,1.8462466
656,2.389045,0.0061525507,-6.5022854e-05,9.706972e-28,1.266739e-28,-8.850192e-22,-0.39516115,0.4069092,-1.2441111e-18,0.000332669,-0.020774147,1.678848,0.07394807,-1.2500947e-31,-1.6462709e-09,2.6946807,0.008094322,4.8787326e-30,1.0854436e-22,3.7404454e-29,-8.1808287e-19,-0.0009692733,3.9793574e-07,1.5798618e-29,-0.6779526,-2.0171974e-05,0.014631321,-0.07696952,1.9566318,-1.0101624e-27,-2.265353e-25,1.806341
657,0.61890113,0.0013415802,-1.4180083e-05,4.371419e-28,1.2761305e-29,-2.0248444e-22,-0.095631585,0.097517565,-1.0758068e-19,7.6675016e-05,-0.0046835984,0.4281413,0.016775839,-1.2906904e-31,-3.5141884e-10,0.70067513,0.0017225104,-2.7078015e-30,2.169837e-22,1.4924603e-30,3.5402058e-19,-0.00021496593,9.1982e-08,4.0535397e-30,-0.16553304,-4.342164e-06,0.0032623739,-0.01758762,0.50267094,-2.7989114e-28,-2.9871944e-28,0.46124652
658,0.4751377,0.0009097546,-9.204656e-06,1.544485e-29,-1.2895241e-29,-2.0283541e-22,-0.07076906,0.071783364,4.5024475e-21,5.239459e-05,-0.0032731877,0.3260339,0.011867608,-2.7884233e-31,-2.0978777e-10,0.5388869,0.0011481429,-1.9629736e-30,2.589752e-22,2.2397813e-30,5.7566963e-19,-0.00014505102,5.962974e-08,8.615824e-31,-0.12321084,-2.7634412e-06,0.0022585301,-0.012504847,0.38425037,-2.204327e-28,3.7731513e-26,0.3514294
659,-0.08530473,-0.0005967251,6.544865e-06,2.3306032e-28,-3.5949354e-29,7.713164e-23,0.02372384,-0.025877547,3.723324e-19,-2.7024487e-05,0.0017756106,-0.06963509,-0.006115348,-1.723688e-31,1.8078358e-10,-0.09241235,-0.00084860413,-6.027062e-30,2.7384058e-22,-1.4118657e-29,9.923405e-19,9.001732e-05,-3.317795e-08,6.071273e-30,0.03866233,2.1293858e-06,-0.001306183,0.0061769895,-0.07592756,-1.7494082e-29,7.899379e-26,-0.074081615
660,-0.15341401,-0.00078921666,8.6429245e-06,2.882713e-28,-3.273225e-29,1.0682019e-22,0.035378687,-0.037921436,4.1746865e-19,-3.753284e-05,0.0024148345,-0.11776887,-0.008369456,-1.3916313e-31,2.3763577e-10,-0.16922052,-0.001103423,-6.974507e-30,2.900379e-22,-1.7606606e-29,1.0207079e-18,0.000120605306,-4.6491955e-08,5.5759204e-30,0.05852435,2.7885476e-06,-0.0017588399,0.008516608,-0.13185161,-2.0686486e-29,8.2960927e-26,-0.12583843
661,-0.16333888,-0.001708382,1.6301725e-05,3.6122068e-29,-3.5481428e-29,-2.3607414e-22,0.060328476,-0.06503305,4.1027225e-19,-8.108301e-05,0.0054585524,-0.14118315,-0.01753809,2.7509765e-32,2.470948e-10,-0.17211865,-0.002322947,-6.52604e-30,2.636319e-22,-8.881609e-30,1.1923854e-18,0.00020821234,-5.636636e-09,6.8494096e-30,0.09038611,3.2481612e-06,-0.00394178,0.01780019,-0.15061143,-1.5971075e-30,8.4887646e-26,-0.14686243
662,-0.23344982,-0.0021916542,2.0114341e-05,-9.542116e-30,-3.666464e-29,-4.609635e-22,0.080292046,-0.08617319,2.9898557e-19,-0.00010356486,0.0071169403,-0.19645591,-0.022889908,6.416824e-32,2.4320415e-10,-0.24810492,-0.0029618882,-5.910427e-30,2.248555e-22,6.662544e-31,8.96758e-19,0.00025792356,9.729803e-09,1.9296927e-30,0.12086112,3.583243e-06,-0.0051159905,0.023268092,-0.21190855,-4.167855e-29,1.00002695e-25,-0.20483124
663,-0.50667536,-0.0031956986,3.0056706e-05,-3.3247798e-28,-5.821041e-29,-5.3536256e-22,0.13331111,-0.14138213,3.90127e-19,-0.00015547461,0.01047794,-0.3943916,-0.03433579,4.252673e-32,4.3318069e-10,-0.5534297,-0.0042932364,-6.1242556e-30,2.3662545e-22,3.5554096e-30,9.316247e-19,0.00039696868,-2.2538357e-08,-3.7184178e-30,0.20850265,6.0488483e-06,-0.0074989796,0.035074927,-0.43948004,1.5872239e-29,1.5128116e-25,-0.41652945
664,-0.47490355,-0.0017142391,1.7864437e-05,-3.5031286e-28,-6.402795e-29,-1.6036156e-22,0.090510614,-0.09515114,3.8089504e-19,-8.582198e-05,0.00555527,-0.34532654,-0.01935497,-3.6117816e-31,4.1279236e-10,-0.53113556,-0.0023336643,-6.0058128e-30,2.5505216e-22,-1.917838e-30,5.5133304e-19,0.00025119592,-8.274975e-08,-3.5367845e-30,0.15263401,5.181312e-06,-0.0039751087,0.019864947,-0.3961461,-3.215627e-29,1.6534065e-25,-0.3706312
665,-1.4754176,-0.0041814833,4.4847642e-05,-5.183683e-28,-5.7627947e-29,1.8956069e-22,0.25276375,-0.262484,1.0269031e-18,-0.00021994444,0.013808411,-1.0471154,-0.049122084,-3.880049e-31,1.183368e-09,-1.6605959,-0.0056013595,-1.3396645e-29,3.119325e-22,-2.1449085e-29,7.182393e-19,0.00065262435,-2.6933165e-07,-1.01104694e-29,0.43357584,1.4079805e-05,-0.00979868,0.0508409,-1.2145969,2.185152e-28,2.2808942e-25,-1.126692
666,0.0075602233,-0.0003124489,4.168135e-06,1.3206593e-28,2.7292744e-30,-9.4543206e-23,0.0060549453,-0.0075064786,4.320446e-19,-1.3794861e-05,0.0007924533,-0.0020088926,-0.0026153484,-1.6322604e-31,1.6492438e-10,0.010786772,-0.00047417154,-8.154276e-30,2.389538e-22,-1.5309109e-29,7.52927e-19,4.7615467e-05,-2.4122382e-08,9.514684e-30,0.009043783,1.4420368e-06,-0.000617884,0.002539998,0.0017988756,-3.9410973e-29,4.5750817e-26,-0.0019172058
667,0.6338502,0.0013128738,-1.2285518e-05,1.1456477e-28,8.9910445e-30,-3.4055436e-22,-0.09887643,0.10085319,1.7301193e-19,7.090403e-05,-0.004710374,0.43963432,0.017127957,-2.5426183e-31,-2.2651037e-10,0.71611583,0.0016713443,-5.731016e-30,2.302666e-22,-1.2073614e-29,7.864731e-19,-0.0002038618,7.080166e-08,2.2317195e-29,-0.17098016,-3.6289086e-06,0.003255376,-0.017992426,0.5157438,-2.1856428e-28,-7.957012e-27,0.47308496
668,2.111635,0.0052310536,-5.2552183e-05,2.855004e-28,8.9612473e-29,-8.835129e-22,-0.34832105,0.35845622,-5.2188686e-19,0.00027646558,-0.017924624,1.4838166,0.06434095,-2.727295e-31,-1.2039537e-09,2.38018,0.0068508964,-1.3550505e-30,1.7958257e-22,5.655686e-30,3.9907453e-19,-0.00081307977,3.072636e-07,4.5889686e-29,-0.5982686,-1.607934e-05,0.012568778,-0.06706287,1.7297002,-7.4557876e-28,-1.9050912e-25,1.5959059
669,1.7823564,0.0043065916,-4.2404645e-05,-4.8474212e-30,6.0773514e-29,-6.9898776e-22,-0.2924193,0.30071604,-2.0275438e-19,0.00022642306,-0.0148700755,1.2511159,0.053559415,-2.5890082e-31,-9.252238e-10,2.009126,0.0056224223,-3.4128182e-30,2.038014e-22,-5.1639945e-30,8.167739e-19,-0.00066669995,2.442931e-07,4.7895076e-29,-0.5028015,-1.2891379e-05,0.010402512,-0.055874843,1.459238,-5.440502e-28,-1.3748021e-25,1.3455994
670,2.2311065,0.0055319797,-5.5552104e-05,1.5262762e-28,9.006946e-29,-7.436248e-22,-0.36817834,0.37898007,-4.7176406e-19,0.00029240455,-0.018959645,1.5680016,0.068048686,-1.5659324e-31,-1.2648013e-09,2.514904,0.007245158,-1.8439922e-30,1.6411262e-22,2.4743234e-30,5.45593e-19,-0.0008600378,3.2505616e-07,5.133514e-29,-0.63247144,-1.6999753e-05,0.013293815,-0.07091884,1.8276795,-6.8725014e-28,-1.8992563e-25,1.6865115
671,1.195692,0.0027801902,-2.723568e-05,8.945066e-29,3.1888203e-29,-4.4587585e-22,-0.19339973,0.1984884,7.3634584e-22,0.00014779232,-0.009681994,0.8365493,0.034930762,-1.8987511e-31,-5.8137767e-10,1.348776,0.0036088096,-4.5760276e-30,2.0797355e-22,-9.446163e-30,8.371205e-19,-0.0004316581,1.584506e-07,3.451299e-29,-0.33316025,-8.2420875e-06,0.006754416,-0.036498867,0.9772391,-3.3771805e-28,-6.7184424e-26,0.89992666
672,0.96407056,0.002222059,-2.2350716e-05,3.373168e-28,2.7922942e-29,-3.3283503e-22,-0.15446706,0.1583189,-3.9163538e-20,0.00012079865,-0.007727469,0.6728376,0.027782708,-1.1724324e-31,-5.0249227e-10,1.0884017,0.0028780813,-4.2314148e-30,1.9128942e-22,-6.265166e-30,6.0051245e-19,-0.00034861758,1.3479294e-07,2.3316334e-29,-0.2662901,-6.7984874e-06,0.005392093,-0.02904601,0.78685653,-2.9242964e-28,-4.5462473e-26,0.724053
673,0.7531648,0.0016546373,-1.641914e-05,2.874667e-28,1.4667488e-29,-2.6308292e-22,-0.11882843,0.121513486,7.986721e-20,9.075734e-05,-0.005823212,0.5238411,0.021003112,-1.2335727e-31,-3.545454e-10,0.85083425,0.002127329,-4.9461635e-30,2.0199037e-22,-9.637399e-30,7.0450704e-19,-0.00025991313,9.94001e-08,2.0912807e-29,-0.20529243,-4.9567616e-06,0.004047999,-0.022002377,0.6136325,-2.0994413e-28,-1.8734399e-26,0.5638138
674,0.65067613,0.0013855495,-1.3704508e-05,2.9359208e-28,9.274358e-30,-2.2382178e-22,-0.10152902,0.10365184,1.2083599e-19,7.6778844e-05,-0.004911834,0.45142686,0.017738719,-1.1706686e-31,-2.91219e-10,0.735446,0.0017720782,-5.1827365e-30,2.0412682e-22,-1.0598371e-29,7.200629e-19,-0.00021828769,8.3776825e-08,1.8883502e-29,-0.17566064,-4.121457e-06,0.003406477,-0.018608112,0.5294388,-1.7369324e-28,-6.4125332e-27,0.48595604
675,0.9894273,0.0022747626,-2.2665019e-05,2.7610247e-28,2.727772e-29,-3.6358006e-22,-0.15871976,0.16269961,-1.7588135e-20,0.00012292346,-0.007923748,0.6907857,0.028529234,-1.4508946e-31,-5.001627e-10,1.1168168,0.0029460744,-4.3751328e-30,1.9810785e-22,-7.2819005e-30,6.642138e-19,-0.0003557666,1.3524749e-07,2.5532815e-29,-0.27361497,-6.8778118e-06,0.005526538,-0.029828236,0.80772966,-2.9827503e-28,-4.7819762e-26,0.7433012
676,1.0029142,0.0023220591,-2.330732e-05,3.3696241e-28,3.0289175e-29,-3.794063e-22,-0.16105577,0.16511564,-6.029392e-20,0.00012578894,-0.008068645,0.7003198,0.029016227,-1.4364221e-31,-5.235628e-10,1.1320705,0.0030100986,-4.086927e-30,1.9430111e-22,-5.6171304e-30,5.8850985e-19,-0.00036376432,1.3986764e-07,2.409016e-29,-0.27756095,-7.0885962e-06,0.005631758,-0.030330133,0.8187984,-3.1987234e-28,-5.2058903e-26,0.7535758
677,0.8838836,0.0020177625,-2.0383446e-05,3.7091035e-28,2.470883e-29,-2.9807734e-22,-0.14095123,0.14436753,-2.3263731e-20,0.000110439476,-0.0070275324,0.61617273,0.025257107,-1.0431185e-31,-4.6096865e-10,0.9981735,0.0026091237,-4.3098682e-30,1.9017756e-22,-6.366246e-30,5.7936624e-19,-0.00031743236,1.2403514e-07,2.0913487e-29,-0.24311697,-6.2006375e-06,0.004901084,-0.026417352,0.7209694,-2.6811831e-28,-3.6513536e-26,0.663147
678,0.557715,0.0011564477,-1.1593496e-05,3.8065875e-28,7.504473e-30,-2.1231627e-22,-0.085926116,0.08754529,1.0728279e-19,6.534913e-05,-0.004116603,0.38576245,0.014851975,-1.1593441e-31,-2.526236e-10,0.63085544,0.0014716922,-5.0428234e-30,2.0265439e-22,-9.362788e-30,6.3561385e-19,-0.00018364025,7.2703656e-08,1.4799097e-29,-0.14885747,-3.4878005e-06,0.0028507912,-0.015601139,0.4530683,-1.6718849e-28,7.284699e-28,0.4153789
679,0.4208123,0.0008037639,-8.135161e-06,4.210382e-28,1.4451306e-30,-1.5818436e-22,-0.06284194,0.063714474,1.4355324e-19,4.7292026e-05,-0.002913413,0.28902662,0.010522741,-1.0073077e-31,-1.7669605e-10,0.47677335,0.0010069166,-5.2354645e-30,2.0275437e-22,-9.8979536e-30,6.18806e-19,-0.00012951926,5.3389787e-08,1.1181259e-29,-0.10929119,-2.4316066e-06,0.0020056847,-0.011096944,0.34059075,-1.2447685e-28,1.6251558e-26,0.3113899
680,0.36575925,0.0006519388,-6.4911637e-06,3.9211274e-28,-2.5418634e-30,-1.4594695e-22,-0.05353198,0.05409695,1.8304636e-19,3.9093055e-05,-0.0024085306,0.25014257,0.008736725,-1.0946443e-31,-1.3326215e-10,0.41472492,0.00080562534,-5.4757047e-30,2.0755996e-22,-1.1111402e-29,6.6391977e-19,-0.00010552136,4.3237105e-08,1.1007444e-29,-0.09336739,-1.9167608e-06,0.0016483411,-0.009242966,0.2953854,-1.0217328e-28,2.3403278e-26,0.26955858
681,0.5185252,0.0010655082,-1.0828529e-05,4.5182654e-28,8.148432e-30,-2.2660604e-22,-0.07939434,0.08080235,7.885474e-20,6.0960385e-05,-0.0037931777,0.3580982,0.013664744,-1.2434739e-31,-2.4333296e-10,0.5867741,0.0013533698,-4.8205067e-30,2.0171645e-22,-7.883164e-30,5.5726527e-19,-0.00017014248,6.907668e-08,1.2146886e-29,-0.1376003,-3.264501e-06,0.0026264025,-0.01436261,0.42088047,-1.7941455e-28,1.5003641e-27,0.3856475
682,0.7348478,0.0016286243,-1.6478954e-05,3.953828e-28,1.753596e-29,-2.5495187e-22,-0.115820795,0.11841917,2.5320412e-20,9.025041e-05,-0.0057067475,0.5108844,0.020522662,-1.0315976e-31,-3.714719e-10,0.8303735,0.002095762,-4.5724014e-30,1.9380807e-22,-7.291899e-30,5.820481e-19,-0.00025728584,1.0163346e-07,1.7549757e-29,-0.20005298,-5.0008684e-06,0.0039719827,-0.021494016,0.5985465,-2.2432926e-28,-1.9909025e-26,0.5499408
683,0.60076463,0.0012659179,-1.2639841e-05,3.639106e-28,9.3268665e-30,-2.371888e-22,-0.09318943,0.09504156,9.7115915e-20,7.086607e-05,-0.0044919224,0.41619116,0.016208023,-1.2749884e-31,-2.745696e-10,0.67928445,0.0016158323,-4.9862883e-30,2.0392328e-22,-9.230882e-30,6.4471015e-19,-0.0002002976,7.83527e-08,1.6066643e-29,-0.16130686,-3.805116e-06,0.00311403,-0.017012745,0.48844698,-1.8314876e-28,-4.4873613e-27,0.4480805
684,0.6756766,0.0014744874,-1.4969955e-05,3.9076204e-28,1.3826272e-29,-1.9378709e-22,-0.10578962,0.108068794,5.9119115e-20,8.24459e-05,-0.0051832153,0.4690327,0.018636942,-7.141213e-32,-3.3694292e-10,0.7638234,0.0018921248,-4.7979843e-30,1.908509e-22,-8.3270816e-30,6.052167e-19,-0.0002337581,9.336969e-08,1.653725e-29,-0.18289348,-4.540306e-06,0.0036037408,-0.019531894,0.54990095,-1.8563644e-28,-1.0278377e-26,0.50497055
685,0.7886301,0.0017828976,-1.8274019e-05,4.3146223e-28,2.1258014e-29,-2.094406e-22,-0.124866664,0.12777616,-9.707585e-21,9.9029814e-05,-0.006212614,0.5488027,0.022285163,-4.9091935e-32,-4.2222398e-10,0.89112234,0.0023005686,-4.392677e-30,1.8129356e-22,-6.352303e-30,5.3569013e-19,-0.00028238355,1.1362141e-07,1.739155e-29,-0.21554238,-5.5724195e-06,0.0043314993,-0.023319904,0.6426461,-2.2349728e-28,-2.3772816e-26,0.590785
686,0.46899188,0.0009355833,-9.590121e-06,4.202665e-28,3.544701e-30,-1.1169324e-22,-0.07091354,0.07206155,1.3219339e-19,5.4605745e-05,-0.0033531762,0.32299227,0.012070811,-5.35519e-32,-2.1407043e-10,0.5311563,0.0011811126,-5.2123436e-30,1.9343454e-22,-9.881423e-30,6.16807e-19,-0.000150649,6.2751425e-08,1.1957993e-29,-0.12314203,-2.8894458e-06,0.0023165795,-0.012702971,0.38010195,-1.1472363e-28,1.419167e-26,0.34796354
687,0.53839695,0.0010785132,-1.0417314e-05,2.4651826e-28,1.5571595e-30,-1.9646723e-22,-0.08254926,0.08404668,1.9475869e-19,6.029991e-05,-0.0038876259,0.37212014,0.014108031,-1.3129776e-31,-2.0599347e-10,0.6089219,0.0013653045,-5.6290614e-30,2.1266415e-22,-1.2806318e-29,7.9835694e-19,-0.00016992429,6.368727e-08,1.8197928e-29,-0.14318857,-3.0948056e-06,0.0026822474,-0.014838208,0.43723747,-1.2976203e-28,7.9093475e-27,0.40064618
688,0.65607035,0.0014266747,-1.4532505e-05,4.139404e-28,1.3676435e-29,-1.9774505e-22,-0.10250884,0.10468133,5.2562546e-20,8.0054815e-05,-0.0050165453,0.45519036,0.018031597,-7.527951e-32,-3.293722e-10,0.7417581,0.0018295536,-4.7401123e-30,1.9096155e-22,-7.904616e-30,5.8098726e-19,-0.00022652102,9.106927e-08,1.5553016e-29,-0.17725095,-4.409253e-06,0.003487428,-0.018901277,0.53379875,-1.8792437e-28,-9.3038995e-27,0.49008992
689,2.1363308,0.0053628315,-5.5053555e-05,5.2272613e-28,9.7704183e-29,-6.439715e-22,-0.3524077,0.36274603,-6.3674864e-19,0.00028690914,-0.018284412,1.5009149,0.065390654,-4.0009114e-32,-1.3090258e-09,2.4088774,0.007031412,-7.310533e-31,1.294367e-22,9.737306e-30,1.3927488e-19,-0.00083928625,3.295008e-07,3.9106943e-29,-0.6051843,-1.6942804e-05,0.012839976,-0.06812195,1.7496266,-7.003535e-28,-1.8657951e-25,1.6146282
690,2.795642,0.0071836985,-7.4736585e-05,9.141461e-28,1.480452e-28,-9.125462e-22,-0.46402386,0.47803098,-1.1661758e-18,0.00038488014,-0.024334555,1.9666752,0.08680581,-2.1194245e-32,-1.8324078e-09,3.1518316,0.00944704,2.6750174e-30,8.4283086e-23,2.7012167e-29,-4.9182184e-19,-0.0011265578,4.5037476e-07,3.906754e-29,-0.7960092,-2.31042e-05,0.017123297,-0.09035349,2.2910757,-1.0312179e-27,-2.7975406e-25,2.115634
691,1.8960505,0.0047216215,-4.8432143e-05,5.362779e-28,8.605138e-29,-6.469605e-22,-0.3117995,0.32077852,-5.7284863e-19,0.00025294934,-0.01611999,1.3311044,0.057679065,-1.0777264e-31,-1.1523714e-09,2.1382709,0.0061849533,-9.421179e-31,1.536934e-22,9.1541105e-30,1.530994e-19,-0.0007390404,2.9016476e-07,3.3623785e-29,-0.5356177,-1.4892962e-05,0.011314991,-0.060109336,1.5522287,-6.747809e-28,-1.6331104e-25,1.4320108
692,1.6083018,0.003958006,-4.0621744e-05,4.961814e-28,7.093926e-29,-7.8480997e-22,-0.26309127,0.27043277,-5.9520267e-19,0.00021230991,-0.013527028,1.1275951,0.04844165,-3.0898027e-31,-9.761052e-10,1.814244,0.0051803095,3.1350528e-31,2.0229193e-22,1.4900757e-29,5.7550057e-21,-0.00061939016,2.4342546e-07,1.9764672e-29,-0.45215824,-1.2481753e-05,0.009491262,-0.05051062,1.3157431,-7.159129e-28,-1.3237803e-25,1.2131469
693,0.118235976,-7.247459e-05,1.6832873e-06,2.240673e-28,-1.789452e-29,-1.2950796e-22,-0.010990877,0.010008331,3.3831604e-19,-1.1710981e-06,-2.5311252e-05,0.07466827,0.00040060282,-2.354961e-31,9.0024044e-11,0.13605672,-0.00015737291,-6.515973e-30,2.7672342e-22,-1.5840267e-29,9.47608e-19,1.0963609e-05,-8.924342e-09,1.174364e-29,-0.020757437,6.696273e-07,-4.377612e-05,-0.00060529914,0.091703184,-1.0689176e-28,4.669002e-26,0.08086374
694,0.12011662,-7.890124e-05,1.7799898e-06,2.362413e-28,-1.8985125e-29,-1.3302152e-22,-0.011092469,0.010067876,3.2036028e-19,-1.6576487e-06,-8.346746e-06,0.07584423,0.00036477018,-2.5152847e-31,8.9066754e-11,0.13828287,-0.00016628444,-6.3366135e-30,2.920064e-22,-1.5224834e-29,9.846805e-19,1.2307602e-05,-9.414279e-09,1.2037397e-29,-0.021000765,7.0108786e-07,-5.671347e-05,-0.0005718395,0.09313475,-1.4000555e-28,4.5150374e-26,0.082162805
695,-0.025552787,-0.0004686344,5.44398e-06,2.2318957e-28,-2.741876e-29,1.6871122e-22,0.014213188,-0.016101563,4.0033257e-19,-2.0809995e-05,0.0013189698,-0.02782096,-0.004431825,-9.0664386e-32,1.6698025e-10,-0.024945498,-0.00068214524,-7.023387e-30,2.9306077e-22,-1.8081256e-29,1.09575e-18,7.0993556e-05,-2.7757515e-08,9.625754e-30,0.022125416,1.8075007e-06,-0.0009896287,0.0044194004,-0.02709888,-4.4592314e-29,7.2886514e-26,-0.02901645
696,0.029286444,-0.00030718333,3.9781257e-06,1.1175271e-28,-2.6405165e-29,1.01763865e-22,0.0041989163,-0.005715627,4.0602109e-19,-1.2846269e-05,0.0007668331,0.01151526,-0.002466299,-1.2266333e-31,1.4401672e-10,0.036333293,-0.00047080958,-7.192638e-30,2.7480935e-22,-1.7962013e-29,1.035351e-18,4.6390916e-05,-2.0813427e-08,1.1920244e-29,0.0052834414,1.3676151e-06,-0.0006022726,0.0023733755,0.018377163,-3.8861384e-29,7.3082595e-26,0.013073228
697,-0.5375774,-0.0022315755,2.2863198e-05,-1.6018968e-28,-3.919628e-29,8.155369e-23,0.111214325,-0.1169785,5.778815e-19,-0.00011166808,0.00725218,-0.39758742,-0.024839085,-8.3718114e-32,5.23714e-10,-0.5975784,-0.003019131,-9.1265306e-30,2.6866139e-22,-1.5807431e-29,8.662312e-19,0.00031620753,-8.835943e-08,5.7672574e-31,0.183667,6.2116706e-06,-0.0051878905,0.025495615,-0.45282227,6.486206e-29,1.3908626e-25,-0.42477217
698,-1.4277468,-0.0042513646,4.471687e-05,-5.1197275e-28,-6.491603e-29,2.4349968e-22,0.25110215,-0.2611322,9.07213e-19,-0.00022113904,0.014071256,-1.0188684,-0.049754165,-3.0777983e-31,1.1250176e-09,-1.6039239,-0.0056951223,-1.2534093e-29,3.0214393e-22,-1.8331936e-29,6.0473267e-19,0.00064838625,-2.4623378e-07,-1.2515345e-29,0.42819554,1.3561952e-05,-0.009984952,0.051444117,-1.1790287,1.8140214e-28,2.420455e-25,-1.0949575
699,-1.308334,-0.003738563,3.9927363e-05,-5.40721e-28,-6.451586e-29,2.1707518e-22,0.22535135,-0.23417506,8.869991e-19,-0.00019560577,0.012340279,-0.93002784,-0.043918546,-3.7650132e-31,1.0461738e-09,-1.4717965,-0.005014183,-1.155664e-29,3.0924342e-22,-1.7141673e-29,6.520605e-19,0.000582192,-2.3810722e-07,-1.2447533e-29,0.38640383,1.2526895e-05,-0.008759074,0.045437314,-1.0780224,1.7935829e-28,2.3095986e-25,-1.0005248
700,-1.4871106,-0.0042841225,4.6542642e-05,-4.539055e-28,-1.5637533e-29,1.5706996e-22,0.25561026,-0.2653979,1.2329323e-18,-0.00022724646,0.014086928,-1.0551698,-0.04995327,-3.1388638e-31,1.2669206e-09,-1.6739888,-0.0057339156,-1.57513e-29,3.366621e-22,-2.7941247e-29,9.686084e-19,0.00067204,-2.8299655e-07,-7.217673e-30,0.43759826,1.4673157e-05,-0.010007334,0.051706236,-1.2240034,2.6210127e-28,1.7148827e-25,-1.1353288
701,-0.87458116,-0.0026757189,2.9623949e-05,-3.1308517e-28,-9.495453e-30,8.754835e-23,0.15370369,-0.1601032,9.542856e-19,-0.00014137934,0.008684523,-0.62404156,-0.03067927,-2.6275774e-31,8.434572e-10,-0.98340404,-0.003606358,-1.3087257e-29,3.0172594e-22,-2.5345292e-29,9.480408e-19,0.00042008408,-1.8119711e-07,1.5335953e-30,0.2625026,9.4113875e-06,-0.0061957715,0.031681307,-0.721947,1.5819495e-28,1.2342583e-25,-0.67129445
702,0.56763864,0.0011503266,-1.0700976e-05,1.5925459e-28,1.4168621e-29,-3.4334988e-22,-0.08826001,0.08990216,1.963787e-19,6.252153e-05,-0.0041587492,0.3936677,0.015142127,-2.2340171e-31,-1.9622948e-10,0.6412369,0.0014581063,-6.0444446e-30,2.2959005e-22,-1.0950252e-29,7.7671944e-19,-0.00017886845,6.235983e-08,2.0825998e-29,-0.15269965,-3.1472675e-06,0.002867602,-0.015923869,0.46187857,-2.0930265e-28,-1.0006503e-26,0.42352304
703,1.1296561,0.0026162835,-2.5481668e-05,1.2572856e-28,2.951051e-29,-5.8160945e-22,-0.18276225,0.18747552,-4.185932e-20,0.00013867105,-0.009123508,0.79030675,0.03294612,-3.0533379e-31,-5.438625e-10,1.2740779,0.0033929718,-4.1818153e-30,2.2257931e-22,-6.6617345e-30,7.396204e-19,-0.00040547588,1.4719845e-07,3.2117142e-29,-0.31467223,-7.696678e-06,0.006362021,-0.034439884,0.9232859,-4.0005925e-28,-6.6091654e-26,0.85004306
704,1.8630552,0.004583973,-4.610599e-05,3.3571725e-28,7.803459e-29,-8.01677e-22,-0.30638024,0.3151508,-4.459372e-19,0.00024303753,-0.015725056,1.3081703,0.05644749,-2.599491e-31,-1.0581486e-09,2.1003478,0.00599745,-1.7682147e-30,1.839518e-22,4.310183e-30,3.8956557e-19,-0.00071329245,2.7059215e-07,3.9919108e-29,-0.5264014,-1.4102087e-05,0.011022176,-0.058853474,1.5254817,-6.7238524e-28,-1.6254388e-25,1.4070678
705,1.2118301,0.0028429443,-2.8133005e-05,2.0297303e-28,3.7182644e-29,-4.9496677e-22,-0.19625849,0.20144331,-7.815947e-20,0.00015165027,-0.009868326,0.8479896,0.03554793,-2.045378e-31,-6.1681327e-10,1.367025,0.003694561,-4.027352e-30,2.0396353e-22,-6.2699883e-30,6.954921e-19,-0.00044237726,1.6499011e-07,3.170777e-29,-0.33794394,-8.539183e-06,0.0068911323,-0.037133496,0.99050194,-3.8420523e-28,-7.533842e-26,0.91225195
706,1.062504,0.0024828925,-2.5006239e-05,3.4837088e-28,3.3826784e-29,-3.8502622e-22,-0.1711095,0.17550106,-9.038768e-20,0.00013438033,-0.008607786,0.74240154,0.030931674,-1.3154421e-31,-5.6619315e-10,1.1992191,0.003222849,-3.916399e-30,1.8972072e-22,-4.8331197e-30,5.6395737e-19,-0.00038902645,1.5015993e-07,2.4817891e-29,-0.29477653,-7.617494e-06,0.00601242,-0.032319643,0.867728,-3.3672292e-28,-5.86967e-26,0.79884315
707,0.66469127,0.0014404911,-1.4531261e-05,3.7671223e-28,1.2941774e-29,-2.177406e-22,-0.103950754,0.106163055,6.8085004e-20,8.036931e-05,-0.005074633,0.46130556,0.018267903,-9.488257e-32,-3.2321845e-10,0.75137424,0.0018468122,-4.838978e-30,1.9577671e-22,-8.566938e-30,6.2076834e-19,-0.00022799944,9.017363e-08,1.6785289e-29,-0.17974418,-4.3976124e-06,0.0035259572,-0.019150883,0.5409109,-1.9064513e-28,-1.0138983e-26,0.4966314
708,0.43074125,0.00081464386,-8.052217e-06,3.3252403e-28,-1.4990716e-30,-1.2328402e-22,-0.06441045,0.06533274,1.960736e-19,4.74366e-05,-0.0029698564,0.2960078,0.01076123,-8.6656215e-32,-1.6388713e-10,0.48790202,0.0010190643,-5.6137762e-30,2.0462789e-22,-1.2172802e-29,7.251326e-19,-0.00013048679,5.193807e-08,1.377485e-29,-0.11206653,-2.390813e-06,0.0020412554,-0.0113500515,0.34873804,-9.4203186e-29,2.0156062e-26,0.31888103
709,0.6821463,0.0014696254,-1.4580706e-05,2.9528955e-28,1.0985646e-29,-2.2644387e-22,-0.106834784,0.10913229,1.0750577e-19,8.1239836e-05,-0.00519475,0.47365087,0.018746205,-1.1114527e-31,-3.1263275e-10,0.77090216,0.0018831845,-5.1101136e-30,2.0200525e-22,-1.0289266e-29,7.122201e-19,-0.0002314433,8.9020716e-08,1.9389215e-29,-0.18474972,-4.393326e-06,0.0036060007,-0.019654889,0.55528027,-1.8157213e-28,-9.759997e-27,0.5098604
710,0.8990804,0.0020505653,-2.0593632e-05,3.442187e-28,2.4768112e-29,-3.2761497e-22,-0.1435186,0.147011,-1.7703164e-20,0.000111777175,-0.0071476973,0.626941,0.025712136,-1.2784424e-31,-4.6099197e-10,1.0151947,0.0026517191,-4.340384e-30,1.9487092e-22,-6.655979e-30,6.04477e-19,-0.0003219124,1.2444494e-07,2.1981776e-29,-0.24752602,-6.2556237e-06,0.0049837856,-0.026893862,0.733487,-2.7829993e-28,-3.8900198e-26,0.67469156
711,1.0564822,0.0024709022,-2.4908228e-05,3.8355814e-28,3.5112727e-29,-4.271158e-22,-0.17016366,0.17451914,-1.1445191e-19,0.00013372213,-0.008562174,0.7381944,0.030765515,-1.5935101e-31,-5.668089e-10,1.1923978,0.0032078468,-3.7280843e-30,1.9266434e-22,-3.733677e-30,5.1866825e-19,-0.00038713551,1.4955452e-07,2.3804007e-29,-0.29310918,-7.5890566e-06,0.005981408,-0.032146394,0.86281496,-3.6021065e-28,-6.169883e-26,0.79430145
712,0.90004456,0.0020551085,-2.0657646e-05,3.5946885e-28,2.5488783e-29,-3.4308997e-22,-0.14370812,0.14720525,-2.9102902e-20,0.00011202827,-0.0071604694,0.62763804,0.025754906,-1.3690032e-31,-4.6397386e-10,1.0162714,0.0026580887,-4.2558323e-30,1.9553609e-22,-6.1718908e-30,5.8455205e-19,-0.00032264783,1.2485992e-07,2.1599494e-29,-0.24783176,-6.276734e-06,0.004993342,-0.026937883,0.73428935,-2.8804683e-28,-4.0395262e-26,0.6754366
713,0.7673036,0.0017098521,-1.7242028e-05,3.7325781e-28,1.850027e-29,-2.6504818e-22,-0.121280864,0.12405509,2.438743e-20,9.432752e-05,-0.0059869844,0.5338163,0.021537397,-1.068605e-31,-3.8645692e-10,0.866889,0.002202479,-4.579769e-30,1.9442725e-22,-7.481684e-30,6.010891e-19,-0.0002696141,1.05704316e-07,1.8756216e-29,-0.209423,-5.231179e-06,0.004168163,-0.022550654,0.62521344,-2.3083489e-28,-2.3028317e-26,0.57458764
714,0.5043811,0.0010198203,-1.027568e-05,3.9488979e-28,4.977253e-30,-1.7692735e-22,-0.076918125,0.07824865,1.2429436e-19,5.8441878e-05,-0.003649518,0.34806,0.013166501,-9.929307e-32,-2.2420382e-10,0.5708567,0.0012916289,-5.144969e-30,2.0101779e-22,-9.7137e-30,6.3254465e-19,-0.00016281247,6.553242e-08,1.3405402e-29,-0.13342497,-3.0871668e-06,0.0025229056,-0.013846907,0.40923557,-1.4424845e-28,7.662107e-27,0.37486067
715,0.4332679,0.00083793857,-8.4759995e-06,4.4008785e-28,3.0843437e-30,-1.9737073e-22,-0.06499338,0.06593096,1.222284e-19,4.8983045e-05,-0.0030271942,0.2978651,0.0109324,-1.246192e-31,-1.8584922e-10,0.49075374,0.0010524883,-5.0780182e-30,2.052472e-22,-9.05493e-30,5.8955664e-19,-0.00013468371,5.5191958e-08,1.0937849e-29,-0.11294568,-2.5360844e-06,0.0020862238,-0.011523123,0.35085174,-1.4733706e-28,1.20927385e-26,0.32087478
716,0.5912929,0.0012561593,-1.2736196e-05,4.5040953e-28,1.218792e-29,-2.6781356e-22,-0.09169218,0.09349753,4.6184363e-20,7.079469e-05,-0.004439385,0.40952808,0.015982937,-1.3856706e-31,-2.8761443e-10,0.6686771,0.0016051207,-4.6212083e-30,2.0164296e-22,-7.031718e-30,5.411943e-19,-0.00019952605,7.991105e-08,1.3530272e-29,-0.15865707,-3.850214e-06,0.0030811818,-0.0167735,0.48067138,-2.113508e-28,-8.12666e-27,0.44093397
717,0.67740595,0.0014661811,-1.4637473e-05,3.5899731e-28,1.3440815e-29,-2.783638e-22,-0.10613708,0.10840762,6.5007866e-20,8.1184655e-05,-0.0051714056,0.47035658,0.018646725,-1.4134323e-31,-3.2055053e-10,0.7655469,0.0018801913,-4.793098e-30,2.0383607e-22,-8.4316355e-30,6.3205377e-19,-0.00023114242,8.9670024e-08,1.7615545e-29,-0.18347993,-4.417958e-06,0.0035920788,-0.019549124,0.5514197,-2.1516114e-28,-1.4385365e-26,0.50630766
718,0.78352654,0.001740823,-1.738222e-05,3.1734995e-28,1.7411457e-29,-2.7545392e-22,-0.123979345,0.12683487,4.9218255e-20,9.5477444e-05,-0.0061068037,0.54529047,0.02200054,-1.204033e-31,-3.8156767e-10,0.8850632,0.0022419333,-4.750984e-30,1.989485e-22,-8.597554e-30,6.6260967e-19,-0.00027364772,1.0548729e-07,2.062631e-29,-0.21408886,-5.260569e-06,0.0042493697,-0.023036938,0.6385642,-2.2733552e-28,-2.3451282e-26,0.5868918
719,0.8958181,0.0020355545,-2.0339716e-05,3.1740938e-28,2.3718757e-29,-3.381544e-22,-0.14295775,0.14642684,-2.3732329e-21,0.00011070441,-0.0071051135,0.62465316,0.025580183,-1.4127554e-31,-4.5058896e-10,1.0114568,0.00263118,-4.436031e-30,1.9854549e-22,-7.237076e-30,6.3525413e-19,-0.00031911145,1.2233772e-07,2.2696543e-29,-0.24658278,-6.16929e-06,0.004952086,-0.026759494,0.7308288,-2.7668608e-28,-3.8326524e-26,0.6722076
720,0.91173065,0.0021043704,-2.149659e-05,4.1337294e-28,2.7299278e-29,-2.5024617e-22,-0.14563051,0.149215,-5.1792156e-20,0.000115689545,-0.0073036547,0.6357743,0.02619686,-5.360428e-32,-4.9615045e-10,1.0297141,0.0027247106,-4.1599312e-30,1.7878102e-22,-5.4993064e-30,5.303636e-19,-0.00033204304,1.320729e-07,2.0118397e-29,-0.25111982,-6.562397e-06,0.005099009,-0.027387764,0.74376935,-2.6223108e-28,-3.7856017e-26,0.6842941
721,0.939152,0.0021524967,-2.1531281e-05,3.4731065e-28,2.7535144e-29,-4.0138798e-22,-0.15034309,0.15404621,-4.5127976e-20,0.000116710056,-0.0074970177,0.6553216,0.026983414,-1.7424093e-31,-4.8084003e-10,1.0601953,0.0027863302,-4.1395833e-30,2.0092906e-22,-5.7132275e-30,5.849472e-19,-0.00033711034,1.2908002e-07,2.272987e-29,-0.25918677,-6.5367667e-06,0.0052288733,-0.028218377,0.76646423,-3.181128e-28,-4.732093e-26,0.70516014
722,0.26421556,0.00036631786,-3.3009264e-06,3.2176454e-28,-1.0288647e-29,-1.5031228e-22,-0.036373083,0.036363963,2.6189805e-19,2.3355457e-05,-0.0014654906,0.17845653,0.0054212324,-1.4966903e-31,-4.566958e-11,0.30019516,0.00042648776,-5.9442255e-30,2.2111294e-22,-1.3544644e-29,7.6382633e-19,-5.9870647e-05,2.289855e-08,1.1227003e-29,-0.06402133,-9.103753e-07,0.0009794568,-0.0058041383,0.21204004,-6.9280834e-29,3.5525004e-26,0.19240704
723,0.738814,0.0016024949,-1.5639462e-05,2.3952545e-28,1.2621046e-29,-3.1622468e-22,-0.11642367,0.119013965,1.05696105e-19,8.726021e-05,-0.005665067,0.5137761,0.020488728,-1.7578614e-31,-3.2645997e-10,0.83448136,0.0020571214,-5.0830215e-30,2.1348946e-22,-1.0487313e-29,7.5692925e-19,-0.00025057202,9.31978e-08,2.2106552e-29,-0.20118937,-4.696476e-06,0.003932858,-0.021474648,0.6019214,-2.1972068e-28,-1.887131e-26,0.5529178
724,1.1899352,0.0028544771,-2.9356359e-05,4.8928356e-28,4.5199195e-29,-3.484413e-22,-0.19265531,0.1977792,-2.1557195e-19,0.00015543778,-0.009818949,0.83232075,0.035148468,-4.8566478e-32,-6.933059e-10,1.3430899,0.0037174213,-3.168192e-30,1.6464022e-22,-7.645611e-31,3.8052702e-19,-0.00044936748,1.7905063e-07,2.3015961e-29,-0.33159462,-9.004226e-06,0.006874838,-0.036687505,0.97227114,-3.756643e-28,-7.380479e-26,0.89567137
725,2.1946769,0.0054866956,-5.582506e-05,3.576826e-28,9.4657615e-29,-6.8251044e-22,-0.36225227,0.3728897,-5.788982e-19,0.00029206107,-0.018744586,1.5422542,0.06712988,-8.323735e-32,-1.3052293e-09,2.474274,0.0071906876,-1.1378285e-30,1.4151627e-22,7.123031e-30,2.9827874e-19,-0.00085636537,3.3110672e-07,4.4618275e-29,-0.62211347,-1.7142935e-05,0.013155307,-0.069944054,1.797676,-7.004442e-28,-1.8800996e-25,1.65896
726,2.06673,0.0051645464,-5.2622105e-05,5.4477143e-28,9.69549e-29,-9.141529e-22,-0.34094682,0.35085213,-6.789085e-19,0.0002748246,-0.017630901,1.4520437,0.06314766,-2.6344027e-31,-1.2439438e-09,2.329976,0.006770079,-1.7828318e-31,1.678998e-22,1.2723789e-29,6.5151744e-20,-0.00080581405,3.1180807e-07,3.6690437e-29,-0.58540237,-1.6159915e-05,0.012376433,-0.065803036,1.6927186,-8.128458e-28,-1.9498218e-25,1.5618627
727,0.76098764,0.0016555549,-1.5878348e-05,2.0105146e-28,2.4302795e-29,-4.486352e-22,-0.12022643,0.12283686,2.8357044e-20,8.884666e-05,-0.005851609,0.5291594,0.02118944,-3.1061437e-31,-3.1950276e-10,0.85952485,0.002125413,-4.9602108e-30,2.4064897e-22,-6.924105e-30,5.9781656e-19,-0.0002571825,9.196505e-08,2.1583057e-29,-0.20742723,-4.743045e-06,0.004062889,-0.022214599,0.61996084,-3.5943527e-28,-3.4120847e-26,0.5694069
728,1.0171672,0.0023207439,-2.2543505e-05,3.5117866e-28,3.9994598e-29,-7.672493e-22,-0.16359578,0.16760616,-1.3994805e-19,0.00012283569,-0.0081042405,0.71061414,0.029313594,-4.5012086e-31,-4.8655835e-10,1.1475102,0.0030074597,-3.5249137e-30,2.5785402e-22,-1.571947e-30,5.3105006e-19,-0.00035896729,1.296806e-07,2.4802198e-29,-0.28179172,-6.7910496e-06,0.0056489483,-0.03066272,0.83073914,-5.3316328e-28,-8.368319e-26,0.76438004
729,0.1245479,-6.822561e-05,1.7764837e-06,2.0563583e-28,-8.05708e-30,-1.1557303e-22,-0.012055926,0.011074558,3.6272617e-19,-1.3685167e-06,-5.521113e-05,0.07933664,0.0005382346,-2.122468e-31,9.808286e-11,0.14313307,-0.0001523724,-6.9952695e-30,2.8786986e-22,-1.5828105e-29,9.96239e-19,1.0993339e-05,-9.91351e-09,1.3001622e-29,-0.022647373,7.108474e-07,-2.564292e-05,-0.0007509645,0.097015806,-1.2674181e-28,3.5575565e-26,0.085854
730,0.18581522,8.236163e-05,4.6870127e-07,1.1236087e-28,-4.624871e-30,-1.0972192e-22,-0.02262672,0.022020597,4.2244998e-19,5.9929407e-06,-0.0005889381,0.12309681,0.0024855146,-1.7714876e-31,7.963466e-11,0.21179107,4.475331e-05,-7.5248355e-30,2.8103704e-22,-1.7935626e-29,1.1121818e-18,-1.1551121e-05,-3.3634926e-09,1.716835e-29,-0.040821746,3.248715e-07,0.00034518493,-0.0027783,0.14767888,-9.2027126e-29,2.9451142e-26,0.13279337
731,0.0045394003,-0.0004002097,5.4433563e-06,3.6098427e-30,-7.371527e-31,1.2473255e-22,0.00854565,-0.010191914,5.4998076e-19,-1.9116258e-05,0.0010399928,-0.005934909,-0.0033786604,-8.6305477e-32,2.1991378e-10,0.008383483,-0.00059502287,-9.079943e-30,2.765745e-22,-2.2088924e-29,1.0908773e-18,6.292583e-05,-3.2872073e-08,1.397944e-29,0.012546457,1.8729891e-06,-0.00080243754,0.0033189934,-0.0018859431,8.2499015e-31,4.993648e-26,-0.0057252273
732,-0.7884546,-0.0024743122,2.7508713e-05,-3.420821e-28,1.18572254e-29,2.9474605e-22,0.14152059,-0.14760928,9.106943e-19,-0.00013038568,0.008022113,-0.5665165,-0.028367486,-2.0851633e-31,8.234567e-10,-0.8844199,-0.0033416061,-1.3641371e-29,3.0131765e-22,-2.7686492e-29,7.4623386e-19,0.00038797394,-1.696868e-07,-8.1385925e-31,0.24127236,8.774807e-06,-0.005725259,0.029280357,-0.6534349,1.2004881e-28,1.0882217e-25,-0.60869956
733,-1.4482616,-0.004185753,4.5283377e-05,-4.818328e-28,-2.9059304e-30,3.91258e-22,0.2514676,-0.2612163,1.1386523e-18,-0.00022108098,0.013799882,-1.0316448,-0.04904824,-2.94334e-31,1.2617144e-09,-1.6278888,-0.0056054657,-1.5870209e-29,3.2888124e-22,-2.9051326e-29,6.190723e-19,0.000654831,-2.758971e-07,-1.2791942e-29,0.43037784,1.4284729e-05,-0.009795951,0.05076933,-1.194735,2.1646475e-28,1.7406247e-25,-1.1091927
734,-2.3328948,-0.0064908355,6.994375e-05,-9.205661e-28,-2.1157713e-29,4.0797962e-22,0.3970224,-0.41162288,1.5675403e-18,-0.0003453564,0.021515083,-1.6527241,-0.07654175,-4.3931407e-31,1.8883508e-09,-2.6262603,-0.008660426,-1.9988455e-29,3.7829452e-22,-3.1546564e-29,6.7967415e-19,0.0010174264,-4.265414e-07,-2.079144e-29,0.6811021,2.1974582e-05,-0.01524545,0.07931887,-1.9187505,3.4949988e-28,2.5929064e-25,-1.7781606
735,-1.785843,-0.00509876,5.5503122e-05,-5.8440553e-28,1.9990701e-30,2.0006228e-22,0.30589676,-0.31738368,1.4441249e-18,-0.0002718467,0.016794965,-1.2660037,-0.059557717,-3.4090338e-31,1.5227158e-09,-2.010536,-0.006812468,-1.8246967e-29,3.6517318e-22,-3.188129e-29,9.935822e-19,0.0008013707,-3.3970775e-07,-1.0423647e-29,0.5237847,1.7501581e-05,-0.011923237,0.061680727,-1.4692079,3.0588144e-28,1.7353233e-25,-1.362162
736,-0.5859733,-0.0019321688,2.1441148e-05,5.7269164e-29,-1.9000713e-30,-4.9396182e-24,0.10630648,-0.11104974,8.2367176e-19,-0.00010079176,0.0061998297,-0.42075336,-0.021795645,-1.8678364e-31,6.1529215e-10,-0.6580931,-0.0026146178,-1.1281625e-29,2.8591056e-22,-2.4720066e-29,1.0438025e-18,0.00030281814,-1.294089e-07,2.8606695e-30,0.18042582,6.8420195e-06,-0.0044393865,0.022468325,-0.48528984,1.4707612e-28,7.853694e-26,-0.45236525
737,0.05086896,-0.00023516503,3.6567417e-06,2.1579082e-29,-1.12104214e-29,-5.2762804e-23,-0.0006614551,-0.00055781007,5.099205e-19,-1.029241e-05,0.0004986995,0.028190657,-0.0014836369,-1.5302873e-31,1.6585952e-10,0.059540674,-0.00037513522,-8.29311e-30,2.436404e-22,-2.0168894e-29,9.985561e-19,3.678784e-05,-2.2447601e-08,1.4337342e-29,-0.0028169602,1.3049689e-06,-0.00041808153,0.0013547614,0.037145965,2.5602277e-29,5.5476766e-26,0.030609243
738,0.90782166,0.002048906,-2.0122383e-05,2.690801e-28,2.3494898e-29,-4.5690965e-22,-0.14506412,0.14857498,4.7713846e-21,0.000110232824,-0.007173696,0.6332814,0.025899187,-2.3840262e-31,-4.330799e-10,1.0246568,0.0026473952,-4.4257355e-30,2.1626012e-22,-7.4134776e-30,6.770832e-19,-0.000319308,1.18576025e-07,2.4510727e-29,-0.25018018,-6.074134e-06,0.004995565,-0.02710107,0.7408295,-3.1863261e-28,-4.4928328e-26,0.6813631
739,0.91419303,0.0020781402,-2.0662103e-05,3.0003687e-28,2.4334748e-29,-3.7706314e-22,-0.14608026,0.14964315,-4.6138067e-21,0.0001125679,-0.0072566546,0.6376783,0.02614519,-1.6989255e-31,-4.54201e-10,1.0320518,0.0026869334,-4.4102332e-30,2.0340213e-22,-7.217866e-30,6.4831335e-19,-0.00032513874,1.2343966e-07,2.3587448e-29,-0.25193048,-6.2598892e-06,0.005057253,-0.027349971,0.7459643,-2.9303537e-28,-4.1880502e-26,0.6861763
740,0.9749762,0.002267037,-2.2990573e-05,4.4187834e-28,3.283712e-29,-4.0740947e-22,-0.1564598,0.16037302,-1.1453215e-19,0.00012347015,-0.007858656,0.6806123,0.028218824,-1.5412009e-31,-5.2925997e-10,1.1006887,0.002940071,-3.6900253e-30,1.9159163e-22,-3.1475834e-30,4.6692474e-19,-0.00035616523,1.3928528e-07,2.0712525e-29,-0.2695872,-7.0100414e-06,0.0054889563,-0.029494628,0.7958515,-3.4691803e-28,-5.430135e-26,0.73240983
741,0.7096887,0.0015630119,-1.5796719e-05,4.123856e-28,1.7057336e-29,-2.815935e-22,-0.1116216,0.11407779,2.1257301e-20,8.671076e-05,-0.0054838764,0.49314874,0.019729782,-1.2694274e-31,-3.5604447e-10,0.80199444,0.0020094793,-4.51574e-30,1.9766099e-22,-6.888719e-30,5.63321e-19,-0.00024693742,9.744424e-08,1.6687244e-29,-0.19283235,-4.789231e-06,0.0038152763,-0.020670269,0.5779109,-2.3382643e-28,-1.9523703e-26,0.5308501
742,0.45975113,0.0008840971,-8.652702e-06,2.9938863e-28,-1.07409715e-30,-1.3771953e-22,-0.0692853,0.07036221,2.0224426e-19,5.0775674e-05,-0.0032137083,0.31651282,0.011654454,-9.6332773e-32,-1.7318602e-10,0.52050924,0.001109936,-5.664679e-30,2.069202e-22,-1.2618462e-29,7.571912e-19,-0.0001407874,5.4794963e-08,1.5237398e-29,-0.12044112,-2.5675865e-06,0.0022110944,-0.012281555,0.37258402,-9.9571896e-29,1.7481848e-26,0.34090805
743,0.4786573,0.00094420445,-9.430729e-06,3.395088e-28,1.1978081e-30,-1.187014e-22,-0.072484225,0.073674485,1.7442023e-19,5.4402797e-05,-0.0034038946,0.32983536,0.012300956,-7.034701e-32,-1.9857621e-10,0.5419116,0.0011904065,-5.498672e-30,1.9998576e-22,-1.1661875e-29,7.090581e-19,-0.00015090735,6.038013e-08,1.4407086e-29,-0.12589726,-2.8207435e-06,0.0023477573,-0.012949008,0.3880736,-1.0349464e-28,1.5409892e-26,0.35527566
744,0.49109042,0.000970276,-9.571655e-06,3.200169e-28,1.4605621e-30,-1.5946217e-22,-0.0746025,0.07585254,1.7527931e-19,5.536102e-05,-0.0035005612,0.3386644,0.012672565,-1.0191114e-31,-1.9741236e-10,0.55580616,0.0012242768,-5.489855e-30,2.057122e-22,-1.1719596e-29,7.248551e-19,-0.00015430298,6.0335026e-08,1.52445e-29,-0.1295262,-2.8542802e-06,0.0024140782,-0.01333885,0.3983312,-1.1925286e-28,1.2418162e-26,0.36472872
745,0.7661692,0.0017053522,-1.7140479e-05,3.8289045e-28,1.9149813e-29,-3.108528e-22,-0.12114158,0.12390301,1.27770195e-20,9.384779e-05,-0.0059735985,0.5330675,0.021502275,-1.4069482e-31,-3.832405e-10,0.8655287,0.0021967064,-4.4762155e-30,1.9949909e-22,-6.919874e-30,5.844899e-19,-0.00026853432,1.0460852e-07,1.8552059e-29,-0.20915732,-5.1953375e-06,0.004158397,-0.022515826,0.6243261,-2.5177776e-28,-2.5916373e-26,0.57374954
746,0.8071327,0.0018132948,-1.8214178e-05,3.927953e-28,2.1973919e-29,-3.5506213e-22,-0.12809329,0.13107622,-1.4782803e-20,9.93541e-05,-0.0063386275,0.56204253,0.022813853,-1.630047e-31,-4.0870063e-10,0.91160667,0.0023394842,-4.2909666e-30,2.0124466e-22,-6.0302785e-30,5.6035086e-19,-0.00028507927,1.105859e-07,1.906899e-29,-0.2210427,-5.524431e-06,0.004415489,-0.023880087,0.6580026,-2.8071873e-28,-3.2909206e-26,0.6048856
747,0.92612517,0.0021310158,-2.1520596e-05,3.9949837e-28,2.8474408e-29,-3.6802055e-22,-0.14815798,0.15180093,-6.578412e-20,0.00011619323,-0.0074079805,0.6460778,0.026622958,-1.4291868e-31,-4.894066e-10,1.0456651,0.0027593554,-4.010739e-30,1.9358654e-22,-4.831892e-30,5.299881e-19,-0.00033476445,1.3033551e-07,2.09771e-29,-0.2554132,-6.54998e-06,0.0051695956,-0.027837869,0.75571537,-3.11877e-28,-4.5750136e-26,0.69527227
748,0.7424131,0.0016412097,-1.6486038e-05,3.6652939e-28,1.7062566e-29,-2.7673336e-22,-0.117093384,0.119726464,3.6123443e-20,9.055028e-05,-0.005758682,0.5162555,0.02073295,-1.2302276e-31,-3.666073e-10,0.8388088,0.002111607,-4.6378214e-30,1.9825467e-22,-7.750585e-30,6.1196533e-19,-0.00025865666,1.0089816e-07,1.8533239e-29,-0.20224836,-4.9934406e-06,0.004006602,-0.021716006,0.604791,-2.2929838e-28,-2.1014564e-26,0.5556849
749,0.54253936,0.0011076785,-1.0985646e-05,3.3119192e-28,4.7438393e-30,-1.8729109e-22,-0.083305925,0.08483864,1.4529766e-19,6.25541e-05,-0.0039629326,0.37502378,0.014323547,-1.0887111e-31,-2.3207058e-10,0.61373496,0.0014060321,-5.30331e-30,2.0453002e-22,-1.08395475e-29,6.9934543e-19,-0.00017565358,6.8603555e-08,1.5877818e-29,-0.14441895,-3.2915716e-06,0.0027401822,-0.015054786,0.44059947,-1.4371022e-28,5.3007262e-27,0.40382215
750,0.43623877,0.000832854,-8.241219e-06,3.7528271e-28,8.732979e-31,-1.9296667e-22,-0.06543788,0.066384494,1.5934921e-19,4.8251455e-05,-0.0030265376,0.29996574,0.01096584,-1.3154332e-31,-1.712773e-10,0.49401382,0.0010441074,-5.3321266e-30,2.0958685e-22,-1.0596867e-29,6.656366e-19,-0.00013312086,5.2789463e-08,1.2799827e-29,-0.11376279,-2.4492213e-06,0.0020822717,-0.011562881,0.3533092,-1.3313884e-28,1.4144726e-26,0.32310352
751,0.54261184,0.0011256172,-1.1368886e-05,4.4537424e-28,9.4551484e-30,-2.6356184e-22,-0.0834828,0.08501762,6.822379e-20,6.385066e-05,-0.004000724,0.37515002,0.014422185,-1.4805281e-31,-2.5386832e-10,0.6138265,0.0014325473,-4.7431246e-30,2.0508413e-22,-7.567599e-30,5.561739e-19,-0.00017907048,7.169015e-08,1.281783e-29,-0.14459592,-3.4254347e-06,0.0027716903,-0.015152077,0.440698,-1.9863134e-28,-2.8661042e-27,0.40395543
752,0.76396143,0.0017103348,-1.7328251e-05,4.4505954e-28,2.1472027e-29,-3.363868e-22,-0.12084383,0.123596594,-2.6080436e-20,9.440923e-05,-0.0059765694,0.5315307,0.021486957,-1.5027908e-31,-3.9533288e-10,0.86308026,0.0022048492,-4.199418e-30,1.9795703e-22,-5.2760836e-30,5.088596e-19,-0.0002698192,1.0638877e-07,1.6816396e-29,-0.20858511,-5.2640153e-06,0.0041634385,-0.022496223,0.62251806,-2.7450065e-28,-2.9197418e-26,0.57210827
753,0.80243564,0.0017949827,-1.7995237e-05,3.376802e-28,1.9167929e-29,-2.8140903e-22,-0.12718697,0.13014917,2.937706e-20,9.846776e-05,-0.006284443,0.5586467,0.022623684,-1.1693415e-31,-3.990383e-10,0.906387,0.0023139946,-4.6253062e-30,1.9670065e-22,-7.922298e-30,6.3470354e-19,-0.0002823177,1.09410095e-07,2.0396254e-29,-0.2195659,-5.4545144e-06,0.004375628,-0.023683053,0.65408903,-2.3778058e-28,-2.6342605e-26,0.6012645
754,0.97928905,0.0022620887,-2.2779584e-05,3.2478567e-28,2.8049566e-29,-3.060278e-22,-0.15699518,0.16093454,-3.3902825e-20,0.00012301358,-0.007863024,0.6835538,0.02826206,-9.5075435e-32,-5.123895e-10,1.1055869,0.0029306838,-4.2902708e-30,1.8779417e-22,-6.6416935e-30,6.1575914e-19,-0.00035501755,1.3753677e-07,2.3883364e-29,-0.27064356,-6.9325315e-06,0.005487483,-0.029543635,0.79932874,-2.8176324e-28,-4.500301e-26,0.7355956
755,1.2908788,0.0030833678,-3.1035583e-05,3.5943852e-28,4.7173087e-29,-5.283701e-22,-0.20973116,0.2153693,-2.0389676e-19,0.0001653794,-0.010640308,0.9038238,0.038219564,-1.8428834e-31,-7.07726e-10,1.4562572,0.0040161433,-3.2094976e-30,1.9001993e-22,-1.6889322e-30,4.935829e-19,-0.00048162122,1.8447267e-07,2.8750403e-29,-0.3608871,-9.47034e-06,0.0074434355,-0.039898433,1.0553854,-4.459302e-28,-9.023017e-26,0.9723669
756,0.9240078,0.0021222644,-2.1380898e-05,3.8658645e-28,2.794734e-29,-3.7395102e-22,-0.14779665,0.1514252,-5.831401e-20,0.000115589864,-0.007382427,0.6445912,0.026541784,-1.5017956e-31,-4.839339e-10,1.0432477,0.0027474517,-4.056608e-30,1.955045e-22,-5.1096637e-30,5.448044e-19,-0.00033316793,1.292042e-07,2.1313445e-29,-0.2548023,-6.5028753e-06,0.005150757,-0.027754888,0.7539875,-3.1134925e-28,-4.5469943e-26,0.69366145
757,0.36807787,0.0006180972,-5.4457078e-06,2.5922627e-28,-5.874586e-30,-3.136314e-22,-0.05397835,0.054511096,2.357109e-19,3.513713e-05,-0.0023448495,0.25199276,0.008653327,-2.6049423e-31,-8.157991e-11,0.4167864,0.00075721066,-5.741191e-30,2.3888624e-22,-1.2978378e-29,7.993606e-19,-9.673353e-05,3.2442255e-08,1.5093344e-29,-0.09417229,-1.5385024e-06,0.0015929693,-0.009176015,0.2975099,-1.4664062e-28,1.7610346e-26,0.27133897
758,-0.27130133,-0.001056094,1.142851e-05,2.4715172e-28,-2.4915383e-29,4.2093504e-23,0.054372273,-0.057385046,5.0031296e-19,-5.1656712e-05,0.0033335518,-0.20060375,-0.011735225,-1.6935201e-31,3.2753772e-10,-0.30243433,-0.0014540136,-7.9556495e-30,2.4374123e-22,-1.9492638e-29,7.6973835e-19,0.00016170632,-6.500934e-08,1.1136278e-30,0.09147206,3.6608212e-06,-0.0024022276,0.012026526,-0.22831233,7.824317e-29,8.9425044e-26,-0.21508645
759,0.5810488,0.0012202982,-1.2032959e-05,2.6696574e-28,8.426669e-30,-2.3551643e-22,-0.09022075,0.09194569,9.967596e-20,6.80721e-05,-0.004343131,0.4024048,0.015673418,-1.5458407e-31,-2.5287633e-10,0.65699947,0.0015529671,-5.213183e-30,2.062162e-22,-8.619445e-30,6.0161094e-19,-0.00019279888,7.381392e-08,1.6620965e-29,-0.15596604,-3.6081453e-06,0.0030079328,-0.01646309,0.47234812,-2.020369e-28,2.6704113e-27,0.43316677
760,0.7758345,0.0017412358,-1.7478205e-05,3.66782e-28,3.677613e-29,-3.0367328e-22,-0.12258114,0.1253451,-3.048719e-20,9.556531e-05,-0.006082555,0.5392186,0.021848217,-1.6143987e-31,-3.778603e-10,0.8768916,0.0022438343,-4.8518693e-30,1.9898493e-22,-5.0635015e-30,3.6905997e-19,-0.0002741988,1.05566784e-07,1.624993e-29,-0.2114217,-5.2893383e-06,0.004237947,-0.022874687,0.6318055,-3.1458518e-28,-3.8335065e-26,0.58048105
761,0.5359274,0.0010821878,-1.0194393e-05,1.5225552e-28,2.0612208e-29,-2.4629767e-22,-0.0822296,0.08363341,1.4424308e-19,5.9564798e-05,-0.003897678,0.3698005,0.014121384,-2.198212e-31,-1.7694513e-10,0.6064757,0.0013677117,-6.1434916e-30,2.2161127e-22,-1.0035692e-29,5.308266e-19,-0.00016956919,5.9587183e-08,1.6380477e-29,-0.14221683,-2.9975815e-06,0.0026900016,-0.014859312,0.43483403,-2.361445e-28,-3.9845118e-27,0.3981649
762,0.8247371,0.0018745665,-1.8575543e-05,4.167462e-28,3.5891868e-29,-6.2075083e-22,-0.13180071,0.13482323,-1.404272e-19,0.00010124306,-0.0065420265,0.574886,0.023561005,-3.6425476e-31,-4.122025e-10,0.93105185,0.0024205712,-3.751942e-30,2.2560377e-22,3.7688042e-31,2.8898325e-19,-0.00029289644,1.0985825e-07,1.6896192e-29,-0.22687745,-5.614068e-06,0.0045597563,-0.024666145,0.6727626,-4.6145017e-28,-5.4411854e-26,0.61846375
763,0.07630055,-0.00014462654,2.4480014e-06,2.3994805e-28,-1.2143289e-31,-2.4232807e-22,-0.005083777,0.0039510243,3.2681624e-19,-5.2606047e-06,0.00023100199,0.04608141,-0.00056877313,-2.7208947e-31,1.1410238e-10,0.088287264,-0.00025084085,-7.002349e-30,2.601269e-22,-1.2714014e-29,7.1093227e-19,2.217215e-05,-1.4420369e-08,8.857609e-30,-0.010158852,9.103728e-07,-0.00022128492,0.00040831603,0.057964973,-1.3695143e-28,3.3663203e-26,0.049860753
764,0.042539954,-0.00028538707,4.631591e-06,1.828331e-28,1.4142549e-29,-3.846915e-22,3.810972e-05,-0.0013325624,4.9657286e-19,-1.495488e-05,0.0006302544,0.023956016,-0.0018071285,-2.9560514e-31,1.9050701e-10,0.0490745,-0.00043751183,-8.3825484e-30,2.9170087e-22,-1.6084154e-29,1.0392602e-18,4.8033675e-05,-3.0884404e-08,1.45487e-29,-0.0017228462,1.6443196e-06,-0.0005174739,0.0016840538,0.03144432,-1.189913e-28,5.6578213e-27,0.025661848
765,-0.49580726,-0.0017261438,1.9533427e-05,7.685344e-29,-2.2758473e-31,-6.617503e-23,0.09076516,-0.09501645,8.543276e-19,-9.06347e-05,0.0054645464,-0.35575497,-0.019056946,-1.4878555e-31,5.6011207e-10,-0.5572746,-0.0023426036,-1.1218789e-29,3.0754817e-22,-2.47702e-29,1.3359972e-18,0.0002722737,-1.1787313e-07,8.802565e-30,0.15348774,6.2614554e-06,-0.0039293217,0.019615445,-0.41036958,1.2897665e-28,5.996598e-26,-0.38270006
766,-0.5932964,-0.0019980688,2.284991e-05,-1.0334668e-28,2.1400202e-29,-1.8554274e-23,0.10758479,-0.11242451,9.638265e-19,-0.0001063618,0.006358566,-0.42553812,-0.022234082,-1.8306665e-31,6.8961775e-10,-0.6666436,-0.0027053468,-1.3094461e-29,3.1148528e-22,-2.8029407e-29,1.2035046e-18,0.00031638882,-1.4188193e-07,7.595376e-30,0.18242902,7.3432757e-06,-0.004563746,0.022910599,-0.49100855,1.3624794e-28,5.336979e-26,-0.4576547
767,-1.0267937,-0.0031507583,3.496895e-05,-2.108216e-28,3.5971307e-29,1.6846242e-22,0.18134104,-0.18867156,1.1625771e-18,-0.00016771848,0.010245286,-0.7330504,-0.036148854,-1.951287e-31,1.0216334e-09,-1.1539769,-0.0042300066,-1.5744414e-29,3.3260118e-22,-3.2320836e-29,1.0307188e-18,0.0004964978,-2.1607394e-07,-2.0983815e-30,0.3089189,1.1130251e-05,-0.0073025012,0.037371952,-0.8479175,2.0481704e-28,7.669206e-26,-0.7881139
768,-1.7554407,-0.0050639226,5.5374127e-05,-5.4247235e-28,4.7038278e-29,3.2744049e-22,0.30334187,-0.3147939,1.4897785e-18,-0.00027055675,0.016675228,-1.2477473,-0.059133247,-3.023828e-31,1.5736458e-09,-1.9744718,-0.0067644976,-1.9914579e-29,3.7016741e-22,-3.6425438e-29,7.8509175e-19,0.00079672335,-3.4222813e-07,-1.434853e-29,0.51878273,1.7512844e-05,-0.011838166,0.061246235,-1.4463545,2.8465714e-28,1.2985054e-25,-1.3418096
769,-1.4259155,-0.004180214,4.5859306e-05,-3.690514e-28,2.1841312e-29,1.4329153e-22,0.24693741,-0.25644475,1.3156339e-18,-0.00022292334,0.013704244,-1.0133015,-0.04849618,-2.8833038e-31,1.2898971e-09,-1.6044248,-0.0055935252,-1.7087803e-29,3.516797e-22,-3.2318152e-29,1.0075786e-18,0.0006579525,-2.820834e-07,-6.936141e-30,0.42198685,1.4514705e-05,-0.009743054,0.05019521,-1.1745979,2.5452308e-28,1.2010743e-25,-1.0899719
770,-0.68452585,-0.0021732699,2.3881346e-05,1.4953281e-29,-1.6337715e-29,-2.7610943e-23,0.12208292,-0.12735116,8.262996e-19,-0.00011342755,0.007017872,-0.48954153,-0.024731345,-2.229463e-31,6.6176137e-10,-0.7695365,-0.002934514,-1.1065926e-29,2.8901516e-22,-2.3190947e-29,1.0409258e-18,0.0003401492,-1.4326444e-07,1.8437183e-30,0.20778906,7.584914e-06,-0.0050152685,0.025515806,-0.5656926,1.5131987e-28,1.0098314e-25,-0.52655405
771,-0.6560929,-0.0020860308,2.2785789e-05,-1.4416717e-29,-1.6830464e-29,8.050029e-23,0.11794549,-0.123098865,7.7332423e-19,-0.00010810389,0.0067494675,-0.47079337,-0.02384827,-2.0323778e-31,6.392088e-10,-0.73667514,-0.0028202543,-1.0891895e-29,2.7602029e-22,-2.3103745e-29,8.876805e-19,0.0003252011,-1.3623551e-07,-5.077722e-32,0.20078504,7.2349994e-06,-0.0048210593,0.024600796,-0.54325044,1.4582529e-28,1.0989568e-25,-0.50610566
772,0.36215103,0.0005950791,-5.1619927e-06,1.4412171e-28,-9.3552634e-30,-1.5850886e-22,-0.052894507,0.053411413,3.239553e-19,3.4123357e-05,-0.0022814805,0.24780335,0.008425296,-1.5704843e-31,-6.6386646e-11,0.4102122,0.00072419795,-6.494289e-30,2.2754578e-22,-1.6432201e-29,9.387667e-19,-9.3445844e-05,3.115782e-08,1.7881625e-29,-0.092416935,-1.4478694e-06,0.0015451845,-0.008939357,0.29262546,-6.1300755e-29,2.9488755e-26,0.26686957
773,0.8868463,0.0019774293,-1.928324e-05,9.4599946e-29,1.409936e-29,-2.4234367e-22,-0.14127196,0.14468154,1.3547859e-19,0.000106655876,-0.0069555263,0.61830086,0.025130026,-1.0786501e-31,-4.000248e-10,1.0012001,0.0025487936,-5.412841e-30,2.0347101e-22,-1.2856088e-29,8.941505e-19,-0.00030839865,1.1389463e-07,2.845697e-29,-0.24386656,-5.807743e-06,0.004836712,-0.02630439,0.72348124,-1.9374224e-28,-2.3521367e-26,0.66532135
774,1.2075008,0.0028563647,-2.86954e-05,2.9137144e-28,3.9433274e-29,-4.0442276e-22,-0.19551052,0.20069747,-1.1519369e-19,0.0001536538,-0.009882061,0.8448139,0.035509903,-1.2089352e-31,-6.4699673e-10,1.3624696,0.0037147168,-3.8244944e-30,1.8597946e-22,-4.8871992e-30,6.030157e-19,-0.00044656984,1.7107554e-07,2.8977638e-29,-0.33662742,-8.746492e-06,0.006907383,-0.03708204,0.9868211,-3.6315179e-28,-7.2450317e-26,0.9089583
775,0.7713982,0.0017306069,-1.761603e-05,4.12152e-28,1.9919463e-29,-2.40759e-22,-0.12197836,0.12478435,3.65619e-21,9.589121e-05,-0.0060444823,0.5366742,0.02171003,-8.061975e-32,-4.020977e-10,0.8716115,0.0022309409,-4.455635e-30,1.8801499e-22,-6.7110345e-30,5.5763213e-19,-0.0002736151,1.089216e-07,1.769189e-29,-0.21059611,-5.359454e-06,0.004211302,-0.022725578,0.6285366,-2.2926123e-28,-2.3270953e-26,0.5777027
776,0.7633354,0.0016917286,-1.6964239e-05,3.2748734e-28,1.6453156e-29,-2.401281e-22,-0.12055181,0.12330234,5.598232e-20,9.3188195e-05,-0.005935551,0.5309909,0.021370899,-9.647293e-32,-3.7444148e-10,0.86240196,0.0021773984,-4.8036484e-30,1.9520906e-22,-8.78198e-30,6.5850075e-19,-0.0002664714,1.03642776e-07,1.9925647e-29,-0.20822191,-5.1381876e-06,0.004129843,-0.022380047,0.62194556,-2.1039468e-28,-1.9698905e-26,0.5715448
777,0.61060643,0.0012843255,-1.27494295e-05,3.1121225e-28,7.628139e-30,-1.9725578e-22,-0.09476702,0.096673846,1.2958366e-19,7.1717135e-05,-0.00456391,0.42310047,0.016479101,-1.0344103e-31,-2.7168445e-10,0.69037914,0.0016388565,-5.2322747e-30,2.0236285e-22,-1.0697582e-29,7.096279e-19,-0.00020294904,7.871094e-08,1.7644868e-29,-0.16407022,-3.8328762e-06,0.0031626306,-0.017296545,0.496505,-1.5785538e-28,-1.4417419e-27,0.45551762
778,0.38955724,0.00068991695,-6.536149e-06,2.6239404e-28,-6.100654e-30,-1.2949042e-22,-0.057422195,0.05810566,2.5159856e-19,4.0236668e-05,-0.0025686938,0.2669438,0.009375787,-1.1335452e-31,-1.1694498e-10,0.44138005,0.0008524766,-5.9600742e-30,2.1397401e-22,-1.4111072e-29,8.13955e-19,-0.00011001125,4.161836e-08,1.5038359e-29,-0.100147314,-1.9036991e-06,0.0017544227,-0.009916597,0.31495416,-7.433281e-29,2.6153334e-26,0.28757545
779,0.5365404,0.0010925788,-1.084882e-05,3.316961e-28,4.3698448e-30,-1.7670975e-22,-0.08228554,0.083786786,1.4876709e-19,6.182783e-05,-0.0039109727,0.37077558,0.014134073,-1.0216581e-31,-2.292965e-10,0.6069983,0.0013861151,-5.3288164e-30,2.0361785e-22,-1.0953845e-29,7.010837e-19,-0.00017340979,6.793924e-08,1.574201e-29,-0.14267445,-3.2507262e-06,0.0027037712,-0.014857323,0.43566278,-1.3815307e-28,6.48888e-27,0.39926144
780,0.5682168,0.0011768651,-1.1695354e-05,3.452399e-28,6.8059265e-30,-2.1614138e-22,-0.08767092,0.08934331,1.2330016e-19,6.61379e-05,-0.0041949484,0.39318687,0.015153027,-1.224426e-31,-2.4996333e-10,0.64262736,0.0014977439,-5.154752e-30,2.0515137e-22,-1.0087556e-29,6.7487386e-19,-0.00018634871,7.268126e-08,1.5985e-29,-0.15187487,-3.510839e-06,0.0029040047,-0.015917007,0.46170762,-1.6391725e-28,5.894147e-28,0.42334297
781,0.703318,0.0015444972,-1.5586013e-05,4.030302e-28,1.6349015e-29,-2.7631912e-22,-0.11053574,0.112956226,2.9860858e-20,8.5692605e-05,-0.005423471,0.48864532,0.019518007,-1.2600872e-31,-3.4985714e-10,0.7948134,0.0019847883,-4.572775e-30,1.9820126e-22,-7.20013e-30,5.7605344e-19,-0.00024397863,9.610304e-08,1.6828036e-29,-0.19098163,-4.722495e-06,0.0037722692,-0.020450715,0.5726778,-2.284268e-28,-1.8271904e-26,0.5260053
782,0.7954625,0.0017795174,-1.7861908e-05,3.612279e-28,1.9833302e-29,-3.0415558e-22,-0.1260529,0.12897553,1.5154776e-20,9.766908e-05,-0.006228356,0.5537465,0.022419326,-1.3209933e-31,-3.9805154e-10,0.89851713,0.0022941337,-4.513143e-30,1.9820889e-22,-7.250377e-30,6.0556243e-19,-0.000279946,1.08674925e-07,1.9656679e-29,-0.2175937,-5.415235e-06,0.004336953,-0.023470026,0.6483788,-2.5062225e-28,-2.7741046e-26,0.59598726
783,0.7366784,0.001617251,-1.6126422e-05,3.178037e-28,1.4871306e-29,-2.586811e-22,-0.11607097,0.118669,6.9144286e-20,8.903172e-05,-0.0056890068,0.5121912,0.020505909,-1.1882166e-31,-3.5187686e-10,0.8323126,0.0020787301,-4.86657e-30,2.0025582e-22,-9.083559e-30,6.7233033e-19,-0.00025448907,9.820175e-08,1.9766647e-29,-0.20054421,-4.873422e-06,0.0039551286,-0.021483097,0.6000808,-2.107837e-28,-1.7810988e-26,0.5513022
784,0.46920878,0.0009036833,-8.742429e-06,2.8904723e-28,-5.9014105e-31,-1.8424149e-22,-0.07091518,0.07203552,1.9811017e-19,5.141935e-05,-0.0032866914,0.32324654,0.011938707,-1.31494e-31,-1.7179425e-10,0.5310527,0.0011354655,-5.617359e-30,2.128669e-22,-1.24402044e-29,7.620853e-19,-0.00014322027,5.451103e-08,1.5777412e-29,-0.12322318,-2.5864863e-06,0.0022611122,-0.012580202,0.38040128,-1.1897146e-28,1.4151801e-26,0.34810728
785,0.37298065,0.0006522949,-6.222217e-06,3.0216599e-28,-5.3617167e-30,-1.5077685e-22,-0.054681715,0.05527452,2.318216e-19,3.8394475e-05,-0.0024336316,0.25525886,0.008880216,-1.2693673e-31,-1.139073e-10,0.42271683,0.00080376724,-5.805623e-30,2.1471506e-22,-1.3142886e-29,7.676362e-19,-0.00010439104,4.0086118e-08,1.3671578e-29,-0.09540971,-1.8122635e-06,0.0016609866,-0.009399611,0.30135155,-8.783037e-29,2.5285543e-26,0.2750099
786,0.467543,0.00092066225,-9.17909e-06,4.1553653e-28,4.3542477e-30,-2.4536447e-22,-0.07079443,0.07191132,1.1668148e-19,5.286199e-05,-0.003316632,0.32212603,0.011996272,-1.5737536e-31,-1.9730459e-10,0.52923584,0.0011610556,-5.0349726e-30,2.106786e-22,-9.004342e-30,6.065943e-19,-0.00014680566,5.8331363e-08,1.2313771e-29,-0.12288629,-2.7418566e-06,0.0022880472,-0.012633023,0.37905255,-1.6963815e-28,6.649185e-27,0.34691858
787,0.5787222,0.0012233586,-1.2426612e-05,4.4300977e-28,1.1036581e-29,-2.3795872e-22,-0.08953981,0.09127936,5.945826e-20,6.92e-05,-0.0043280837,0.40061796,0.015579122,-1.2001359e-31,-2.8041675e-10,0.6545644,0.0015616487,-4.7192164e-30,1.9940343e-22,-7.529056e-30,5.5566116e-19,-0.00019462025,7.835284e-08,1.3464998e-29,-0.1549874,-3.7567168e-06,0.0030028548,-0.016352959,0.47032157,-1.9479301e-28,-4.8888915e-27,0.4313704
788,0.72676396,0.0015950212,-1.5943266e-05,3.4397412e-28,1.5421427e-29,-2.7424061e-22,-0.11443646,0.11698012,5.55322e-20,8.794275e-05,-0.0056087915,0.50520545,0.02021128,-1.2873076e-31,-3.5037268e-10,0.8211477,0.0020500128,-4.760671e-30,2.0087534e-22,-8.42686e-30,6.4149035e-19,-0.00025116894,9.73114e-08,1.8888341e-29,-0.1977154,-4.820291e-06,0.0038997193,-0.021175686,0.59194726,-2.205245e-28,-1.8578728e-26,0.5437889
789,1.0412183,0.0024111064,-2.402182e-05,2.8673623e-28,3.0753656e-29,-4.1604625e-22,-0.16750412,0.17176436,-5.0852427e-20,0.0001298874,-0.008384995,0.7274156,0.03018627,-1.7098333e-31,-5.322275e-10,1.1750784,0.0031263756,-4.153419e-30,2.0003821e-22,-6.2275577e-30,6.3632575e-19,-0.00037667752,1.4281794e-07,2.6232716e-29,-0.28863668,-7.293733e-06,0.0058513563,-0.03155181,0.85030466,-3.3303965e-28,-5.6402e-26,0.78266495
790,1.4992177,0.0036334,-3.665241e-05,3.498753e-28,5.7983046e-29,-5.7577455e-22,-0.24486835,0.25165525,-2.8429882e-19,0.00019419927,-0.012499398,1.0509893,0.044863887,-1.7172112e-31,-8.407324e-10,1.6908909,0.0047424296,-2.7654654e-30,1.8139408e-22,9.046755e-32,4.6245016e-19,-0.0005670985,2.1732401e-07,3.2734384e-29,-0.42108396,-1.1204161e-05,0.0087528275,-0.04680514,1.2264996,-5.0660143e-28,-1.1347318e-25,1.1306232
791,1.2477161,0.0029181642,-2.8488505e-05,1.7244346e-28,3.9430433e-29,-6.823465e-22,-0.20245849,0.20780711,-1.0053543e-19,0.00015413149,-0.010147059,0.8735499,0.036632285,-3.4477346e-31,-6.12621e-10,1.4070213,0.0037928235,-3.797236e-30,2.2725505e-22,-5.3011244e-30,7.0219016e-19,-0.00045174008,1.6399079e-07,3.3530347e-29,-0.34851572,-8.61595e-06,0.007082466,-0.038272593,1.0201707,-4.643309e-28,-8.891922e-26,0.9395752
792,0.28420228,0.00041645946,-3.5733337e-06,2.9149472e-28,1.12527964e-29,-2.1239336e-22,-0.039429393,0.039455745,2.1981208e-19,2.5109082e-05,-0.0016350609,0.1917711,0.0060252035,-2.2781424e-31,-2.8569924e-11,0.3231201,0.00049203367,-6.3933336e-30,2.316643e-22,-1.1825372e-29,5.462535e-19,-6.66185e-05,2.1827713e-08,9.466998e-30,-0.0690885,-9.649518e-07,0.0010992547,-0.0064361664,0.2279383,-1.6391202e-28,1.4731287e-26,0.20681956
793,-0.4131599,-0.0014270835,1.5555412e-05,8.622492e-29,-2.5854436e-29,5.372648e-23,0.07793644,-0.08178499,5.4978673e-19,-7.210632e-05,0.004574363,-0.30089444,-0.016162481,-2.4243226e-31,4.4657086e-10,-0.4621918,-0.001948309,-8.775541e-30,2.56974e-22,-1.9653101e-29,6.8024547e-19,0.00022053946,-9.176962e-08,-4.2990367e-31,0.13223127,4.963027e-06,-0.0032790136,0.016617145,-0.34486905,6.077823e-29,1.0657093e-25,-0.32303393
794,-0.8339906,-0.0025273606,2.7003965e-05,-7.8446545e-29,-2.081862e-29,2.849778e-22,0.14926001,-0.15552494,7.1259656e-19,-0.00013023439,0.0082975365,-0.5994482,-0.029538669,-2.4637005e-31,7.550487e-10,-0.93520415,-0.0034054958,-1.1075069e-29,2.6796971e-22,-2.2856508e-29,4.586549e-19,0.00039157996,-1.6113596e-07,-9.903722e-30,0.25479963,8.527288e-06,-0.005900236,0.030517694,-0.6913865,1.303768e-28,1.4576497e-25,-0.64387727
795,-0.4804263,-0.0015714804,1.7041897e-05,-5.7285607e-29,-1.6705685e-29,1.4599458e-22,0.088796735,-0.0930658,5.259225e-19,-7.96657e-05,0.0050791726,-0.3487005,-0.018056016,-2.426324e-31,4.944241e-10,-0.53755283,-0.00214271,-9.468107e-30,2.4951128e-22,-1.717283e-29,4.2178684e-19,0.0002422943,-1.0113176e-07,-3.0186988e-30,0.15144166,5.425298e-06,-0.0036312602,0.0185824,-0.40034598,1.846909e-29,1.1859779e-25,-0.37444055
796,-0.2530292,-0.0010052014,1.1166637e-05,1.6687067e-28,5.2597147e-30,4.1141513e-23,0.051749922,-0.05476346,4.591574e-19,-4.9848386e-05,0.0031658164,-0.18894574,-0.011169376,-2.2572042e-31,3.5520203e-10,-0.2810927,-0.0013885999,-8.86104e-30,2.4977063e-22,-1.7727132e-29,4.5971286e-19,0.00015459985,-6.655473e-08,-1.3420121e-30,0.08725354,3.6153501e-06,-0.0022827508,0.011434439,-0.21413073,-2.557033e-29,6.68829e-26,-0.20236622
797,-0.47024533,-0.0015481019,1.6478878e-05,1.2320267e-28,-3.2320664e-29,1.00232414e-22,0.08707588,-0.09121196,5.196022e-19,-7.7542805e-05,0.005008505,-0.34084138,-0.017784623,-2.0956789e-31,4.5016163e-10,-0.526508,-0.0021073027,-8.481436e-30,2.461302e-22,-1.7603996e-29,6.021448e-19,0.00023777943,-9.500958e-08,-2.9994546e-30,0.14812844,5.218377e-06,-0.003579789,0.018309243,-0.39154243,7.3123636e-29,1.2125871e-25,-0.3660311
798,0.025660068,-0.0002783284,3.7564027e-06,2.7619634e-28,-9.192814e-30,-2.4251033e-22,0.003159877,-0.0044899248,3.9315347e-19,-1.2032502e-05,0.0006770777,0.0110218525,-0.0021481523,-2.3543734e-31,1.3761106e-10,0.030800194,-0.00042589928,-7.073688e-30,2.5113767e-22,-1.4752875e-29,8.4414205e-19,4.277703e-05,-2.1270834e-08,9.180995e-30,0.0038175248,1.3060237e-06,-0.0005366575,0.0020546,0.01685939,-5.578394e-29,4.1803074e-26,0.0120462105
799,-0.39784893,-0.001425111,1.589944e-05,2.030067e-28,-9.091647e-30,-1.0427508e-22,0.074247144,-0.07790135,7.008131e-19,-7.3280855e-05,0.0045030834,-0.28708404,-0.01573794,-1.6731704e-31,4.483783e-10,-0.4466476,-0.0019416735,-9.682509e-30,2.77392e-22,-2.1257325e-29,1.1067277e-18,0.00022288474,-9.398785e-08,5.6493517e-30,0.1253953,5.0925455e-06,-0.00324101,0.016177572,-0.33027592,1.0466595e-28,6.572297e-26,-0.30871692
800,-0.61949956,-0.0020384681,2.2774017e-05,9.1406344e-29,3.6816257e-31,-1.1324698e-22,0.11118722,-0.11606079,9.054481e-19,-0.00010723075,0.0065235253,-0.44273764,-0.022856545,-1.8351844e-31,6.4313355e-10,-0.69687855,-0.002753818,-1.1660241e-29,3.0058882e-22,-2.5317195e-29,1.2603571e-18,0.0003209941,-1.3775123e-07,5.5803632e-30,0.18862548,7.2679713e-06,-0.0046742978,0.02356835,-0.5116741,1.6653357e-28,6.6247084e-26,-0.47635195
801,-0.5775009,-0.0019417175,2.2009488e-05,2.76337e-29,7.529005e-30,-1.1408278e-22,0.103995726,-0.108640596,9.461817e-19,-0.00010276264,0.0061737127,-0.4127372,-0.021563422,-1.6301447e-31,6.3598177e-10,-0.6497812,-0.0026274505,-1.21671474e-29,3.0453974e-22,-2.6369135e-29,1.3455907e-18,0.0003069331,-1.3433359e-07,8.617229e-30,0.17623913,7.0504193e-06,-0.0044324705,0.022220125,-0.4769483,1.6755068e-28,5.622674e-26,-0.44417185
802,-0.7282019,-0.0023177597,2.5768673e-05,3.8732088e-29,3.489121e-29,-8.961842e-24,0.13022013,-0.13579434,9.2428e-19,-0.00012230917,0.007480682,-0.52109003,-0.026349578,-1.8335906e-31,7.5146595e-10,-0.81820154,-0.0031234184,-1.3282857e-29,3.026567e-22,-2.4964521e-29,9.108805e-19,0.00036446648,-1.5769305e-07,-5.3433234e-31,0.22145346,8.223677e-06,-0.0053450037,0.027201843,-0.60201246,1.153217e-28,5.1084937e-26,-0.5603043
803,-0.45486635,-0.0016061314,1.8679177e-05,4.2811954e-29,4.0192644e-29,-2.153499e-22,0.08388889,-0.08795723,7.983525e-19,-8.573599e-05,0.0050634057,-0.32761496,-0.01764911,-2.7065797e-31,5.805682e-10,-0.510828,-0.0021837403,-1.21234454e-29,3.0730477e-22,-2.1856788e-29,9.224556e-19,0.00025513966,-1.174576e-07,5.5334465e-30,0.14209124,6.0451684e-06,-0.0036450692,0.018150669,-0.37721422,-1.2325169e-30,2.0431245e-26,-0.35240188
804,-0.9509082,-0.0028754994,3.161944e-05,-1.363913e-28,1.6502207e-29,1.1588048e-23,0.16643263,-0.17324008,9.717705e-19,-0.00015202146,0.009362839,-0.6773918,-0.03310144,-2.4823182e-31,8.897787e-10,-1.0695326,-0.0038650113,-1.3710557e-29,3.1062323e-22,-2.3449452e-29,8.529163e-19,0.00045142064,-1.9273617e-07,-2.7178919e-30,0.28419247,1.0031912e-05,-0.006671834,0.034209,-0.78426737,1.2565794e-28,9.321779e-26,-0.72871244
805,-0.5693617,-0.0018044924,1.937648e-05,4.7186848e-29,-2.3315367e-29,6.6399e-23,0.10285619,-0.10753052,5.8643455e-19,-9.190549e-05,0.0058538443,-0.4097126,-0.020778947,-2.2422764e-31,5.291366e-10,-0.63870764,-0.002447486,-9.4278965e-30,2.5622558e-22,-1.6875266e-29,6.053735e-19,0.00027884074,-1.1343084e-07,-2.8839387e-30,0.17544174,6.1336777e-06,-0.0041792523,0.021416735,-0.4721885,6.371431e-29,1.192652e-25,-0.4403767
806,-0.2998975,-0.0011377672,1.2638516e-05,8.206277e-29,-1.9370745e-29,5.3884716e-23,0.058988657,-0.062200878,5.442119e-19,-5.698762e-05,0.0035880213,-0.22086999,-0.012618877,-2.074693e-31,3.8050704e-10,-0.33465123,-0.0015660241,-8.774683e-30,2.517803e-22,-2.028239e-29,7.431826e-19,0.00017575696,-7.47176e-08,2.6611868e-30,0.09961267,4.0664872e-06,-0.0025859587,0.012934707,-0.2518276,5.9404575e-29,9.191651e-26,-0.23695895
807,0.45011383,0.00081055175,-7.0011265e-06,2.9360633e-29,1.3577505e-30,-2.0002738e-22,-0.067464426,0.06841084,3.1351673e-19,4.436237e-05,-0.0030292775,0.30940193,0.011138451,-2.1145107e-31,-8.5499996e-11,0.5094389,0.0010058195,-6.8360244e-30,2.355824e-22,-1.6779103e-29,8.954212e-19,-0.00012542892,3.910038e-08,2.0646249e-29,-0.11732591,-1.981706e-06,0.002067867,-0.011769204,0.36454505,-1.1845673e-28,1.5563979e-26,0.33313486
808,1.5362031,0.0036521722,-3.5716395e-05,-4.1896415e-29,4.5720424e-29,-5.6729504e-22,-0.25078258,0.25772727,-6.947283e-20,0.0001922831,-0.012663802,1.0771475,0.04567265,-2.2304147e-31,-7.6355355e-10,1.7319969,0.004757148,-4.2380254e-30,2.0845268e-22,-8.95467e-30,9.17545e-19,-0.0005652072,2.0544559e-07,4.4367236e-29,-0.4315443,-1.0826494e-05,0.008847325,-0.047676664,1.2569984,-4.317968e-28,-1.0401649e-25,1.1585588
809,1.3961232,0.0033263676,-3.3060707e-05,1.6198429e-28,4.5207164e-29,-4.888742e-22,-0.22726612,0.23347075,-1.2371727e-19,0.00017706036,-0.011506312,0.9781156,0.04140199,-1.619067e-31,-7.3113193e-10,1.5746311,0.004332127,-3.8329737e-30,1.9289804e-22,-5.8206696e-30,7.115556e-19,-0.00051761145,1.9395046e-07,3.6048506e-29,-0.39111343,-1.0059679e-05,0.008043898,-0.04321884,1.141827,-4.1135615e-28,-9.203274e-26,1.0522077
810,1.1510618,0.0027052797,-2.7136843e-05,2.767071e-28,3.5730463e-29,-3.7208577e-22,-0.1859593,0.19083612,-8.0648145e-20,0.00014573852,-0.009374101,0.8049262,0.033696808,-1.1225527e-31,-6.085444e-10,1.2989227,0.0035148037,-4.041265e-30,1.8723323e-22,-5.9232577e-30,6.3403895e-19,-0.00042308253,1.6194718e-07,2.834615e-29,-0.32028666,-8.264203e-06,0.0065490277,-0.035197705,0.9404523,-3.350713e-28,-6.445329e-26,0.8660715
811,0.82791007,0.0018575036,-1.8558203e-05,3.1707767e-28,1.9868444e-29,-2.9696092e-22,-0.1314772,0.13457577,2.94589e-20,0.00010152614,-0.0065017887,0.576655,0.023415703,-1.2618088e-31,-4.0912823e-10,0.935027,0.0023960292,-4.6325484e-30,1.984092e-22,-8.091387e-30,6.525383e-19,-0.00029167853,1.12230936e-07,2.1447096e-29,-0.2269279,-5.6223225e-06,0.0045274477,-0.024508446,0.6750287,-2.4539378e-28,-2.913347e-26,0.62061155
812,0.56717443,0.0011519317,-1.11277695e-05,2.3395263e-28,2.6721646e-30,-2.0623044e-22,-0.087396845,0.08905096,1.8972794e-19,6.403758e-05,-0.004139037,0.392453,0.015014418,-1.3394986e-31,-2.2105595e-10,0.64130795,0.001461952,-5.6069177e-30,2.1277015e-22,-1.280231e-29,8.0687333e-19,-0.00018115464,6.760436e-08,1.9070525e-29,-0.15150139,-3.3110098e-06,0.0028586367,-0.01578148,0.4608805,-1.372397e-28,4.8669205e-27,0.4225028
813,0.56397307,0.0011615749,-1.1496562e-05,3.1744083e-28,5.4048606e-30,-1.9298891e-22,-0.08691147,0.08856061,1.4431916e-19,6.52735e-05,-0.004148537,0.3901667,0.014994689,-1.1039906e-31,-2.4230262e-10,0.637853,0.0014768664,-5.3063154e-30,2.0476677e-22,-1.0952054e-29,7.1103567e-19,-0.00018385655,7.136194e-08,1.6649135e-29,-0.15060613,-3.446172e-06,0.0028701832,-0.015753515,0.45820895,-1.4773936e-28,3.2612866e-27,0.4200988
814,0.43105388,0.00081299286,-7.972476e-06,3.3395796e-28,-1.1382848e-30,-1.600864e-22,-0.064499944,0.06541799,1.8992527e-19,4.7107034e-05,-0.002967365,0.29627162,0.01076612,-1.1468719e-31,-1.6046253e-10,0.48817876,0.001016859,-5.552666e-30,2.0910135e-22,-1.1860108e-29,7.189702e-19,-0.00012984656,5.0964818e-08,1.3809535e-29,-0.11220332,-2.3611544e-06,0.0020388868,-0.011356975,0.34903264,-1.1004716e-28,1.7907278e-26,0.31913504
815,0.4819268,0.0009518244,-9.466334e-06,3.4819574e-28,1.9807377e-30,-1.5699079e-22,-0.073078886,0.07428199,1.6274466e-19,5.4611348e-05,-0.003430862,0.33218765,0.012407091,-9.747566e-32,-1.9890647e-10,0.5455282,0.0012006327,-5.401334e-30,2.0385043e-22,-1.114404e-29,6.9368617e-19,-0.00015179484,6.019731e-08,1.4289904e-29,-0.12689313,-2.8283155e-06,0.0023665328,-0.013060614,0.39079478,-1.2198852e-28,1.2564779e-26,0.35777888
816,0.5329578,0.0010892649,-1.0888372e-05,3.6932735e-28,5.693994e-30,-1.9666633e-22,-0.08173129,0.08321406,1.254657e-19,6.180054e-05,-0.0038918783,0.36826462,0.014052185,-1.1197736e-31,-2.3460933e-10,0.6029757,0.001382675,-5.1589983e-30,2.0339868e-22,-9.9428375e-30,6.551375e-19,-0.00017314768,6.850931e-08,1.4658764e-29,-0.1416853,-3.2686642e-06,0.0026920072,-0.014770255,0.4327288,-1.5334731e-28,4.468903e-27,0.39656392
817,0.6692814,0.0014553233,-1.4731182e-05,3.8504424e-28,1.3387329e-29,-2.0615538e-22,-0.104719564,0.1069604,6.313332e-20,8.129988e-05,-0.0051213256,0.4645322,0.018424757,-8.343531e-32,-3.2977426e-10,0.7565831,0.0018666403,-4.814582e-30,1.933235e-22,-8.420416e-30,6.115697e-19,-0.00023055199,9.167121e-08,1.6609262e-29,-0.18105945,-4.463175e-06,0.003559556,-0.019312557,0.54466486,-1.8837745e-28,-1.0181452e-26,0.5001162
818,0.6245077,0.0013313771,-1.3330573e-05,3.8516598e-28,1.1553109e-29,-2.667666e-22,-0.09723495,0.09921676,7.157377e-20,7.430186e-05,-0.004709574,0.4329881,0.016982447,-1.4084103e-31,-2.9297798e-10,0.70600677,0.0017028046,-4.812337e-30,2.0420933e-22,-8.318653e-30,6.1203585e-19,-0.00021049232,8.2424506e-08,1.5938816e-29,-0.16820908,-4.0200275e-06,0.0032681085,-0.017817222,0.5079651,-2.0469323e-28,-9.275556e-27,0.46613535
819,0.48972243,0.00096864585,-9.543559e-06,3.4967052e-28,2.8831954e-30,-2.136261e-22,-0.0744479,0.07568501,1.5095935e-19,5.5128523e-05,-0.0034924033,0.33775812,0.012647762,-1.3880001e-31,-1.9840102e-10,0.55419517,0.0012227977,-5.2960546e-30,2.1026103e-22,-1.0623795e-29,6.8379237e-19,-0.0001538338,5.988889e-08,1.4488693e-29,-0.12921426,-2.8445686e-06,0.0024089452,-0.013313561,0.39725372,-1.4766086e-28,8.425176e-27,0.36372477
820,0.47116792,0.000926319,-9.237894e-06,3.676826e-28,2.21045e-30,-1.6796811e-22,-0.07129237,0.07243633,1.5398556e-19,5.3329506e-05,-0.003340921,0.3246011,0.012079862,-1.0517142e-31,-1.9558025e-10,0.5334116,0.0011674236,-5.3300856e-30,2.0447956e-22,-1.06866625e-29,6.7139593e-19,-0.00014792834,5.899179e-08,1.357548e-29,-0.12381124,-2.760288e-06,0.0023039866,-0.012719628,0.3819655,-1.2828174e-28,1.23720445e-26,0.3496196
821,0.49250388,0.000988394,-9.935447e-06,4.042297e-28,4.8737192e-30,-1.9903979e-22,-0.074946016,0.076207966,1.2026955e-19,5.669132e-05,-0.0035433336,0.3396983,0.012791761,-1.1764326e-31,-2.1622568e-10,0.55744123,0.0012503173,-5.0988645e-30,2.0392432e-22,-9.4207134e-30,6.2101577e-19,-0.00015776927,6.333289e-08,1.297929e-29,-0.13002872,-2.9805585e-06,0.0024481353,-0.013457981,0.39950326,-1.5301752e-28,7.242785e-27,0.3658528
822,0.5901438,0.0012495611,-1.2628407e-05,4.27654e-28,1.1189286e-29,-2.5242908e-22,-0.09146573,0.093264356,6.199127e-20,7.0376045e-05,-0.004421671,0.40870166,0.015927002,-1.309745e-31,-2.8250885e-10,0.66738045,0.0015958431,-4.735245e-30,2.0158897e-22,-7.693342e-30,5.699276e-19,-0.00019837223,7.91085e-08,1.4121252e-29,-0.15829417,-3.8137975e-06,0.0030677232,-0.016716417,0.47972003,-2.001411e-28,-6.3821682e-27,0.44004562
823,0.6117699,0.001303901,-1.3171031e-05,3.995977e-28,1.1043475e-29,-2.2013829e-22,-0.095055416,0.096976146,7.461505e-20,7.32717e-05,-0.004608937,0.4239375,0.016597267,-1.0559093e-31,-2.9325464e-10,0.69177413,0.0016669584,-4.8505264e-30,1.981684e-22,-8.428179e-30,6.0293205e-19,-0.00020687809,8.235985e-08,1.5222626e-29,-0.16448194,-3.9804236e-06,0.0031988227,-0.017413367,0.49745283,-1.8533108e-28,-5.7317154e-27,0.45644614
824,1.0263376,0.0023806095,-2.3821563e-05,3.3801741e-28,3.1967172e-29,-4.340495e-22,-0.16505523,0.16923626,-7.7491934e-20,0.00012853285,-0.008270638,0.7169227,0.029756512,-1.7968414e-31,-5.337049e-10,1.1583502,0.0030873807,-3.9556024e-30,1.9935585e-22,-4.9984533e-30,5.7657766e-19,-0.0003723518,1.4219982e-07,2.4567454e-29,-0.2843907,-7.240619e-06,0.005773212,-0.031102099,0.83808714,-3.4779957e-28,-5.762328e-26,0.77139056
825,1.5430149,0.003715137,-3.6921017e-05,2.2156575e-28,5.6540007e-29,-6.905106e-22,-0.252255,0.2592497,-2.4258524e-19,0.00019678284,-0.012818746,1.0820646,0.046120666,-2.7093198e-31,-8.240679e-10,1.7398077,0.0048469054,-3.0105347e-30,2.0268553e-22,-1.7389643e-30,5.915824e-19,-0.0005770407,2.1523155e-07,3.7307776e-29,-0.43379954,-1.1242227e-05,0.008968773,-0.048127417,1.2626241,-5.3804435e-28,-1.2042304e-25,1.1638868
826,1.4861472,0.0035895132,-3.5977624e-05,3.3050364e-28,6.1090546e-29,-6.592951e-22,-0.24266575,0.24935235,-2.8735665e-19,0.00019110079,-0.01236221,1.0417002,0.04441233,-2.4778015e-31,-8.1473384e-10,1.6760645,0.0046838494,-2.8281965e-30,1.9473341e-22,4.659231e-31,4.3431604e-19,-0.0005590659,2.1154165e-07,3.2656526e-29,-0.41726214,-1.0975881e-05,0.008654001,-0.046341773,1.2157537,-5.4771835e-28,-1.1939146e-25,1.1205808
827,0.4084623,0.00070723,-5.9142712e-06,6.924144e-29,1.2874751e-30,-2.954719e-22,-0.060699556,0.06140351,2.7719856e-19,3.86395e-05,-0.0026749293,0.28017086,0.009876854,-2.8734466e-31,-6.316292e-11,0.46235964,0.00087011955,-6.537507e-30,2.4567507e-22,-1.465341e-29,8.1026756e-19,-0.00010896264,3.2159168e-08,1.859018e-29,-0.10558028,-1.644333e-06,0.0018194087,-0.01045994,0.33047244,-1.6741938e-28,1.4311132e-26,0.30161798
828,-0.69073296,-0.0021347057,2.28682e-05,-5.181616e-29,-6.768858e-30,2.5519193e-22,0.12506045,-0.13054557,6.157901e-19,-0.0001093607,0.0069866325,-0.49842936,-0.024896357,-2.3813153e-31,6.5447125e-10,-0.77366686,-0.0028861272,-1.0705438e-29,2.5807707e-22,-1.9815795e-29,3.109299e-19,0.00032992748,-1.3648354e-07,-9.1670316e-30,0.2134758,7.2427238e-06,-0.0049734805,0.025695633,-0.5738579,5.8440105e-29,1.2571657e-25,-0.53519744
829,-1.1725051,-0.0033685835,3.567576e-05,-3.2525136e-28,-5.2895245e-29,3.5669458e-22,0.20437272,-0.21250232,7.74386e-19,-0.00017454235,0.011146622,-0.8371406,-0.039785955,-3.1641176e-31,9.528685e-10,-1.3171085,-0.004523649,-1.1536158e-29,2.7336524e-22,-2.0548478e-29,3.6658318e-19,0.0005219516,-2.120304e-07,-1.3783354e-29,0.35026827,1.1194e-05,-0.007906704,0.041155588,-0.9685038,1.6411622e-28,2.1582372e-25,-0.8999264
830,-1.3419626,-0.0038334862,4.070218e-05,-3.8818242e-28,-3.478346e-29,4.6089606e-22,0.23392954,-0.24308221,8.687762e-19,-0.0001996587,0.012710435,-0.95835495,-0.045379393,-3.2962002e-31,1.1096924e-09,-1.5070755,-0.005138878,-1.3131067e-29,2.8549298e-22,-2.3641037e-29,2.2751954e-19,0.00059510075,-2.4428422e-07,-1.8564006e-29,0.4008322,1.2784709e-05,-0.009009151,0.04696804,-1.1086779,1.7809645e-28,2.1443273e-25,-1.02999
831,-0.8454217,-0.0025429449,2.7128199e-05,-1.3182834e-28,-3.0915587e-29,2.8435414e-22,0.15054879,-0.15685648,7.0244757e-19,-0.00013093173,0.0083517535,-0.6068877,-0.029745355,-2.5003242e-31,7.489741e-10,-0.9484062,-0.003427682,-1.08311276e-29,2.6463527e-22,-2.1739559e-29,4.76006e-19,0.00039371834,-1.6127895e-07,-8.956908e-30,0.25724828,8.555425e-06,-0.005938462,0.030729618,-0.7003639,1.335836e-28,1.5973452e-25,-0.65203434
832,-0.45911938,-0.0015272656,1.6301743e-05,1.2943128e-28,-3.3698174e-29,9.5966305e-23,0.08532947,-0.08939896,5.34761e-19,-7.6531265e-05,0.0049318443,-0.33298653,-0.017490454,-2.0523546e-31,4.4675183e-10,-0.5140221,-0.0020795963,-8.476672e-30,2.4760044e-22,-1.8501104e-29,6.5973046e-19,0.00023478069,-9.407839e-08,-2.1948447e-30,0.14501724,5.1665675e-06,-0.003527064,0.018003128,-0.3823991,8.6112505e-29,1.1971906e-25,-0.3575771
833,0.085428596,-6.7798595e-05,8.06966e-07,3.2983577e-28,-1.7209556e-29,-3.773073e-23,-0.0067090876,0.0057238527,2.6834158e-19,1.5822807e-06,3.3020275e-05,0.05229996,-3.5312958e-05,-1.118504e-31,3.8601275e-11,0.0990392,-0.00014673831,-6.159783e-30,2.1123385e-22,-1.1950892e-29,6.187472e-19,5.727459e-06,8.9272234e-10,5.656775e-30,-0.012830436,3.2927642e-07,-6.969366e-05,-0.00012584124,0.06523626,-3.498007e-29,6.3296116e-26,0.05674865
834,-0.18950662,-0.00084215816,9.276528e-06,3.0253288e-28,-2.2587944e-29,-6.6040046e-23,0.039819732,-0.042320423,4.9497444e-19,-4.0673014e-05,0.002595301,-0.1413793,-0.009048588,-1.5664289e-31,2.631486e-10,-0.21114674,-0.0011698094,-7.648264e-30,2.4535404e-22,-1.8116277e-29,9.016129e-19,0.000129038,-5.1792625e-08,4.5530285e-30,0.06648001,2.992227e-06,-0.0018851907,0.009234657,-0.16016436,6.535174e-29,7.316175e-26,-0.15167652
835,0.2686133,0.00037588942,-3.2629905e-06,3.1642372e-28,9.760532e-30,-1.4444294e-22,-0.03765283,0.037697863,3.23953e-19,2.3436634e-05,-0.0015169245,0.18257137,0.0056251185,-7.818886e-32,-3.7398362e-11,0.30474612,0.00043979764,-6.9387554e-30,2.2034708e-22,-1.3504859e-29,8.1046924e-19,-6.0749335e-05,2.2412816e-08,1.2793906e-29,-0.066231206,-8.8565844e-07,0.0010123665,-0.0060131764,0.21631187,-6.277692e-29,1.4528075e-26,0.1966646
836,0.29051423,0.00043830095,-3.9704846e-06,3.2058806e-28,1.1390329e-29,-1.2897252e-22,-0.04112253,0.04127137,2.9215316e-19,2.692236e-05,-0.0017175162,0.19758098,0.006316887,-8.236221e-32,-5.343259e-11,0.32969043,0.0005222474,-6.794745e-30,2.169727e-22,-1.298215e-29,7.3831257e-19,-7.086094e-05,2.6674815e-08,1.2011222e-29,-0.07213975,-1.1076554e-06,0.0011557285,-0.006731131,0.23398775,-7.881698e-29,1.4015038e-26,0.21290088
837,0.95144784,0.0021814604,-2.1557205e-05,3.893974e-28,5.145554e-29,-5.4665966e-22,-0.15315275,0.15693545,-3.3195895e-20,0.00011713419,-0.0076160165,0.66521317,0.027460739,-2.0698159e-31,-4.7364845e-10,1.073387,0.0028262516,-4.735849e-30,2.1477742e-22,-3.35336e-30,5.5751896e-19,-0.00033996662,1.2761892e-07,2.34221e-29,-0.26391634,-6.520755e-06,0.0053091133,-0.028715633,0.77738005,-3.8606915e-28,-8.009063e-26,0.71552664
838,0.88041174,0.0020270287,-2.0416226e-05,5.1150196e-28,6.2243624e-29,-4.7631644e-22,-0.14091718,0.14429015,-1.00968044e-19,0.000110226305,-0.007047488,0.61427194,0.025309935,-1.7701594e-31,-4.564814e-10,0.9940934,0.0026255313,-4.6722812e-30,2.0284916e-22,-4.9861724e-31,2.8061368e-19,-0.00031811793,1.2293434e-07,1.6556464e-29,-0.24277732,-6.1966985e-06,0.004918565,-0.026466954,0.7184811,-4.1043016e-28,-8.029968e-26,0.6609764
839,0.57041806,0.0011783543,-1.1361995e-05,4.254246e-28,2.5575775e-29,-4.915351e-22,-0.08876699,0.0904367,7.6686286e-20,6.466058e-05,-0.0042167683,0.39576238,0.015305222,-2.7451785e-31,-2.3610824e-10,0.6443647,0.0015018703,-5.0829087e-30,2.3282251e-22,-5.9259315e-30,5.7295425e-19,-0.00018421237,6.797654e-08,1.5195146e-29,-0.15356883,-3.3783779e-06,0.0029165896,-0.016081188,0.4642361,-2.9370155e-28,-3.2553072e-26,0.42580816
840,-0.31609184,-0.00114729,1.2638444e-05,7.405054e-29,-2.2065613e-29,-3.004195e-23,0.060900755,-0.06421432,4.476338e-19,-5.7425863e-05,0.0036416587,-0.23186417,-0.012860959,-2.8620429e-31,3.6905e-10,-0.35309026,-0.0015792947,-8.1551006e-30,2.529087e-22,-1.542564e-29,5.447001e-19,0.00017678825,-7.452568e-08,4.691979e-31,0.103416815,4.053406e-06,-0.0026195743,0.013183535,-0.2648475,-2.2892548e-29,9.903197e-26,-0.24894065
841,-0.67631537,-0.0021226942,2.3109633e-05,-1.556623e-28,-1.6094267e-29,2.1084032e-22,0.12254441,-0.12794924,6.7760294e-19,-0.000109728964,0.0069112736,-0.48789543,-0.024538215,-2.776907e-31,6.7156425e-10,-0.7578571,-0.0028730456,-1.0868909e-29,2.6994106e-22,-2.23745e-29,5.0107024e-19,0.00032980353,-1.398154e-07,-4.938104e-30,0.20905194,7.342581e-06,-0.0049277926,0.025312513,-0.56174433,8.0261006e-29,1.3017006e-25,-0.5240109
842,0.40879154,0.000686718,-5.220507e-06,-1.606519e-28,1.2352105e-29,-2.0108957e-22,-0.06037418,0.061011475,3.5920432e-19,3.6382986e-05,-0.0026366184,0.27961683,0.009772814,-2.8400068e-31,-6.6991968e-12,0.463123,0.00083739543,-7.8977384e-30,2.5056896e-22,-1.7871852e-29,8.098662e-19,-0.0001042123,2.4692039e-08,2.1403166e-29,-0.10495434,-1.3837955e-06,0.0017860096,-0.010363388,0.33024016,-1.6186933e-28,1.3943757e-26,0.30110013
843,1.4610522,0.003448268,-3.346931e-05,-6.740189e-29,4.3966017e-29,-6.022586e-22,-0.23815353,0.24466361,-4.4149007e-20,0.00018104051,-0.011982942,1.0240474,0.0432641,-2.7640779e-31,-7.0289585e-10,1.647282,0.0044870647,-4.4568603e-30,2.1973017e-22,-9.270791e-30,9.080871e-19,-0.00053269556,1.9101415e-07,4.3248265e-29,-0.40984777,-1.0118784e-05,0.00836609,-0.045177754,1.1952819,-4.397141e-28,-9.921425e-26,1.1014113
844,1.4659789,0.0034911572,-3.438168e-05,1.0247868e-28,4.7649087e-29,-6.1147434e-22,-0.23910542,0.24567015,-1.3299441e-19,0.00018452303,-0.012088152,1.0275917,0.043556795,-2.4920327e-31,-7.493064e-10,1.6529955,0.0045480793,-3.745692e-30,2.0782756e-22,-5.7569025e-30,7.5439864e-19,-0.0005413346,1.9917698e-07,3.9161805e-29,-0.41139868,-1.0438675e-05,0.008448566,-0.045469005,1.1993318,-4.6525397e-28,-1.0426628e-25,1.1052943
845,0.9936174,0.002278747,-2.2606395e-05,2.4007704e-28,2.61761e-29,-3.6059526e-22,-0.15939413,0.16339318,2.1511349e-21,0.00012288205,-0.00794627,0.6937455,0.028629117,-1.479223e-31,-4.9383353e-10,1.1214905,0.0029504139,-4.5121785e-30,2.0026108e-22,-8.122844e-30,7.061037e-19,-0.00035596956,1.3435037e-07,2.660965e-29,-0.27480155,-6.851903e-06,0.0055404874,-0.029934768,0.81117976,-2.9067148e-28,-4.690435e-26,0.74646825
846,0.58174676,0.0011913232,-1.1552309e-05,2.3325024e-28,3.329647e-30,-1.9730624e-22,-0.08984269,0.09157923,1.858475e-19,6.618598e-05,-0.0042710314,0.40273225,0.015481303,-1.2365157e-31,-2.3168534e-10,0.65774524,0.0015139866,-5.594236e-30,2.1062791e-22,-1.2770522e-29,8.061933e-19,-0.00018740978,7.026398e-08,1.932519e-29,-0.15569672,-3.4438442e-06,0.0029518327,-0.016266149,0.4728364,-1.3631987e-28,3.964741e-27,0.43356678
847,0.4944986,0.0009624508,-9.238944e-06,2.4310448e-28,-1.014947e-30,-1.740292e-22,-0.075129166,0.07638596,2.1661916e-19,5.4263528e-05,-0.0034955805,0.3410974,0.012705036,-1.2519765e-31,-1.7790919e-10,0.5595015,0.0012119317,-5.762593e-30,2.1335981e-22,-1.3403925e-29,8.12785e-19,-0.00015195567,5.6884534e-08,1.74851e-29,-0.13048622,-2.7316325e-06,0.0024060586,-0.013379586,0.40117148,-1.1058646e-28,1.3717237e-26,0.36729303
848,0.442706,0.0008357444,-8.09142e-06,2.933991e-28,-1.9970329e-30,-1.5985504e-22,-0.066430256,0.067407966,2.0909435e-19,4.801041e-05,-0.0030545066,0.30450386,0.011099759,-1.1847216e-31,-1.5769591e-10,0.5012481,0.001045869,-5.6888578e-30,2.1141508e-22,-1.2729696e-29,7.645562e-19,-0.0001329027,5.1021768e-08,1.5147635e-29,-0.115544654,-2.3889463e-06,0.0020981003,-0.0117068915,0.35861373,-1.0416522e-28,1.8079558e-26,0.3279689
849,0.45089018,0.00086395646,-8.471408e-06,3.26826e-28,-3.1995715e-31,-1.6633783e-22,-0.06784204,0.068868384,1.8564965e-19,4.971783e-05,-0.003141413,0.31028622,0.011392455,-1.1582026e-31,-1.7130886e-10,0.5105059,0.0010839894,-5.532259e-30,2.089894e-22,-1.1825429e-29,7.2310423e-19,-0.0001376688,5.3752995e-08,1.4365442e-29,-0.117933445,-2.5134689e-06,0.0021610956,-0.01200864,0.3653286,-1.152761e-28,1.5800755e-26,0.33420113
850,0.4133396,0.0007679655,-7.5281496e-06,3.4800235e-28,-1.4789517e-30,-1.6903966e-22,-0.061535556,0.06235541,1.872373e-19,4.475994e-05,-0.0028129257,0.28377235,0.010211612,-1.235393e-31,-1.512157e-10,0.46822098,0.0009577237,-5.519245e-30,2.1040806e-22,-1.1600736e-29,7.0451433e-19,-0.00012287596,4.8403177e-08,1.3122898e-29,-0.10710838,-2.225185e-06,0.0019305989,-0.010780188,0.33449233,-1.1302368e-28,1.8691677e-26,0.30568996
851,0.44251537,0.0008541233,-8.5670035e-06,3.774855e-28,8.509511e-31,-1.3884925e-22,-0.06644507,0.067435905,1.6328845e-19,4.976804e-05,-0.0030925442,0.30433428,0.011178239,-8.8127864e-32,-1.819764e-10,0.5012028,0.0010723518,-5.3915025e-30,2.0216037e-22,-1.0899521e-29,6.684179e-19,-0.00013706382,5.553832e-08,1.2747523e-29,-0.11550922,-2.5584789e-06,0.0021299457,-0.011780505,0.35840598,-1.121554e-28,1.6617084e-26,0.32784852
852,0.45545006,0.00088808435,-8.872237e-06,3.953548e-28,2.6030388e-30,-1.946489e-22,-0.06869224,0.06974785,1.4013652e-19,5.1325445e-05,-0.0032074577,0.3135305,0.011599156,-1.2480939e-31,-1.8934246e-10,0.5156865,0.0011175831,-5.2131414e-30,2.067972e-22,-9.956757e-30,6.384747e-19,-0.00014200073,5.6875276e-08,1.2575195e-29,-0.119321845,-2.6492924e-06,0.0022109079,-0.012219357,0.36907795,-1.4182353e-28,1.1478148e-26,0.3377039
853,0.4745224,0.0009414497,-9.4481675e-06,4.1536117e-28,4.477772e-30,-2.1599703e-22,-0.07194191,0.07310249,1.1825552e-19,5.4165608e-05,-0.0033839429,0.32702,0.012224472,-1.3318881e-31,-2.0516161e-10,0.53716123,0.0011885609,-5.0654993e-30,2.0649529e-22,-9.172579e-30,6.090806e-19,-0.00015037539,6.035391e-08,1.23857224e-29,-0.124864824,-2.8294696e-06,0.0023360464,-0.012868575,0.38475278,-1.5871086e-28,7.678803e-27,0.35220703
854,0.44161034,0.00085709494,-8.624782e-06,4.284817e-28,3.172082e-30,-2.0659084e-22,-0.06639853,0.067379445,1.244881e-19,4.984889e-05,-0.003095591,0.30376798,0.011186351,-1.317056e-31,-1.874165e-10,0.5001167,0.0010774797,-5.0931353e-30,2.0670228e-22,-9.1936974e-30,6.0060194e-19,-0.00013743617,5.576405e-08,1.14270855e-29,-0.11535918,-2.578304e-06,0.0021336346,-0.011788408,0.35771516,-1.5063254e-28,1.1090349e-26,0.3272104
855,0.41403347,0.0007840314,-7.894081e-06,4.1895216e-28,1.1476015e-30,-1.7425518e-22,-0.0617139,0.06254576,1.4506427e-19,4.6116777e-05,-0.0028490257,0.28425938,0.010301095,-1.1521011e-31,-1.6980178e-10,0.469098,0.0009807686,-5.2328337e-30,2.054267e-22,-9.879384e-30,6.2051957e-19,-0.0001262278,5.1682118e-08,1.1154255e-29,-0.10735322,-2.354028e-06,0.0019598666,-0.010867688,0.33504242,-1.2950615e-28,1.6040963e-26,0.30624735
856,0.45695245,0.0008891356,-8.86666e-06,3.6827851e-28,1.4332861e-30,-1.5995627e-22,-0.06889029,0.069956645,1.6017184e-19,5.14135e-05,-0.0032148105,0.31455415,0.011627293,-1.0239359e-31,-1.87006e-10,0.5174118,0.0011183317,-5.36767e-30,2.0447146e-22,-1.0844935e-29,6.7415044e-19,-0.00014220088,5.688811e-08,1.3296253e-29,-0.11969801,-2.6463747e-06,0.0022152509,-0.01224894,0.370285,-1.2213386e-28,1.4236622e-26,0.33881935
857,0.39498198,0.0007275618,-7.2343882e-06,3.86834e-28,-1.0926673e-30,-1.6184378e-22,-0.058466505,0.059190508,1.7272632e-19,4.2959433e-05,-0.002666065,0.27079636,0.009663225,-1.1565834e-31,-1.4984855e-10,0.44761005,0.0009053629,-5.414719e-30,2.0781026e-22,-1.08838755e-29,6.630524e-19,-0.00011711935,4.737988e-08,1.1697449e-29,-0.101820506,-2.143872e-06,0.0018293294,-0.010206877,0.31939796,-1.1389454e-28,1.9712161e-26,0.29175898
858,0.46132267,0.00090563815,-9.074514e-06,4.083713e-28,3.454041e-30,-2.0506574e-22,-0.06970173,0.07078992,1.2889738e-19,5.228582e-05,-0.0032641478,0.31768745,0.011797582,-1.2906747e-31,-1.9560298e-10,0.5223013,0.0011410909,-5.1354557e-30,2.0665836e-22,-9.525746e-30,6.2090963e-19,-0.00014480026,5.8154814e-08,1.2328175e-29,-0.121036686,-2.7135213e-06,0.0022514018,-0.012425014,0.3739058,-1.4993882e-28,9.870912e-27,0.3421738
859,0.6877508,0.0014880532,-1.475619e-05,3.4517792e-28,1.3776691e-29,-3.1657496e-22,-0.1079053,0.1102252,6.3755514e-20,8.198159e-05,-0.005252205,0.47770715,0.018957462,-1.703134e-31,-3.1976288e-10,0.77710295,0.0019086648,-4.7704593e-30,2.0897568e-22,-8.3928055e-30,6.418637e-19,-0.00023398144,8.962277e-08,1.8248177e-29,-0.18650556,-4.4462704e-06,0.0036475745,-0.019875124,0.55995774,-2.3042796e-28,-1.7194906e-26,0.5141757
860,1.2611662,0.0030059768,-3.025519e-05,3.686552e-28,4.596742e-29,-5.289354e-22,-0.20473303,0.21020712,-1.9800434e-19,0.0001613345,-0.010377366,0.882843,0.037278146,-1.9030948e-31,-6.900176e-10,1.4227914,0.003914145,-3.2314908e-30,1.9156721e-22,-1.7030938e-30,4.879044e-19,-0.0004696146,1.7993642e-07,2.7972522e-29,-0.35231492,-9.230209e-06,0.0072585354,-0.038919594,1.0309863,-4.418838e-28,-8.758752e-26,0.949803
861,1.3380053,0.0031573344,-3.104574e-05,1.206641e-28,4.1293422e-29,-5.6242743e-22,-0.21751268,0.22337668,-8.7942844e-20,0.00016726491,-0.0109547265,0.9371695,0.039490834,-2.3947335e-31,-6.7301775e-10,1.5089303,0.004107641,-4.0000515e-30,2.0966287e-22,-6.708501e-30,7.61458e-19,-0.00048983295,1.8016416e-07,3.6330724e-29,-0.37440422,-9.414727e-06,0.007651332,-0.04124042,1.0941986,-4.220418e-28,-8.9212847e-26,1.0080805
862,0.63993156,0.0013682377,-1.3474182e-05,2.5654855e-28,2.6899184e-29,-2.0018412e-22,-0.09953503,0.101542085,8.8226154e-20,7.5657095e-05,-0.004841847,0.44310844,0.01744175,-1.3672396e-31,-2.6965397e-10,0.72386444,0.0017484191,-5.7089585e-30,2.0389615e-22,-8.9666965e-30,4.9579546e-19,-0.00021565476,8.1221685e-08,1.6319629e-29,-0.17200711,-4.0376844e-06,0.003359801,-0.018299457,0.5201188,-2.3203252e-28,-1.59626e-26,0.47713163
863,-0.24139225,-0.00097102195,1.0995791e-05,-6.0009834e-29,-1.7535381e-29,1.1788554e-22,0.04885015,-0.05176279,5.223618e-19,-4.8280373e-05,0.0030248563,-0.17965019,-0.010640375,-1.8532764e-31,3.4948844e-10,-0.26861563,-0.0013495663,-8.988878e-30,2.424813e-22,-1.9467414e-29,6.698851e-19,0.00014957992,-6.5502284e-08,4.7040557e-30,0.0825416,3.5628095e-06,-0.002189569,0.010873069,-0.20386261,3.8505746e-29,9.79293e-26,-0.19265269
864,-1.1157595,-0.0032327222,3.439941e-05,-3.455871e-28,-2.8833458e-29,4.263103e-22,0.19574188,-0.2036169,7.809922e-19,-0.0001676601,0.010686522,-0.7983469,-0.038156245,-2.8275992e-31,9.483219e-10,-1.2524099,-0.0043442445,-1.2363742e-29,2.7075e-22,-2.18646e-29,2.475792e-19,0.0005010641,-2.0601384e-07,-1.4358855e-29,0.33531547,1.0822879e-05,-0.0075823534,0.039464,-0.92275316,1.4105631e-28,1.9317784e-25,-0.8579233
865,-0.9904283,-0.0028945284,3.076147e-05,-2.9342465e-28,-4.6537305e-29,3.371033e-22,0.17387085,-0.18097797,7.2458147e-19,-0.00014943423,0.009543477,-0.7085376,-0.034048147,-2.744423e-31,8.319547e-10,-1.112049,-0.003896578,-1.1088257e-29,2.6359425e-22,-2.0204772e-29,4.1485703e-19,0.00044803775,-1.8256898e-07,-1.0074641e-29,0.29782224,9.67097e-06,-0.0067777177,0.03519429,-0.8189674,1.449922e-28,1.9604796e-25,-0.7615885
866,-0.6268579,-0.0019722101,2.1101874e-05,-4.7626562e-30,-2.3082124e-29,2.138265e-22,0.113991216,-0.119060695,6.1645175e-19,-0.00010049449,0.006429992,-0.4524578,-0.02286867,-2.1496564e-31,5.921681e-10,-0.7022996,-0.0026704827,-9.929054e-30,2.5471135e-22,-2.0445292e-29,5.179068e-19,0.00030450994,-1.2456132e-07,-5.8205425e-30,0.19431356,6.679207e-06,-0.0045832433,0.023588762,-0.5208233,9.869793e-29,1.3074415e-25,-0.48590297
867,0.080275,-9.262294e-05,1.3225535e-06,1.6666802e-28,-1.0741361e-29,6.909677e-23,-0.005570259,0.0045163855,3.3232392e-19,-2.567649e-07,9.907549e-05,0.048101977,-0.00026482344,-7.870848e-32,7.6168585e-11,0.09357265,-0.00018349022,-7.159678e-30,2.0968327e-22,-1.4465016e-29,6.253079e-19,1.0220399e-05,-3.8783234e-09,7.5061796e-30,-0.010836475,5.142665e-07,-0.00011995947,0.00010653958,0.060636006,-1.2850485e-29,6.682819e-26,0.05231256
868,0.17013332,0.00014856242,-1.4527022e-06,3.8549476e-28,-1.042259e-29,-5.7432374e-23,-0.020660806,0.02014558,2.420858e-19,1.3054087e-05,-0.00069662184,0.111904606,0.0025787577,-9.581443e-32,-1.5780127e-11,0.19455132,0.00014059071,-5.961117e-30,2.0842154e-22,-1.1919803e-29,6.248936e-19,-2.797538e-05,1.4373054e-08,6.564953e-30,-0.036916114,-3.6955657e-07,0.0004447298,-0.0028397199,0.13465786,-4.8766526e-29,4.806911e-26,0.12092551
869,1.0308931,0.0024639056,-2.586175e-05,6.0372906e-28,4.0039605e-29,-2.1594947e-22,-0.16582496,0.1701017,-2.0286894e-19,0.00013646614,-0.008461583,0.7198514,0.030196384,3.3989795e-32,-6.304396e-10,1.1643368,0.003204636,-3.2312117e-30,1.5069845e-22,-3.096444e-31,2.9008066e-19,-0.00039109393,1.6182724e-07,1.6789983e-29,-0.28558046,-7.964637e-06,0.0059265746,-0.031526007,0.8415082,-3.1034673e-28,-5.387204e-26,0.77486247
870,0.68036693,0.0014869985,-1.5103351e-05,3.8928357e-28,1.398362e-29,-1.8970821e-22,-0.1065747,0.108880416,5.8766685e-20,8.3127205e-05,-0.005225349,0.47233993,0.018786222,-6.739119e-32,-3.401649e-10,0.7691146,0.001908621,-4.800578e-30,1.901109e-22,-8.3554146e-30,6.066159e-19,-0.0002357424,9.420265e-08,1.6652817e-29,-0.1842416,-4.5819397e-06,0.0036334435,-0.019686896,0.5537483,-1.845876e-28,-1.0459106e-26,0.5085306
871,1.647923,0.0040255883,-4.075087e-05,2.8818648e-28,6.396064e-29,-4.6403747e-22,-0.26980197,0.2774283,-2.8522532e-19,0.00021529998,-0.013826948,1.1559374,0.049584053,-5.566127e-32,-9.363531e-10,1.8585604,0.005259175,-2.9465366e-30,1.6129325e-22,-1.0143873e-30,5.248818e-19,-0.0006288914,2.4244244e-07,3.694e-29,-0.46390644,-1.2476858e-05,0.009687335,-0.05170821,1.3485491,-4.775057e-28,-1.2121045e-25,1.2435606
872,1.8693557,0.0046606255,-4.7831847e-05,5.920846e-28,8.6857635e-29,-7.040829e-22,-0.30754325,0.31639647,-5.8388384e-19,0.00024972306,-0.01590736,1.3124646,0.05690983,-1.3924372e-31,-1.140459e-09,2.108038,0.006105462,-8.970748e-31,1.5113511e-22,9.712128e-30,9.765136e-20,-0.00072957145,2.8649143e-07,3.262469e-29,-0.5282255,-1.4709271e-05,0.011166658,-0.059308004,1.5304583,-6.848075e-28,-1.6572323e-25,1.4119059
873,2.099949,0.005231766,-5.2912306e-05,4.9950086e-28,9.9318715e-29,-1.0306164e-21,-0.3466675,0.35673755,-6.5999883e-19,0.00027709597,-0.017886361,1.4757454,0.064140856,-3.4549782e-31,-1.2356116e-09,2.3670104,0.006857075,-3.8111144e-31,1.8241344e-22,1.18049635e-29,1.2915557e-19,-0.00081424747,3.1083485e-07,3.9930384e-29,-0.59520745,-1.6217466e-05,0.012550588,-0.06684566,1.720206,-8.504372e-28,-2.0622498e-25,1.587211
874,0.7266419,0.0016359824,-1.6425864e-05,3.6355471e-28,3.2304878e-29,-3.9227995e-22,-0.115192935,0.11769222,-8.0568064e-20,8.990108e-05,-0.0057172333,0.5052742,0.020522531,-2.3068616e-31,-3.636791e-10,0.8210585,0.002104424,-4.4578643e-30,2.0394589e-22,-1.4483008e-30,2.654785e-19,-0.00025783989,9.945249e-08,1.4708237e-29,-0.19834435,-4.972635e-06,0.003982461,-0.021499783,0.5919296,-3.6736784e-28,-3.0703995e-26,0.5437547
875,-0.60114,-0.0018977914,2.0325379e-05,2.0086197e-29,-1.929232e-29,1.6117268e-22,0.10952431,-0.114458844,5.7359744e-19,-9.666101e-05,0.00618467,-0.43424118,-0.021999836,-2.4692625e-31,5.7159005e-10,-0.6733686,-0.002571627,-9.6835976e-30,2.563588e-22,-1.8708234e-29,4.4522733e-19,0.00029297738,-1.2016629e-07,-6.3471775e-30,0.18676206,6.4383503e-06,-0.0044091204,0.02268565,-0.4996667,5.756081e-29,1.2420086e-25,-0.46634004
876,-0.6434523,-0.00204761,2.2296299e-05,-9.301941e-29,-7.394033e-30,2.3018754e-22,0.117613465,-0.12284517,6.8154616e-19,-0.00010563429,0.0066593303,-0.46523696,-0.023635197,-2.4838008e-31,6.5644945e-10,-0.72052526,-0.0027720348,-1.0998558e-29,2.6841097e-22,-2.3431378e-29,5.0001145e-19,0.00031801534,-1.349424e-07,-5.4497505e-30,0.2003412,7.093934e-06,-0.0047496622,0.02437862,-0.5351194,8.678315e-29,1.1700323e-25,-0.49948248
877,0.2751494,0.00033387652,-1.7924549e-06,-5.1621495e-29,1.3103097e-29,-1.5397492e-22,-0.03736863,0.037267487,3.951255e-19,1.837151e-05,-0.0014300323,0.18475111,0.005436019,-2.652214e-31,7.1161535e-11,0.31294414,0.0003743146,-8.148193e-30,2.5279852e-22,-1.8916142e-29,7.7409614e-19,-5.0049224e-05,5.497043e-09,1.6515228e-29,-0.06571763,-3.3429455e-07,0.00093939016,-0.005847632,0.22015822,-1.219124e-28,1.8978761e-26,0.19924217
878,0.993145,0.0022273245,-2.1197846e-05,1.6708863e-29,3.0285e-29,-4.6562074e-22,-0.1590426,0.16295998,9.496832e-20,0.000117594056,-0.007834418,0.693088,0.028380014,-2.8273164e-31,-4.1444964e-10,1.1207172,0.002876651,-5.4839125e-30,2.322159e-22,-1.16980436e-29,8.2783724e-19,-0.00034393455,1.2005619e-07,3.1433054e-29,-0.27425468,-6.34157e-06,0.0054489337,-0.02969899,0.8106608,-3.273031e-28,-5.455074e-26,0.7456411
879,1.0069307,0.0022948664,-2.2424088e-05,1.8302889e-28,2.5613493e-29,-4.6176853e-22,-0.16168918,0.16573794,1.5969885e-20,0.00012261182,-0.008024858,0.7032717,0.028982047,-2.3219455e-31,-4.767885e-10,1.1361935,0.002970067,-4.558425e-30,2.16469e-22,-8.60815e-30,7.5862114e-19,-0.00035667876,1.3090367e-07,2.8629337e-29,-0.27873918,-6.7680585e-06,0.005590856,-0.030311473,0.82223606,-3.245473e-28,-5.2340366e-26,0.75660104
880,0.4769281,0.0009145538,-8.6852215e-06,2.5787273e-28,-9.66543e-31,-2.2771256e-22,-0.07223311,0.073385045,2.0710716e-19,5.1460444e-05,-0.0033354992,0.32875246,0.012147863,-1.6854359e-31,-1.6404092e-10,0.53961205,0.0011489491,-5.6590066e-30,2.2019142e-22,-1.2788619e-29,7.9204927e-19,-0.00014405599,5.304481e-08,1.6866726e-29,-0.125489,-2.5554752e-06,0.0022929872,-0.012802369,0.38679585,-1.326908e-28,1.1809346e-26,0.35397688
881,0.35936797,0.0006095762,-5.704491e-06,2.6161572e-28,-7.725119e-30,-1.2504973e-22,-0.052331593,0.052847903,2.6412565e-19,3.5992136e-05,-0.0022979635,0.24562229,0.008410509,-1.1755425e-31,-9.681761e-11,0.40737173,0.00074633176,-6.0290263e-30,2.1567248e-22,-1.4400634e-29,8.20651e-19,-9.746945e-05,3.667977e-08,1.4521605e-29,-0.09142678,-1.646092e-06,0.0015635721,-0.0089135105,0.29016238,-6.618512e-29,2.9432105e-26,0.2646437
882,0.27564082,0.00038414117,-3.3446067e-06,2.4143821e-28,-1.2992645e-29,-9.8763644e-23,-0.038184155,0.038236994,3.1144397e-19,2.4045705e-05,-0.0015416192,0.18647371,0.005718448,-1.2095944e-31,-3.7850167e-11,0.31305718,0.00044804765,-6.31252e-30,2.2014167e-22,-1.5739628e-29,8.622571e-19,-6.2209605e-05,2.2575204e-08,1.3581143e-29,-0.067212485,-9.1310017e-07,0.0010296733,-0.006116706,0.22139576,-3.3877234e-29,3.999589e-26,0.20103082
883,0.39474165,0.0007102156,-6.82715e-06,3.001171e-28,-4.342009e-30,-1.4677217e-22,-0.058342215,0.059056398,2.2530727e-19,4.1483927e-05,-0.002628821,0.2706198,0.009574818,-1.1882666e-31,-1.2851253e-10,0.4472418,0.0008802364,-5.7768615e-30,2.1277883e-22,-1.3049841e-29,7.666911e-19,-0.00011347792,4.3737533e-08,1.4098132e-29,-0.1016855,-2.0000791e-06,0.001798575,-0.010121244,0.3192154,-9.013231e-29,2.3423918e-26,0.2915355
884,0.40499538,0.0007460387,-7.313385e-06,3.450798e-28,-2.113025e-30,-1.5681434e-22,-0.060115572,0.060890745,1.9384272e-19,4.365727e-05,-0.002738704,0.27786648,0.009944144,-1.166141e-31,-1.4614943e-10,0.45884058,0.0009287029,-5.5654282e-30,2.0972391e-22,-1.1828056e-29,7.108882e-19,-0.0001195397,4.7240814e-08,1.3036498e-29,-0.10468272,-2.1596377e-06,0.0018783363,-0.010501874,0.32762936,-1.0556376e-28,2.0341629e-26,0.2993458
885,0.4116137,0.00076262275,-7.4641157e-06,3.4336493e-28,-1.7581002e-30,-1.6629512e-22,-0.061238233,0.06204838,1.909975e-19,4.446071e-05,-0.0027958746,0.28255087,0.010152443,-1.2252949e-31,-1.4914178e-10,0.46627554,0.0009505509,-5.545087e-30,2.1056516e-22,-1.1745699e-29,7.1060807e-19,-0.00012201245,4.7984077e-08,1.3217597e-29,-0.10660396,-2.2046781e-06,0.0019183748,-0.010718937,0.33307385,-1.1053584e-28,1.9187316e-26,0.30437595
886,0.40956914,0.00075943844,-7.460065e-06,3.5593506e-28,-1.3783309e-30,-1.7049999e-22,-0.06090795,0.061707612,1.8387724e-19,4.4357836e-05,-0.0027822736,0.28111064,0.010098412,-1.2415173e-31,-1.5060783e-10,0.46398166,0.0009466612,-5.493639e-30,2.1024927e-22,-1.1432836e-29,6.9570553e-19,-0.00012162589,4.8105075e-08,1.2837277e-29,-0.10602582,-2.2056581e-06,0.0019093985,-0.010662007,0.33139518,-1.1441533e-28,1.87352e-26,0.30282995
887,0.42264307,0.00079885015,-7.9492565e-06,3.7113262e-28,-3.0421568e-31,-1.517129e-22,-0.06310445,0.06398186,1.727316e-19,4.6695666e-05,-0.0029092734,0.29031813,0.010534397,-1.0391877e-31,-1.6548485e-10,0.478775,0.0009991489,-5.436424e-30,2.0574005e-22,-1.11109065e-29,6.778335e-19,-0.00012819117,5.155037e-08,1.2603707e-29,-0.10978488,-2.3635482e-06,0.0020001342,-0.01111276,0.34210488,-1.122197e-28,1.8049261e-26,0.31275785
888,0.36299455,0.0006423577,-6.3284415e-06,3.970819e-28,-2.1683022e-30,-1.8839875e-22,-0.053111423,0.05365446,1.7520006e-19,3.8328555e-05,-0.002378969,0.24823983,0.008645519,-1.4217517e-31,-1.2804377e-10,0.4115272,0.0007930249,-5.3980593e-30,2.1268154e-22,-1.0695264e-29,6.534737e-19,-0.0001036199,4.1740744e-08,1.09050765e-29,-0.092624865,-1.8613121e-06,0.0016269682,-0.009150078,0.293158,-1.2060934e-28,2.1008592e-26,0.26747906
889,0.34871733,0.00060725136,-6.0153907e-06,4.0625133e-28,-2.690139e-30,-1.739548e-22,-0.050699677,0.05116694,1.7732307e-19,3.663122e-05,-0.00225703,0.2381408,0.008200341,-1.3310509e-31,-1.223723e-10,0.395484,0.0007469086,-5.4115987e-30,2.1119475e-22,-1.0698577e-29,6.469576e-19,-9.839392e-05,4.021447e-08,1.0372627e-29,-0.08849061,-1.7682867e-06,0.0015417647,-0.008686037,0.28141734,-1.1351323e-28,2.2972295e-26,0.2566326
890,0.3613472,0.00063299615,-6.208127e-06,3.4905766e-28,-4.4943953e-30,-1.232461e-22,-0.052732754,0.053271484,2.1288356e-19,3.7913156e-05,-0.0023538703,0.2470064,0.008558183,-1.0069685e-31,-1.2138107e-10,0.40973637,0.0007795284,-5.685984e-30,2.0841795e-22,-1.23317445e-29,7.179524e-19,-0.00010225656,4.115216e-08,1.21026845e-29,-0.09204278,-1.8223889e-06,0.0016078472,-0.00905976,0.2917547,-8.329397e-29,2.6541028e-26,0.26618075
891,0.29661742,0.000458301,-4.360516e-06,3.3792003e-28,-8.266735e-30,-1.2041602e-22,-0.041816045,0.041994084,2.443812e-19,2.8568309e-05,-0.0017682421,0.20129864,0.006478153,-1.1614713e-31,-7.5047024e-11,0.3367909,0.0005484675,-5.8614467e-30,2.1370267e-22,-1.3129092e-29,7.4274517e-19,-7.479739e-05,2.9933613e-08,1.12819e-29,-0.073347054,-1.24702e-06,0.0011943709,-0.0068993755,0.23860773,-6.661933e-29,3.351772e-26,0.21701089
892,0.27688718,0.000406619,-3.8445287e-06,3.378284e-28,-9.39007e-30,-1.0776316e-22,-0.038479935,0.038550418,2.5370301e-19,2.5908394e-05,-0.0015930585,0.18735243,0.0058494154,-1.1130563e-31,-6.30683e-11,0.31458598,0.00048021297,-5.919388e-30,2.1356812e-22,-1.3381698e-29,7.478265e-19,-6.6841276e-05,2.7015336e-08,1.0916626e-29,-0.0676358,-1.0886915e-06,0.0010710829,-0.0062454585,0.22239476,-5.727113e-29,3.622084e-26,0.20201975
893,0.1984011,0.00019838364,-1.7027578e-06,3.3678667e-28,-1.3624725e-29,-9.110267e-23,-0.025239829,0.024876807,2.8657657e-19,1.4955956e-05,-0.0008905337,0.13191321,0.0033416646,-1.1745108e-31,-1.16461285e-11,0.22618553,0.00020512787,-6.103678e-30,2.173585e-22,-1.4155882e-29,7.6488766e-19,-3.4412114e-05,1.4397472e-08,9.5439955e-30,-0.04495649,-4.2635224e-07,0.00057600765,-0.003639103,0.15793446,-3.3826582e-29,4.5088695e-26,0.14239928
894,0.24700615,0.0003203373,-2.8286795e-06,3.1741333e-28,-1.1425501e-29,-1.395993e-22,-0.03345957,0.033356052,2.7250297e-19,2.0954129e-05,-0.0013107851,0.16629247,0.0048685865,-1.4623583e-31,-3.40738e-11,0.28082082,0.00036565145,-6.011464e-30,2.2140072e-22,-1.3865636e-29,7.7323815e-19,-5.2734475e-05,2.0148374e-08,1.1023776e-29,-0.059037164,-7.644014e-07,0.0008703391,-0.00522972,0.19789991,-6.0306e-29,3.8026023e-26,0.17932937
895,0.6958081,0.0014881738,-1.4480165e-05,2.2807416e-28,9.696606e-30,-2.802616e-22,-0.10913432,0.111490205,1.33793e-19,8.1348044e-05,-0.0052797194,0.48336858,0.019108891,-1.6042329e-31,-2.9833208e-10,0.786083,0.0019058641,-5.266429e-30,2.130621e-22,-1.1369492e-29,7.822449e-19,-0.00023292153,8.6568505e-08,2.1607408e-29,-0.18872336,-4.3393247e-06,0.003661201,-0.020040017,0.56657684,-1.9342873e-28,-1.2091272e-26,0.5202333
896,0.86291575,0.001953526,-1.9605686e-05,3.2518422e-28,2.1948719e-29,-2.8390586e-22,-0.137367,0.14066306,1.3101791e-20,0.00010677634,-0.0068217623,0.6013527,0.024545103,-1.0639907e-31,-4.3624737e-10,0.97451186,0.0025231098,-4.5530962e-30,1.9356723e-22,-7.713219e-30,6.3746974e-19,-0.00030695405,1.1882045e-07,2.1791157e-29,-0.23701838,-5.950943e-06,0.0047537573,-0.02568053,0.7037521,-2.489923e-28,-3.2168688e-26,0.6471938
897,0.6357794,0.0013340416,-1.3038452e-05,2.1683573e-28,5.4119865e-30,-1.7104768e-22,-0.09890582,0.10094473,1.7834779e-19,7.3821255e-05,-0.0047533954,0.44085264,0.017197922,-9.3276235e-32,-2.666426e-10,0.7186599,0.001702144,-5.5927215e-30,2.0466176e-22,-1.2920178e-29,8.181621e-19,-0.00020983114,7.92695e-08,2.0667028e-29,-0.17125049,-3.9049073e-06,0.0032915378,-0.018049628,0.5171774,-1.3335779e-28,5.9349457e-28,0.47458532
898,-0.07357959,-0.0005190383,5.928033e-06,1.2314916e-28,-4.138661e-30,1.3292585e-22,0.021068547,-0.023024175,4.29422e-19,-2.328392e-05,0.00152698,-0.06148892,-0.0053448183,-9.685473e-32,2.1107086e-10,-0.079237215,-0.0007475682,-8.286791e-30,2.2279934e-22,-1.7727082e-29,6.0494934e-19,7.747878e-05,-3.298564e-08,4.4272085e-30,0.03466329,1.9661966e-06,-0.0011280893,0.0053842226,-0.06631574,2.0615985e-29,7.126139e-26,-0.06537296
899,-0.31205553,-0.0011405477,1.2429375e-05,2.0439582e-29,-2.3249852e-29,1.6362703e-22,0.06064809,-0.06392209,5.1714556e-19,-5.629708e-05,0.0036185354,-0.22941282,-0.012811196,-1.4714905e-31,3.671463e-10,-0.3481468,-0.0015714087,-8.774801e-30,2.350217e-22,-1.8797592e-29,6.4329386e-19,0.00017458305,-7.1830584e-08,1.7708076e-30,0.10277547,3.979463e-06,-0.0026034538,0.013137256,-0.26182678,7.072869e-29,1.0868987e-25,-0.24613574
900,-0.5259365,-0.0016942241,1.8146044e-05,-8.611146e-30,-2.687743e-29,1.9100048e-22,0.0965374,-0.10102111,5.644458e-19,-8.5574866e-05,0.005495634,-0.38063562,-0.019542899,-1.968054e-31,5.0933835e-10,-0.58890504,-0.0023035514,-9.354949e-30,2.456637e-22,-1.8748311e-29,5.371089e-19,0.0002607718,-1.0613827e-07,-3.339776e-30,0.1645162,5.751174e-06,-0.003924325,0.020132264,-0.43759125,8.160607e-29,1.291352e-25,-0.40877044
901,0.07235953,-0.00013898342,1.927675e-06,1.8718678e-28,-1.1823728e-29,6.43222e-23,-0.0037295409,0.0026321225,3.8643914e-19,-3.0241936e-06,0.00023894547,0.042266965,-0.00071045756,-7.6505187e-32,9.763239e-11,0.08466697,-0.00024407433,-7.362962e-30,2.16865e-22,-1.7234174e-29,7.5236657e-19,1.8224891e-05,-8.140738e-09,8.46399e-30,-0.008018389,7.14408e-07,-0.00022178644,0.0005689026,0.053997718,2.2285904e-29,6.247443e-26,0.046100937
902,0.05136609,-0.0001829497,2.1821888e-06,2.9818266e-28,-1.989312e-29,-1.5958139e-23,-0.00053977594,-0.0006400831,3.4354868e-19,-4.935504e-06,0.00040092587,0.027999148,-0.0012956318,-1.0783347e-31,8.299478e-11,0.060690388,-0.00029952964,-6.601766e-30,2.1885854e-22,-1.5224718e-29,7.516483e-19,2.457344e-05,-8.268103e-09,6.848592e-30,-0.0025264844,7.721633e-07,-0.00033314375,0.0011808872,0.03712485,9.996461e-30,6.505247e-26,0.030660294
903,0.9730582,0.0023021868,-2.411986e-05,5.426382e-28,3.43184e-29,-1.4855551e-22,-0.15596768,0.15992656,-1.3589626e-19,0.00012787388,-0.007926634,0.6789428,0.028300196,6.1329513e-32,-5.8263966e-10,1.0992216,0.0029895368,-3.684457e-30,1.5132027e-22,-2.7171787e-30,3.8004426e-19,-0.000365738,1.5133564e-07,1.7371355e-29,-0.26876828,-7.419957e-06,0.005547289,-0.029557247,0.793973,-2.579595e-28,-4.2181132e-26,0.73088187
904,0.4169187,0.00080043933,-8.193945e-06,4.588191e-28,2.677148e-30,-1.6753037e-22,-0.062225293,0.06307939,1.2176153e-19,4.7336904e-05,-0.0028932667,0.28628367,0.010432891,-1.0255579e-31,-1.8297519e-10,0.47242245,0.0010034835,-5.081236e-30,2.012287e-22,-8.964149e-30,5.7401925e-19,-0.0001293706,5.4224497e-08,1.0073256e-29,-0.10819938,-2.457031e-06,0.0019933835,-0.011001033,0.3373904,-1.3523837e-28,1.486559e-26,0.30845165
905,1.2878691,0.0031078048,-3.189376e-05,4.464799e-28,4.8625605e-29,-3.3550555e-22,-0.20910779,0.21477269,-2.261652e-19,0.0001686582,-0.01068194,0.9014624,0.038241163,-2.211916e-32,-7.495802e-10,1.4534012,0.0040509934,-3.161639e-30,1.5918932e-22,-1.0976582e-30,4.1508187e-19,-0.00048862986,1.9374676e-07,2.589785e-29,-0.35982713,-9.783668e-06,0.0074812006,-0.03990357,1.0526837,-3.8172122e-28,-8.1428786e-26,0.9700327
906,1.1048774,0.0025816695,-2.5801599e-05,2.9494262e-28,3.4436112e-29,-4.277194e-22,-0.17824681,0.18285991,-8.150526e-20,0.00013892916,-0.008958306,0.77237815,0.032227684,-1.6317852e-31,-5.760944e-10,1.2467941,0.003351888,-3.9782e-30,1.9616464e-22,-5.440813e-30,6.1407945e-19,-0.00040335595,1.5345634e-07,2.713368e-29,-0.30703285,-7.8461235e-06,0.0062558195,-0.03367279,0.9025827,-3.5267015e-28,-6.370657e-26,0.83102405
907,1.8335987,0.0045085317,-4.534302e-05,3.6480305e-28,7.787706e-29,-8.3600015e-22,-0.30146497,0.31006843,-4.568589e-19,0.00023901596,-0.015466705,1.2873994,0.05552449,-2.8795307e-31,-1.0421358e-09,2.0671322,0.005898459,-1.660322e-30,1.8824465e-22,5.041913e-30,3.5488633e-19,-0.0007014739,2.6600992e-07,3.8622725e-29,-0.51794326,-1.3866965e-05,0.010840963,-0.057894077,1.501316,-6.874672e-28,-1.6257205e-25,1.3847139
908,1.4774579,0.0036013867,-3.657263e-05,5.1909007e-28,6.686824e-29,-7.0570977e-22,-0.2414125,0.24806972,-3.9825696e-19,0.00019285848,-0.012357911,1.0356333,0.04430778,-2.5193548e-31,-8.5420826e-10,1.666433,0.0047043134,-2.0187786e-30,1.8610949e-22,5.1269534e-30,2.1936546e-19,-0.00056279957,2.1759567e-07,2.7437707e-29,-0.41494656,-1.1197201e-05,0.008660371,-0.04622037,1.2086264,-6.0000195e-28,-1.2659006e-25,1.1141101
909,0.71291196,0.0015466481,-1.5058673e-05,3.6940487e-28,2.285402e-29,-5.1848235e-22,-0.112267256,0.11468065,1.2163691e-21,8.3827195e-05,-0.005458938,0.4954847,0.019749355,-3.2286335e-31,-3.1700403e-10,0.80521107,0.0019864067,-4.4441217e-30,2.30994e-22,-5.6742884e-30,5.248686e-19,-0.0002412519,8.864832e-08,1.7627339e-29,-0.19383574,-4.513181e-06,0.00379163,-0.020706378,0.5806689,-3.428224e-28,-3.6427797e-26,0.5331841
910,-0.47345304,-0.0015809217,1.7119273e-05,7.0512893e-29,-2.3002489e-29,9.346905e-23,0.08816764,-0.09236561,5.635019e-19,-8.0134705e-05,0.005099525,-0.34374577,-0.018062506,-2.3931473e-31,4.88641e-10,-0.5298841,-0.0021518357,-9.115306e-30,2.5697983e-22,-1.9706707e-29,6.136883e-19,0.00024425,-1.0111391e-07,-2.3460941e-30,0.14984405,5.447947e-06,-0.0036477605,0.018592827,-0.39457178,6.444735e-29,1.1105621e-25,-0.36906293
911,-0.6654579,-0.0020932832,2.2578573e-05,-4.1814804e-29,-1.674083e-29,2.1590762e-22,0.12095973,-0.126279,6.633195e-19,-0.000107531116,0.006824101,-0.48026633,-0.024241038,-2.4174067e-31,6.46039e-10,-0.74556065,-0.002831213,-1.0518233e-29,2.6492761e-22,-2.235657e-29,5.239429e-19,0.000324406,-1.3509751e-07,-6.145975e-30,0.20612943,7.1606337e-06,-0.004863726,0.02501135,-0.5528637,9.986142e-29,1.2585955e-25,-0.5157269
912,-0.0071371645,-0.00037481711,4.941004e-06,5.8937814e-29,-4.049006e-30,-2.8098405e-23,0.009863488,-0.011479672,4.3785534e-19,-1.7289763e-05,0.0010033906,-0.014354765,-0.0033608796,-2.1144945e-31,2.0409849e-10,-0.0048624873,-0.0005589579,-8.189395e-30,2.4480984e-22,-1.8445164e-29,7.0739194e-19,5.7671266e-05,-3.0466023e-08,8.362092e-30,0.015377354,1.699863e-06,-0.0007667616,0.003308556,-0.011549741,-3.1851553e-29,5.7750566e-26,-0.014840864
913,0.63534963,0.0013146086,-1.248556e-05,1.7342181e-28,4.7227684e-30,-2.9461408e-22,-0.09891932,0.10092978,1.8656565e-19,7.1614326e-05,-0.0047108433,0.44070274,0.017120566,-1.9554632e-31,-2.415443e-10,0.7178488,0.001675145,-5.577692e-30,2.236515e-22,-1.3031922e-29,8.556013e-19,-0.00020490456,7.351562e-08,2.2112547e-29,-0.17125872,-3.706051e-06,0.0032568143,-0.017979354,0.5169703,-1.7624852e-28,-5.180049e-27,0.4742979
914,0.44182694,0.00082220085,-7.732175e-06,2.682673e-28,-2.3172699e-30,-2.3934666e-22,-0.06633921,0.06729539,2.1277226e-19,4.6552963e-05,-0.0030229012,0.30397987,0.01103337,-1.8435407e-31,-1.4179388e-10,0.50005245,0.001027196,-5.6700596e-30,2.2341036e-22,-1.273266e-29,7.8463685e-19,-0.00012960064,4.7335188e-08,1.598537e-29,-0.11537612,-2.2604524e-06,0.002072933,-0.011644202,0.35798377,-1.3254262e-28,1.4277717e-26,0.32732567
915,0.3076647,0.00047945365,-4.4617445e-06,2.9792725e-28,-9.123622e-30,-1.2097759e-22,-0.04364663,0.04388084,2.632294e-19,2.9380699e-05,-0.0018499908,0.20910572,0.0067928424,-1.2113278e-31,-7.186243e-11,0.34917638,0.000575379,-5.9944223e-30,2.1607703e-22,-1.3978911e-29,7.875773e-19,-7.759399e-05,2.987309e-08,1.2598002e-29,-0.07651631,-1.2692365e-06,0.0012497855,-0.007229629,0.24769369,-6.132779e-29,3.361934e-26,0.22538644
916,0.16261846,9.862619e-05,-6.247419e-07,3.0404463e-28,-1.6900943e-29,-5.8343616e-23,-0.019155331,0.018594678,3.236462e-19,9.62503e-06,-0.00056018494,0.106614515,0.002171754,-1.0740687e-31,1.768527e-11,0.18588465,7.255562e-05,-6.349374e-30,2.1839906e-22,-1.5450496e-29,8.134031e-19,-1.872544e-05,7.846257e-09,9.784335e-30,-0.034570597,-8.8983825e-08,0.00034187443,-0.0024245353,0.12853324,-6.621636e-30,5.153696e-26,0.11519503
917,0.23975357,0.00030454755,-2.7488832e-06,3.174207e-28,-1.2165368e-29,-9.2215486e-23,-0.032193113,0.032057215,2.8183026e-19,2.0435993e-05,-0.0012532389,0.16111712,0.0046451343,-1.1206086e-31,-3.42818e-11,0.272747,0.00034487294,-6.0952365e-30,2.1594357e-22,-1.4272916e-29,7.801194e-19,-5.076982e-05,2.0328809e-08,1.0813587e-29,-0.056886338,-7.4630566e-07,0.0008306436,-0.004995059,0.19189677,-3.9143798e-29,4.1467783e-26,0.1738011
918,0.32527396,0.0005369138,-5.207695e-06,3.5010224e-28,-6.3132134e-30,-1.2455316e-22,-0.046657618,0.046995778,2.2581245e-19,3.280804e-05,-0.0020301794,0.2215365,0.0074054776,-1.1030587e-31,-9.7150676e-11,0.36908928,0.0006526251,-5.7511183e-30,2.1113645e-22,-1.2582907e-29,7.2289764e-19,-8.7212706e-05,3.515275e-08,1.1447569e-29,-0.081631415,-1.5120324e-06,0.0013796508,-0.007862092,0.26213694,-7.666035e-29,3.002573e-26,0.23878303
919,0.34715495,0.0005936637,-5.768581e-06,3.461403e-28,-5.2410903e-30,-1.3502682e-22,-0.05035075,0.050808262,2.183283e-19,3.5721412e-05,-0.002223278,0.23699935,0.008099484,-1.1364338e-31,-1.0975387e-10,0.3937162,0.0007274739,-5.707984e-30,2.1117203e-22,-1.24253906e-29,7.2245365e-19,-9.593508e-05,3.830471e-08,1.1958921e-29,-0.08795867,-1.6836873e-06,0.001515388,-0.0085840365,0.28011504,-8.472502e-29,2.7364728e-26,0.25540522
920,0.3622967,0.00063395704,-6.179118e-06,3.4973537e-28,-4.236799e-30,-1.4577888e-22,-0.052915145,0.053455424,2.0902603e-19,3.7814036e-05,-0.0023590466,0.24770336,0.008585191,-1.1776071e-31,-1.1973275e-10,0.4107596,0.0007807773,-5.647709e-30,2.1106443e-22,-1.21386256e-29,7.142133e-19,-0.00010216989,4.067081e-08,1.2150001e-29,-0.09234532,-1.8103162e-06,0.0016111084,-0.0090889735,0.2925576,-9.3203436e-29,2.5065729e-26,0.266912
921,0.36163783,0.0006326752,-6.1703176e-06,3.5314783e-28,-4.129549e-30,-1.4895742e-22,-0.05280975,0.053346302,2.0678424e-19,3.7751288e-05,-0.0023541218,0.24724118,0.008566867,-1.1965029e-31,-1.1986007e-10,0.41001597,0.00077916693,-5.631265e-30,2.11301e-22,-1.20404814e-29,7.1000903e-19,-0.00010197954,4.0631324e-08,1.204088e-29,-0.09216065,-1.8079338e-06,0.0016077682,-0.009069818,0.29201856,-9.495465e-29,2.4879557e-26,0.2664142
922,0.27205744,0.0004001187,-3.8376456e-06,3.8378295e-28,-7.6656556e-30,-1.4862749e-22,-0.03774214,0.037784766,2.2312887e-19,2.5632613e-05,-0.0015630077,0.18398403,0.005731928,-1.3596239e-31,-6.746545e-11,0.30912688,0.00047274248,-5.688626e-30,2.1543498e-22,-1.2028118e-29,6.89856e-19,-6.5959604e-05,2.7150403e-08,9.6213065e-30,-0.06631668,-1.0911463e-06,0.0010516627,-0.0061218375,0.21845528,-8.2605115e-29,3.2844717e-26,0.19838715
923,0.21936819,0.00026462745,-2.505234e-06,4.0419824e-28,-9.742512e-30,-1.3764184e-22,-0.028871492,0.028625686,2.3283738e-19,1.8663952e-05,-0.0011004359,0.14676489,0.0040686782,-1.3703553e-31,-3.8430314e-11,0.24981186,0.00029429875,-5.728682e-30,2.1631864e-22,-1.2043273e-29,6.7646986e-19,-4.512062e-05,1.9646496e-08,8.110859e-30,-0.051104136,-6.838843e-07,0.00072683906,-0.0043915072,0.17517522,-7.1373525e-29,3.8057873e-26,0.15837154
924,0.22119069,0.00026920013,-2.562435e-06,3.9601617e-28,-1.0088886e-29,-1.19234e-22,-0.02915408,0.028920468,2.3950477e-19,1.8971707e-05,-0.0011162353,0.14803104,0.0041223466,-1.2374846e-31,-3.9522746e-11,0.2518922,0.0003001592,-5.7846276e-30,2.1452435e-22,-1.2361099e-29,6.879846e-19,-4.5934437e-05,2.0116321e-08,8.3375885e-30,-0.05160284,-7.024148e-07,0.000737875,-0.004446944,0.17665523,-6.233302e-29,3.9237304e-26,0.15974453
925,0.22739333,0.00028519653,-2.736063e-06,3.8600961e-28,-1.0286121e-29,-9.9010715e-23,-0.030171815,0.029974785,2.457742e-19,1.9882813e-05,-0.0011708355,0.15238862,0.004314634,-1.0854598e-31,-4.3260756e-11,0.25890824,0.00032106694,-5.841326e-30,2.1231019e-22,-1.2698634e-29,7.010428e-19,-4.853025e-05,2.1276097e-08,8.688469e-30,-0.05336333,-7.5687535e-07,0.0007761975,-0.0046464736,0.18173084,-5.317651e-29,4.0104782e-26,0.1644431
926,0.17836475,0.00014101277,-1.0651856e-06,3.094439e-28,-1.5817302e-29,-6.827977e-23,-0.021821309,0.021347232,3.1321168e-19,1.1853263e-05,-0.00070238556,0.117743194,0.0026787147,-1.0989624e-31,6.655926e-12,0.20361531,0.00012867211,-6.2831177e-30,2.1809343e-22,-1.5127497e-29,8.032217e-19,-2.5327572e-05,1.0442161e-08,9.92551e-30,-0.03913051,-2.2551967e-07,0.00044225878,-0.0029513305,0.1414699,-1.4914251e-29,4.9255446e-26,0.12716088
927,0.17669034,0.00014876825,-1.319434e-06,3.6910753e-28,-1.3757026e-29,-6.907488e-23,-0.021587294,0.021111343,2.7910172e-19,1.2713132e-05,-0.0007130315,0.11655404,0.0026823608,-1.0068303e-31,-7.837536e-12,0.20181626,0.00014045427,-6.0521055e-30,2.1362063e-22,-1.3724737e-29,7.3337694e-19,-2.7284106e-05,1.2929309e-08,8.222657e-30,-0.03867998,-3.1778404e-07,0.00045303954,-0.0029503265,0.1400747,-2.6811647e-29,4.7465924e-26,0.12591293
928,0.14073291,5.3610012e-05,-3.4477398e-07,3.694899e-28,-1.5672387e-29,-6.0492126e-23,-0.0155214,0.014847096,2.9378116e-19,7.720566e-06,-0.0003916903,0.09115414,0.0015344527,-1.0271014e-31,1.5402735e-11,0.1613197,1.4771125e-05,-6.1343893e-30,2.1516647e-22,-1.4065403e-29,7.4029537e-19,-1.2484961e-05,7.2137034e-09,7.568971e-30,-0.028289191,-1.6692638e-08,0.00022665109,-0.0017571673,0.11054184,-1.5887773e-29,5.155129e-26,0.09859852
929,0.16167313,9.964511e-05,-6.73318e-07,3.2767844e-28,-1.5968353e-29,-7.66174e-23,-0.019031007,0.018465087,3.0786613e-19,9.740255e-06,-0.0005590769,0.10596374,0.0021609804,-1.1688992e-31,1.39919465e-11,0.18481866,7.447926e-05,-6.2331244e-30,2.1896237e-22,-1.4769737e-29,7.8376444e-19,-1.8994928e-05,8.279052e-09,9.13404e-30,-0.03433101,-1.06930656e-07,0.0003420707,-0.0024123574,0.12776634,-1.8464751e-29,4.9891644e-26,0.11449338
930,0.21383545,0.00023248268,-1.9612435e-06,3.0076726e-28,-1.416454e-29,-8.5998044e-23,-0.027806427,0.027525377,3.0230791e-19,1.6526967e-05,-0.0010142932,0.14281006,0.0038013207,-1.1610492e-31,-1.3107557e-11,0.24353296,0.00024925184,-6.221371e-30,2.1842642e-22,-1.4921655e-29,8.050313e-19,-3.9349856e-05,1.5427442e-08,1.08157435e-29,-0.04938627,-4.9909363e-07,0.00066137244,-0.004119347,0.17061469,-2.7776622e-29,4.5008077e-26,0.15410551
931,0.464118,0.0008996637,-8.855255e-06,3.2616136e-28,2.7766493e-31,-1.5875754e-22,-0.07006253,0.071163565,1.8207564e-19,5.166169e-05,-0.0032611168,0.31961745,0.011816091,-1.0686553e-31,-1.8089236e-10,0.52542555,0.0011311551,-5.5201166e-30,2.0712292e-22,-1.1793416e-29,7.224677e-19,-0.00014333316,5.6150274e-08,1.4599337e-29,-0.12174206,-2.633493e-06,0.0022456024,-0.012448444,0.3761819,-1.1466744e-28,1.496153e-26,0.34424442
932,0.25813937,0.00036369596,-3.517076e-06,3.4077414e-28,-6.574929e-30,-4.0418478e-23,-0.035186384,0.03515209,2.6032173e-19,2.4058976e-05,-0.001438996,0.17385893,0.0052644247,-6.9568636e-32,-5.5222382e-11,0.29372394,0.00042373722,-6.1391853e-30,2.0669188e-22,-1.3621263e-29,7.0818867e-19,-6.0873477e-05,2.577507e-08,9.778878e-30,-0.06198606,-9.943863e-07,0.0009644714,-0.0056335954,0.20681217,-3.958557e-29,3.8734097e-26,0.1875946
933,0.08601226,-0.00011142169,1.6334957e-06,2.4027194e-28,-1.7990598e-29,1.3521571e-23,-0.006029371,0.0050302856,3.887807e-19,-1.5906007e-06,0.00014067604,0.052204892,-0.00032673124,-8.914462e-32,8.277584e-11,0.099784166,-0.00020639692,-6.986284e-30,2.2065323e-22,-1.7641417e-29,8.4565574e-19,1.4192694e-05,-6.0814074e-09,9.2818e-30,-0.012118645,6.19769e-07,-0.00015363656,0.0001703985,0.06541947,3.345138e-29,6.112348e-26,0.05673837
934,-0.13728684,-0.0006938466,7.6953165e-06,1.8772688e-28,-1.5336621e-29,7.972752e-23,0.031722523,-0.034004033,4.523796e-19,-3.247549e-05,0.0021136622,-0.10608891,-0.0074077197,-1.2618242e-31,2.4282537e-10,-0.15131633,-0.0009769613,-7.9580456e-30,2.3091312e-22,-1.8337199e-29,7.0421137e-19,0.00010492996,-4.295842e-08,3.677257e-30,0.052785803,2.5065276e-06,-0.0015421862,0.0075286254,-0.118359275,4.6478973e-29,7.8639565e-26,-0.11341226
935,0.038514897,-0.00022062613,2.6541315e-06,2.536192e-28,-1.5701689e-29,1.83378e-23,0.0017915312,-0.003062103,3.6390025e-19,-7.1089235e-06,0.0005240324,0.01861842,-0.0017366735,-1.0166691e-31,1.0417716e-10,0.04640083,-0.00035033555,-6.9930095e-30,2.1935453e-22,-1.5986705e-29,7.2991803e-19,3.0650444e-05,-1.1741225e-08,6.79892e-30,0.0014792457,9.2789173e-07,-0.0004206763,0.001637802,0.026369713,1.27495e-29,6.479674e-26,0.020623453
936,0.08549684,-9.498536e-05,1.2305863e-06,3.4794346e-28,-1.5738612e-29,-3.554322e-23,-0.0061097033,0.005118955,3.2345101e-19,-2.1139931e-07,0.00010763155,0.051967695,-0.00024823844,-1.0580639e-31,5.857395e-11,0.09920642,-0.00018200732,-6.449091e-30,2.1815546e-22,-1.4893832e-29,7.358433e-19,1.07902815e-05,-2.4715412e-09,6.6276335e-30,-0.012161851,4.7601338e-07,-0.00012560026,9.484403e-05,0.065064885,-2.0682381e-30,5.633564e-26,0.05648487
937,0.3635915,0.0006474548,-6.532603e-06,3.6293004e-28,-4.3210315e-30,-4.947742e-23,-0.05304831,0.05361328,2.1408786e-19,3.929043e-05,-0.0023919726,0.24849705,0.00865635,-4.125676e-32,-1.3447257e-10,0.41244498,0.0007991111,-5.74031e-30,1.9790584e-22,-1.252726e-29,7.085267e-19,-0.000105494146,4.435267e-08,1.1595706e-29,-0.092601664,-1.9365928e-06,0.0016368804,-0.009156696,0.29351196,-5.5955926e-29,3.0097934e-26,0.26785383
938,0.2521047,0.000367389,-3.8127037e-06,4.7021493e-28,-5.7254467e-30,-1.1356161e-22,-0.034413453,0.03436164,1.8518126e-19,2.478778e-05,-0.0014269361,0.16983758,0.0051832264,-9.940782e-32,-8.043877e-11,0.28685132,0.00043179467,-5.4451908e-30,2.057025e-22,-1.0392899e-29,5.9451756e-19,-6.230076e-05,2.8893158e-08,6.762839e-30,-0.06055493,-1.1078132e-06,0.0009611605,-0.0055428697,0.20200193,-8.155871e-29,3.3987447e-26,0.18324634
939,0.9226111,0.002181159,-2.2986389e-05,6.4043493e-28,3.5917495e-29,-2.363502e-22,-0.14763148,0.15130764,-1.858514e-19,0.0001215853,-0.0075018187,0.64341235,0.026765592,-1.7754784e-33,-5.6475435e-10,1.042341,0.002832031,-3.270878e-30,1.5833121e-22,-1.4656026e-31,2.6359785e-19,-0.00034706778,1.4489999e-07,1.3912218e-29,-0.25436658,-7.0778906e-06,0.0052515017,-0.027959552,0.75260884,-3.0409615e-28,-4.545472e-26,0.6926422
940,0.5144249,0.0010446063,-1.04621995e-05,4.0671524e-28,6.3866214e-30,-2.3536807e-22,-0.07867645,0.08005442,1.0532734e-19,5.944551e-05,-0.0037353886,0.35521936,0.0134886755,-1.4001075e-31,-2.2770305e-10,0.5820676,0.0013245794,-4.9914736e-30,2.0666129e-22,-8.914239e-30,6.098445e-19,-0.0001662045,6.601721e-08,1.3358656e-29,-0.13640362,-3.1393586e-06,0.002583001,-0.014183815,0.41753915,-1.7336282e-28,2.8292558e-27,0.38251927
941,0.9862969,0.002274926,-2.2807339e-05,3.0766574e-28,2.8040923e-29,-3.366933e-22,-0.158192,0.16216296,-3.0978896e-20,0.00012335407,-0.007913591,0.6885404,0.028464247,-1.2002186e-31,-5.0925725e-10,1.1133927,0.0029471496,-4.2974403e-30,1.9246396e-22,-6.759703e-30,6.309255e-19,-0.00035647754,1.3699004e-07,2.4543031e-29,-0.27269563,-6.9328908e-06,0.005521616,-0.02975674,0.80512077,-2.9274937e-28,-4.6968174e-26,0.7409247
942,1.035188,0.002425508,-2.4566905e-05,4.540245e-28,3.6859732e-29,-4.684112e-22,-0.16667233,0.17091152,-1.5309459e-19,0.00013156248,-0.008394817,0.723198,0.030145116,-1.8433573e-31,-5.664824e-10,1.1684226,0.0031496293,-3.4332064e-30,1.937586e-22,-1.9263783e-30,4.348163e-19,-0.00038046695,1.4807662e-07,2.1553651e-29,-0.2870513,-7.4932077e-06,0.0058665182,-0.03149829,0.84534895,-3.8726294e-28,-6.427544e-26,0.7781736
943,0.924502,0.0021081693,-2.0900576e-05,3.5613009e-28,3.0316638e-29,-5.058814e-22,-0.1479412,0.1515395,-6.408504e-20,0.00011367795,-0.00735377,0.64499736,0.026504863,-2.598308e-31,-4.6004756e-10,1.0435487,0.0027278473,-4.0326137e-30,2.145547e-22,-4.6442537e-30,5.375975e-19,-0.00032914334,1.2382195e-07,2.208054e-29,-0.2550023,-6.326578e-06,0.005126741,-0.027725868,0.75447303,-3.6858734e-28,-5.410241e-26,0.6939913
944,0.06431578,-0.00015231676,2.2174363e-06,2.3385356e-28,-3.806146e-30,-1.2565754e-22,-0.002717469,0.0015362613,3.0184767e-19,-4.5696506e-06,0.00028925622,0.03670217,-0.0008748304,-2.2440356e-31,1.0695035e-10,0.0754078,-0.0002608113,-6.9135085e-30,2.3497193e-22,-1.3145203e-29,5.651123e-19,2.1426218e-05,-1.173472e-08,6.055265e-30,-0.0059941597,8.1764983e-07,-0.0002559371,0.0007344489,0.047494,-9.5766644e-29,4.8680203e-26,0.039996304
945,-0.32503545,-0.0011767487,1.2631968e-05,1.9206773e-28,-2.310641e-29,6.848306e-23,0.06303686,-0.06636478,4.799854e-19,-5.7923815e-05,0.003753031,-0.23853235,-0.013282474,-1.832934e-31,3.5774309e-10,-0.3628527,-0.0016148733,-8.148985e-30,2.412888e-22,-1.7638845e-29,6.314671e-19,0.00018002905,-7.2152595e-08,-8.089169e-31,0.10667087,4.0295936e-06,-0.0026953802,0.013633497,-0.27244636,5.2948605e-29,9.841836e-26,-0.25591233
946,-0.32158923,-0.0011719591,1.260803e-05,1.8868064e-28,-1.8733399e-29,8.91677e-23,0.06268535,-0.06600545,4.8898167e-19,-5.7716352e-05,0.0037357938,-0.23638251,-0.013221767,-1.7314636e-31,3.6277426e-10,-0.3588007,-0.001608522,-8.3579905e-30,2.4101627e-22,-1.8208894e-29,6.181523e-19,0.00017934092,-7.2299926e-08,-9.958623e-31,0.106010295,4.027231e-06,-0.0026833527,0.013571028,-0.26980415,5.4951313e-29,9.467414e-26,-0.25353456
947,-0.0012794435,-0.000337469,4.00909e-06,2.588231e-28,-1.8689548e-29,-4.6622235e-23,0.008523244,-0.010021746,3.8362517e-19,-1.3800112e-05,0.00090731436,-0.009405106,-0.0030624308,-1.5761491e-31,1.4038946e-10,0.0013952702,-0.00050464517,-6.985806e-30,2.3170016e-22,-1.6513306e-29,7.713874e-19,4.978926e-05,-2.0809614e-08,6.6283926e-30,0.012957081,1.3590738e-06,-0.00069297984,0.0030116802,-0.006232105,5.5661963e-30,6.482235e-26,-0.009568803
948,0.23956314,0.00030033855,-2.618207e-06,3.005045e-28,-9.5654576e-30,-1.0885306e-22,-0.032109875,0.03195897,2.8341744e-19,1.9933712e-05,-0.0012431759,0.16087423,0.0046196403,-1.3185645e-31,-2.5513147e-11,0.27255833,0.0003388765,-6.2064943e-30,2.1974855e-22,-1.4300304e-29,7.6342717e-19,-4.971124e-05,1.8840925e-08,1.0867436e-29,-0.056727663,-6.9746034e-07,0.00082274317,-0.0049706353,0.19167632,-5.2783065e-29,3.8694114e-26,0.1735408
949,0.24216789,0.0003113391,-2.8124196e-06,3.2532732e-28,-1.1622256e-29,-1.0929896e-22,-0.032622207,0.032497857,2.7402855e-19,2.074171e-05,-0.0012756169,0.16284041,0.004726897,-1.2302865e-31,-3.61626e-11,0.27544388,0.0003540197,-6.0344414e-30,2.173436e-22,-1.3940734e-29,7.6867816e-19,-5.1750576e-05,2.0602332e-08,1.0661064e-29,-0.057608113,-7.65413e-07,0.00084654265,-0.005080266,0.19389367,-4.833761e-29,3.997604e-26,0.17564511
950,0.12259111,-1.3397075e-06,3.1610125e-07,3.348551e-28,-1.7910601e-29,-5.2638965e-23,-0.012430865,0.011652604,3.217985e-19,4.5882225e-06,-0.00021499698,0.07834047,0.0009224545,-1.0748238e-31,3.597636e-11,0.1408416,-5.8698817e-05,-6.316333e-30,2.1819986e-22,-1.5081912e-29,7.849846e-19,-3.5249832e-06,2.7890898e-09,8.213005e-30,-0.023024946,1.95148e-07,0.00010029541,-0.0011237217,0.09565105,-2.1957106e-30,5.487199e-26,0.08480277
951,0.14262557,5.740847e-05,-3.6638812e-07,3.6327606e-28,-1.5794013e-29,-5.950986e-23,-0.015835773,0.015171327,2.9666957e-19,7.875955e-06,-0.00040608365,0.092491716,0.001589234,-1.0321388e-31,1.5736135e-11,0.16344294,1.9631698e-05,-6.1551435e-30,2.153324e-22,-1.4198172e-29,7.4724725e-19,-1.3002871e-05,7.2448287e-09,7.777888e-30,-0.02883289,-2.2024778e-08,0.00023646106,-0.0018145721,0.112098254,-1.4930886e-29,5.1535198e-26,0.10003399
952,0.18164325,0.00015994592,-1.4028692e-06,3.611744e-28,-1.3740025e-29,-7.4114643e-23,-0.022420924,0.021970648,2.8105467e-19,1.32095665e-05,-0.0007532411,0.120058924,0.0028322646,-1.04985e-31,-8.509943e-12,0.20737359,0.00015500817,-6.0653297e-30,2.1447053e-22,-1.3832628e-29,7.4115817e-19,-2.887565e-05,1.3224632e-08,8.5435396e-30,-0.040112652,-3.4111576e-07,0.00048085232,-0.003107002,0.14414999,-2.847417e-29,4.6898006e-26,0.12967426
953,0.2118854,0.00023884216,-2.1934466e-06,3.5599628e-28,-1.2290772e-29,-8.3518257e-23,-0.027520206,0.02723581,2.7129526e-19,1.729967e-05,-0.0010211028,0.14142396,0.0037926557,-1.0542439e-31,-2.6587899e-11,0.2414226,0.000259083,-6.0125468e-30,2.138593e-22,-1.3648131e-29,7.4084415e-19,-4.1064945e-05,1.7753148e-08,9.232161e-30,-0.048851028,-5.8395585e-07,0.0006692624,-0.004105742,0.16899201,-3.7426518e-29,4.3536016e-26,0.15264574
954,0.22243574,0.00026157167,-2.3476596e-06,3.326374e-28,-1.2516826e-29,-9.1478564e-23,-0.029286455,0.029056381,2.7986064e-19,1.8276049e-05,-0.0011044589,0.14888562,0.0041061183,-1.1285271e-31,-2.6706193e-11,0.25325897,0.00028849358,-6.071322e-30,2.1590106e-22,-1.40583e-29,7.655276e-19,-4.424477e-05,1.8186388e-08,1.0091438e-29,-0.05189362,-6.2540175e-07,0.0007266002,-0.004433738,0.17767096,-3.828742e-29,4.2752958e-26,0.16065305
955,0.2667419,0.00038343197,-3.6594092e-06,3.5596453e-28,-9.2716916e-30,-1.0593395e-22,-0.036783326,0.03680003,2.474049e-19,2.4827004e-05,-0.0015100858,0.18018435,0.005542733,-1.0924237e-31,-6.1189054e-11,0.30318567,0.00045005244,-5.8711918e-30,2.126206e-22,-1.3047267e-29,7.2855654e-19,-6.345919e-05,2.6227337e-08,1.02366126e-29,-0.06471445,-1.0356096e-06,0.001013614,-0.005925252,0.21405646,-5.811067e-29,3.673916e-26,0.19432047
956,0.24071279,0.0003156609,-2.9692646e-06,3.6763058e-28,-1.0119185e-29,-1.1599514e-22,-0.032417182,0.032289017,2.491267e-19,2.1246586e-05,-0.0012797762,0.16181545,0.0047198543,-1.2131448e-31,-4.558659e-11,0.27385342,0.00036080857,-5.8619304e-30,2.1488266e-22,-1.2902221e-29,7.1827293e-19,-5.288666e-05,2.2138448e-08,9.4746756e-30,-0.05721911,-8.2268457e-07,0.0008516812,-0.005069877,0.192691,-5.9346863e-29,3.8385284e-26,0.1745595
957,0.18310788,0.0001656735,-1.4613324e-06,3.8364457e-28,-1.2563276e-29,-1.1154313e-22,-0.02272112,0.022275578,2.6224518e-19,1.3430599e-05,-0.0007701339,0.12113346,0.0028940728,-1.292674e-31,-1.1378523e-11,0.20897958,0.00016309088,-5.9194585e-30,2.1733605e-22,-1.3012185e-29,7.1010074e-19,-2.9653405e-05,1.3420259e-08,8.009221e-30,-0.04059314,-3.5906373e-07,0.00049330667,-0.003171374,0.145383,-4.8852435e-29,4.3877125e-26,0.1308114
958,0.08483295,-9.61895e-05,1.2513619e-06,3.7838938e-28,-1.7972482e-29,-9.4475004e-23,-0.006143838,0.005154304,3.051092e-19,-4.0193845e-07,0.0001118877,0.05172184,-0.00025044568,-1.408781e-31,5.4504803e-11,0.09827572,-0.00018294627,-6.1593395e-30,2.2284361e-22,-1.4043329e-29,7.35627e-19,1.1223623e-05,-2.6879157e-09,6.4142405e-30,-0.01219897,4.8135394e-07,-0.00012855895,9.624427e-05,0.06467607,-2.0482337e-29,5.488769e-26,0.056159057
959,0.115229905,-1.0879594e-05,2.9006696e-07,3.9301793e-28,-1.6003375e-29,-7.788494e-23,-0.011260804,0.010444824,2.8735096e-19,4.3528416e-06,-0.00017004414,0.07316424,0.0007385304,-1.1842573e-31,2.8344299e-11,0.13258192,-6.9843954e-05,-6.0664965e-30,2.1736448e-22,-1.3579178e-29,7.150813e-19,-2.493638e-06,3.5441765e-09,6.501163e-30,-0.020961717,1.7746015e-07,7.133931e-05,-0.0009292383,0.089612104,-2.2749139e-29,5.231553e-26,0.07924526
960,0.1446102,5.861401e-05,-3.2200933e-07,3.4301169e-28,-1.6431232e-29,-5.897768e-23,-0.016152237,0.015496392,3.0789772e-19,7.795439e-06,-0.0004152991,0.09389369,0.0016332753,-1.0514844e-31,1.9592689e-11,0.16565192,2.0701555e-05,-6.2324417e-30,2.1678122e-22,-1.4671638e-29,7.709165e-19,-1.2951314e-05,6.6661734e-09,8.379324e-30,-0.029392608,-3.85603e-09,0.00024186575,-0.0018619075,0.11373327,-1.0762921e-29,5.211654e-26,0.10153242
961,0.12342101,3.1178351e-06,2.3313942e-07,3.4362912e-28,-1.7601685e-29,-4.7175296e-23,-0.012571517,0.011799935,3.1725458e-19,4.9326627e-06,-0.0002271675,0.07891801,0.000958357,-1.011617e-31,3.2462102e-11,0.14180255,-5.2575604e-05,-6.2893417e-30,2.168061e-22,-1.4912944e-29,7.753036e-19,-4.3980035e-06,3.5131933e-09,7.9691535e-30,-0.023261324,1.6658146e-07,0.00010947138,-0.0011599995,0.09632287,-1.6227525e-30,5.4880055e-26,0.085433684
962,0.08243087,-0.000108935405,1.4307243e-06,3.2584693e-28,-2.0457726e-29,-3.5043316e-23,-0.005639985,0.004640367,3.448835e-19,-1.0713666e-06,0.00014666095,0.04996282,-0.0003673099,-1.0483586e-31,6.350179e-11,0.095615566,-0.00020104006,-6.457755e-30,2.1969817e-22,-1.5748973e-29,8.0483516e-19,1.3236822e-05,-3.7860666e-09,7.732067e-30,-0.011403672,5.404479e-07,-0.00015486032,0.00021656323,0.06266066,1.5420975e-29,6.0249597e-26,0.054288156
963,0.11352861,-1.9314815e-05,4.1392286e-07,3.6452009e-28,-1.7329984e-29,-5.1983296e-23,-0.010925721,0.010101002,3.082453e-19,3.8684193e-06,-0.00014661415,0.0719354,0.0006612269,-1.0350679e-31,3.4143438e-11,0.13067797,-8.16799e-05,-6.2204178e-30,2.1650453e-22,-1.4463346e-29,7.519537e-19,-1.0992735e-06,2.7056117e-09,7.2187646e-30,-0.020422116,2.1860319e-07,5.374034e-05,-0.00084983837,0.088197716,-5.709287e-30,5.49385e-26,0.077930145
964,0.050373808,-0.0001941406,2.3135758e-06,3.269214e-28,-2.2089933e-29,-3.4352283e-23,-0.00023888424,-0.0009386577,3.565961e-19,-5.5826185e-06,0.00043394498,0.02732566,-0.0013912907,-1.1168941e-31,8.4766985e-11,0.05949886,-0.0003135713,-6.518307e-30,2.2190955e-22,-1.598493e-29,8.093009e-19,2.6552421e-05,-9.0481755e-09,7.1397894e-30,-0.0021483377,8.1399367e-07,-0.00035734265,0.0012806063,0.03633783,2.2163135e-29,6.348725e-26,0.0299396
965,0.14460036,5.793164e-05,-3.0000592e-07,3.4273517e-28,-1.6386552e-29,-6.696746e-23,-0.01615753,0.015500225,3.0696282e-19,7.703835e-06,-0.00041380385,0.093895555,0.0016312003,-1.1116536e-31,2.0523958e-11,0.16562429,1.9778381e-05,-6.2220714e-30,2.1781588e-22,-1.4620165e-29,7.7024965e-19,-1.2756638e-05,6.420148e-09,8.398799e-30,-0.029398732,4.143658e-09,0.00024064921,-0.0018601939,0.113733135,-1.3998959e-29,5.1666343e-26,0.10152794
966,0.13902563,4.6856992e-05,-2.473189e-07,3.5679624e-28,-1.626354e-29,-5.502887e-23,-0.015218087,0.014533583,3.0259774e-19,7.30373e-06,-0.0003717395,0.08994354,0.0014685662,-1.0098482e-31,1.9293123e-11,0.15938896,5.5310084e-06,-6.1957674e-30,2.156212e-22,-1.4420903e-29,7.561716e-19,-1.1328484e-05,6.5008052e-09,7.8853274e-30,-0.027782299,1.5622845e-08,0.00021198834,-0.0016894471,0.1091386,-1.0673835e-29,5.2473166e-26,0.097294204
967,0.13155621,2.406037e-05,2.9295734e-08,3.4181715e-28,-1.720482e-29,-5.2435834e-23,-0.013945434,0.013217993,3.1450746e-19,5.9971353e-06,-0.00029862812,0.08466838,0.0012158519,-1.0333463e-31,2.7990138e-11,0.1509557,-2.4965266e-05,-6.2729434e-30,2.170182e-22,-1.4853882e-29,7.7538246e-19,-7.599745e-06,4.6352966e-09,8.1723324e-30,-0.025615014,1.0445592e-07,0.00015966303,-0.0014279485,0.10300837,-5.025034e-30,5.3852514e-26,0.091614075
968,0.036414668,-0.00023214877,2.7373612e-06,3.0979806e-28,-1.9436035e-29,-1.6141897e-23,0.0022146236,-0.0034808367,3.6628483e-19,-7.659188e-06,0.0005615958,0.017277434,-0.0018510083,-1.09896e-31,9.9943165e-11,0.043896496,-0.000364153,-6.7319986e-30,2.2239796e-22,-1.629944e-29,7.874562e-19,3.2535718e-05,-1.1879134e-08,6.753329e-30,0.002065327,9.4964946e-07,-0.0004473707,0.0017580683,0.024747841,2.2515984e-29,6.332962e-26,0.019168235
969,0.076991394,-0.0001226688,1.5725686e-06,3.261798e-28,-1.9113952e-29,-3.2665452e-23,-0.0046935044,0.0036594123,3.44309e-19,-1.8021346e-06,0.0001941584,0.046051368,-0.00054065883,-1.0646572e-31,6.809586e-11,0.089536816,-0.00021915504,-6.506792e-30,2.1966174e-22,-1.5672309e-29,7.8728073e-19,1.5362239e-05,-4.700741e-09,7.428145e-30,-0.009770602,5.851857e-07,-0.00018806255,0.00039692037,0.058146395,1.1981222e-29,5.9566135e-26,0.050095268
970,0.05653079,-0.00017618475,2.1278156e-06,3.270127e-28,-1.8176472e-29,-3.0222148e-23,-0.0012101345,5.705282e-05,3.4767683e-19,-4.644873e-06,0.00037602324,0.031516775,-0.0011936836,-1.1203918e-31,8.2952284e-11,0.066544995,-0.0002898067,-6.5930706e-30,2.212355e-22,-1.5670665e-29,7.6776046e-19,2.3707187e-05,-8.107133e-09,6.722021e-30,-0.003786981,7.5826426e-07,-0.0003159115,0.0010757381,0.04128725,1.08004045e-29,6.03378e-26,0.034478836
971,0.09343949,-7.801055e-05,1.0910817e-06,3.359229e-28,-1.9473631e-29,-4.239767e-23,-0.007509019,0.0065707564,3.3390236e-19,6.0216917e-07,4.4524204e-05,0.057742536,-6.8061054e-06,-1.05571e-31,5.4143093e-11,0.10802066,-0.00015993905,-6.386783e-30,2.1892778e-22,-1.537386e-29,7.9028484e-19,8.340947e-06,-1.6792328e-09,7.6595626e-30,-0.014595285,4.337387e-07,-8.2415994e-05,-0.00015753508,0.07170289,8.382267e-30,5.8465686e-26,0.062656395
972,0.009322181,-0.00029784613,3.3254455e-06,3.607849e-28,-2.2716163e-29,-5.108434e-23,0.0066361446,-0.0080407,3.4992555e-19,-1.0950618e-05,0.0007905081,-0.0016513243,-0.0026742597,-1.2893568e-31,1.0549797e-10,0.013262659,-0.00044972188,-6.4451215e-30,2.243548e-22,-1.5372683e-29,7.7318743e-19,4.2543958e-05,-1.48059875e-08,5.489068e-30,0.009668291,1.1227598e-06,-0.0006071748,0.0026154686,0.0026331022,1.633981e-29,6.539241e-26,-0.0012247935
973,0.27640024,0.00042903394,-4.4275894e-06,4.4702404e-28,-5.6192045e-30,-9.137964e-23,-0.03846908,0.038553495,1.9280714e-19,2.8040264e-05,-0.0016385685,0.18697558,0.005941742,-8.0188675e-32,-9.326867e-11,0.3142347,0.00051266735,-5.5178168e-30,2.0294513e-22,-1.0926649e-29,6.2172756e-19,-7.190134e-05,3.2522745e-08,7.8158435e-30,-0.06753384,-1.2966077e-06,0.0011094972,-0.0063316673,0.22193947,-7.209877e-29,3.372426e-26,0.20168611
974,0.102999225,-4.436396e-05,6.660557e-07,3.9617982e-28,-1.6364767e-29,-9.8159136e-23,-0.009222142,0.008335199,2.8733713e-19,2.4604124e-06,-5.83434e-05,0.064551204,0.00034690276,-1.3630666e-31,3.7960537e-11,0.11876336,-0.00011403032,-6.048372e-30,2.2055789e-22,-1.345077e-29,7.110775e-19,2.9267612e-06,1.0588579e-09,6.234551e-30,-0.017457455,2.962613e-07,-7.6214783e-06,-0.0005231546,0.07958952,-2.9327363e-29,5.224324e-26,0.06996555
975,0.3757943,0.00068678515,-6.9748767e-06,4.285233e-28,-7.7410347e-31,-1.3750806e-22,-0.055244338,0.055871043,1.5917891e-19,4.127341e-05,-0.0025156643,0.25721484,0.009094062,-9.487233e-32,-1.5046892e-10,0.42610255,0.00085261173,-5.3250172e-30,2.028611e-22,-1.0228855e-29,6.2037445e-19,-0.00011151855,4.6840068e-08,1.0151429e-29,-0.09627462,-2.0761743e-06,0.0017260313,-0.009610872,0.30360413,-1.0825505e-28,2.1677423e-26,0.2771917
976,0.33028072,0.0005434433,-5.152555e-06,3.2980852e-28,-6.5132814e-30,-1.5913155e-22,-0.047519285,0.047876816,2.307088e-19,3.2759428e-05,-0.0020607356,0.22511588,0.0075399606,-1.396753e-31,-9.136225e-11,0.374626,0.00066067046,-5.768286e-30,2.1667278e-22,-1.2758576e-29,7.4162036e-19,-8.759807e-05,3.399622e-08,1.218588e-29,-0.08310988,-1.4853374e-06,0.0013994176,-0.008005335,0.26629174,-8.839447e-29,2.8086024e-26,0.24259314
977,0.45903277,0.0008868832,-8.700239e-06,3.4627657e-28,1.0824298e-30,-2.030849e-22,-0.06926516,0.070333004,1.6603942e-19,5.0829538e-05,-0.0032170052,0.3160767,0.0116650155,-1.3902702e-31,-1.7789792e-10,0.5196316,0.0011147168,-5.3852165e-30,2.1142902e-22,-1.10233286e-29,6.9444025e-19,-0.0001411013,5.4921518e-08,1.4047835e-29,-0.12034046,-2.583601e-06,0.0022147724,-0.012292226,0.37204596,-1.3637151e-28,1.2177245e-26,0.34040943
978,0.3764034,0.0006722728,-6.5557997e-06,3.6406964e-28,-1.7448354e-30,-1.8051609e-22,-0.055319194,0.055931073,1.8844741e-19,3.9710914e-05,-0.0024869489,0.25766087,0.009043983,-1.3969661e-31,-1.2853058e-10,0.42663106,0.00083171576,-5.5352957e-30,2.1326295e-22,-1.1349826e-29,6.796864e-19,-0.000107974025,4.2617092e-08,1.1929335e-29,-0.0964311,-1.9248707e-06,0.001701578,-0.00956626,0.30414286,-1.1651749e-28,2.0461049e-26,0.27760974
979,0.039171934,-0.00023311979,2.9566295e-06,2.9832696e-28,-1.5852466e-29,-1.0902035e-22,0.0017236378,-0.003000658,3.5269304e-19,-8.471843e-06,0.00055506604,0.019203365,-0.0017904318,-1.8681125e-31,1.136231e-10,0.046877548,-0.00036585785,-6.703438e-30,2.3499927e-22,-1.5600315e-29,7.5403655e-19,3.3846845e-05,-1.488506e-08,6.849213e-30,0.0012766197,1.0356229e-06,-0.00044469815,0.0016894476,0.027024157,-2.4960865e-29,5.5566684e-26,0.021180741
980,0.01575321,-0.00028377428,3.2382736e-06,3.3429339e-28,-1.9742183e-29,-3.5776824e-23,0.005652381,-0.007032817,3.5769484e-19,-1.0346495e-05,0.00073982903,0.0027195811,-0.0024915878,-1.2542835e-31,1.09369014e-10,0.020603836,-0.00043175567,-6.6417176e-30,2.2441952e-22,-1.5759354e-29,7.630389e-19,4.0521634e-05,-1.4740863e-08,5.7822334e-30,0.007982366,1.1021273e-06,-0.00057209516,0.0024245512,0.007802613,1.4505882e-29,6.363826e-26,0.0035035685
981,-0.020842373,-0.0003764396,4.187225e-06,3.1902343e-28,-2.081965e-29,-2.238385e-23,0.011741217,-0.013327729,3.655465e-19,-1.5208867e-05,0.0010546639,-0.023125,-0.003625648,-1.2919288e-31,1.3270988e-10,-0.02059199,-0.00055456214,-6.7559215e-30,2.2500731e-22,-1.5677849e-29,7.4174836e-19,5.4860877e-05,-2.035667e-08,5.002692e-30,0.018487565,1.3951432e-06,-0.0007935349,0.0036028465,-0.022254162,1.7865281e-29,6.864478e-26,-0.024298228
982,0.027415633,-0.00025148405,2.877623e-06,3.4043585e-28,-1.97037e-29,-3.340658e-23,0.0036718156,-0.004984027,3.5153398e-19,-8.558745e-06,0.0006324656,0.01098302,-0.0021123057,-1.1863942e-31,9.9020306e-11,0.0337376,-0.00038894406,-6.581098e-30,2.227059e-22,-1.560201e-29,7.6271564e-19,3.536079e-05,-1.2395645e-08,5.918671e-30,0.004586909,9.879682e-07,-0.00049611984,0.002031059,0.01739525,1.4407497e-29,6.300349e-26,0.012391679
983,0.12098855,-2.7439091e-06,2.9951389e-07,3.5377544e-28,-1.7205823e-29,-6.690943e-23,-0.012188431,0.011401363,3.0962988e-19,4.565696e-06,-0.00020659389,0.07722181,0.0008868845,-1.1487258e-31,3.354296e-11,0.13903612,-6.0090213e-05,-6.225615e-30,2.1871584e-22,-1.4547325e-29,7.6173667e-19,-3.398105e-06,3.0085765e-09,7.6739175e-30,-0.022588499,1.8763762e-07,9.516126e-05,-0.0010859491,0.09434218,-1.1301664e-29,5.3651373e-26,0.0835985
984,0.12463212,9.4647985e-06,1.3069621e-07,3.6276345e-28,-1.676372e-29,-5.8083185e-23,-0.012801398,0.012037147,3.0416455e-19,5.3403055e-06,-0.0002445737,0.07978362,0.0010135714,-1.0598559e-31,2.7793434e-11,0.14317277,-4.371564e-05,-6.1958927e-30,2.1658253e-22,-1.4369192e-29,7.513811e-19,-5.51407e-06,4.286264e-09,7.47269e-30,-0.023634866,1.3202134e-07,0.00012259453,-0.0012163976,0.09732198,-1.0282576e-29,5.349389e-26,0.086365946
985,0.11411452,-1.7744256e-05,3.9746874e-07,3.6435487e-28,-1.7300877e-29,-5.1187452e-23,-0.0110245645,0.010203227,3.0816598e-19,3.952635e-06,-0.00015191222,0.072349355,0.00068004895,-1.0316752e-31,3.374802e-11,0.13133818,-7.9606485e-05,-6.220277e-30,2.1634135e-22,-1.4464619e-29,7.5213165e-19,-1.3464814e-06,2.8067149e-09,7.2338696e-30,-0.020591602,2.1348205e-07,5.747378e-05,-0.0008693831,0.08867893,-5.632003e-30,5.4873017e-26,0.07837545
986,0.0989345,-5.672901e-05,7.878466e-07,3.7427718e-28,-1.7670176e-29,-5.823894e-23,-0.008482333,0.0075766854,3.0714648e-19,1.9068102e-06,-1.873402e-05,0.06163816,0.0002029622,-1.1080816e-31,4.2182147e-11,0.114233255,-0.00013086211,-6.2004604e-30,2.1754694e-22,-1.4295218e-29,7.423124e-19,4.7115755e-06,5.252616e-10,6.704082e-30,-0.016224101,3.3340143e-07,-3.6017736e-05,-0.00037327688,0.07621924,-7.580785e-30,5.562343e-26,0.06685298
987,0.124958694,1.0571268e-05,1.1339125e-07,3.625943e-28,-1.677797e-29,-5.4384184e-23,-0.012853168,0.01209135,3.0459507e-19,5.4215125e-06,-0.00024801795,0.08001037,0.0010245536,-1.0328479e-31,2.7236255e-11,0.1435476,-4.2251486e-05,-6.201046e-30,2.1607448e-22,-1.4396501e-29,7.5184746e-19,-5.7227226e-06,4.436142e-09,7.479475e-30,-0.0237251,1.2619353e-07,0.00012507918,-0.0012276331,0.0975867,-8.8296606e-30,5.366908e-26,0.086612575
988,0.113474995,-2.4531444e-05,5.409993e-07,3.4002698e-28,-1.820132e-29,-5.2603773e-23,-0.010898013,0.010069851,3.224469e-19,3.4016266e-06,-0.00013547624,0.07190162,0.00063596386,-1.0810986e-31,4.06825e-11,0.13057956,-8.920272e-05,-6.315392e-30,2.185193e-22,-1.5038597e-29,7.807986e-19,3.1322998e-08,1.536975e-09,7.905584e-30,-0.020394593,2.6364137e-07,4.4527464e-05,-0.00082559884,0.088163115,-1.0085674e-30,5.5690683e-26,0.077880226
989,0.124569535,5.0842646e-06,2.3276289e-07,3.4055372e-28,-1.7599929e-29,-5.3613537e-23,-0.012768511,0.012001906,3.1777467e-19,4.9717382e-06,-0.00023516337,0.07973662,0.0009910418,-1.0611072e-31,3.316475e-11,0.1430791,-5.0067494e-05,-6.2899217e-30,2.1780672e-22,-1.4930531e-29,7.7810326e-19,-4.60069e-06,3.3789433e-09,8.0856896e-30,-0.023598894,1.6803392e-07,0.00011482439,-0.0011945358,0.09727345,-3.8203168e-30,5.450959e-26,0.08630749
990,0.14654195,6.270991e-05,-3.4727782e-07,3.3914695e-28,-1.6434555e-29,-6.258091e-23,-0.016477723,0.015831541,3.0913063e-19,7.960618e-06,-0.00043041608,0.095262066,0.0016906857,-1.0787011e-31,1.9677648e-11,0.16781572,2.6006717e-05,-6.238604e-30,2.1742784e-22,-1.4722696e-29,7.750672e-19,-1.3507517e-05,6.70752e-09,8.526465e-30,-0.029952183,-1.0332542e-08,0.00025224686,-0.0019220496,0.11532421,-1.188427e-29,5.1815195e-26,0.1029995
991,0.1676377,0.00012335501,-1.0363547e-06,3.6302179e-28,-1.4436688e-29,-6.951222e-23,-0.020057648,0.019530587,2.8609272e-19,1.1315187e-05,-0.0006290667,0.11016311,0.0023870012,-1.0410145e-31,-9.307832e-14,0.19160634,0.00010672526,-6.0933234e-30,2.1486446e-22,-1.3938304e-29,7.4226773e-19,-2.3226086e-05,1.112927e-08,8.236273e-30,-0.036063813,-2.2853874e-07,0.00039349683,-0.0026439568,0.13264427,-2.3846443e-29,4.8568166e-26,0.11903494
992,0.075554565,-0.00012222846,1.522285e-06,3.627237e-28,-1.921581e-29,-6.8940094e-23,-0.0045435578,0.0035047568,3.2136766e-19,-1.7288658e-06,0.00019787555,0.045142427,-0.0005576797,-1.2614275e-31,6.21123e-11,0.08785157,-0.00021770573,-6.2769e-30,2.2158565e-22,-1.4678665e-29,7.588478e-19,1.5220117e-05,-4.208161e-09,6.6438324e-30,-0.009480424,5.6532144e-07,-0.00018957176,0.000415551,0.057036825,-4.7108788e-30,5.784141e-26,0.04909464
993,0.08685422,-9.314914e-05,1.2275805e-06,3.5421403e-28,-1.9010778e-29,-5.953949e-23,-0.0064316355,0.00545612,3.2326973e-19,-1.857079e-07,9.859889e-05,0.053111494,-0.00020288303,-1.1779005e-31,5.571768e-11,0.10059014,-0.00017949473,-6.3016033e-30,2.2021942e-22,-1.4859264e-29,7.678196e-19,1.0674761e-05,-2.4506477e-09,7.065434e-30,-0.012726538,4.7449544e-07,-0.0001198696,4.672073e-05,0.06630816,-1.4389224e-30,5.751253e-26,0.05766978
994,0.10279095,-5.2340387e-05,8.1936287e-07,3.425138e-28,-1.8682038e-29,-5.0106226e-23,-0.009097889,0.00821105,3.2535283e-19,1.9588006e-06,-4.0975632e-05,0.0643547,0.00029712263,-1.0855117e-31,4.699606e-11,0.118549705,-0.00012587116,-6.330163e-30,2.1879589e-22,-1.5081359e-29,7.799231e-19,4.329275e-06,-5.975309e-11,7.654529e-30,-0.01730892,3.4912455e-07,-2.1924148e-05,-0.0004732199,0.07938757,1.651503e-30,5.6934286e-26,0.06976541
995,0.101226,-5.5834942e-05,8.4264593e-07,3.4410508e-28,-1.8745741e-29,-4.540767e-23,-0.008830901,0.00793634,3.2568774e-19,1.8173159e-06,-2.8357841e-05,0.063243896,0.0002494175,-1.0505071e-31,4.7126025e-11,0.1167987,-0.00013043889,-6.334039e-30,2.1819004e-22,-1.5091399e-29,7.7887177e-19,4.8056754e-06,-1.07426956e-10,7.569236e-30,-0.016852066,3.5532435e-07,-3.0645402e-05,-0.0004232796,0.07809713,3.616391e-30,5.723184e-26,0.068575315
996,0.06971544,-0.00014360732,1.8023356e-06,3.2191346e-28,-2.1259882e-29,-3.4569068e-23,-0.003494043,0.0024233647,3.5210817e-19,-2.9386065e-06,0.00026244763,0.0409842,-0.00077758357,-1.0809479e-31,7.305517e-11,0.08128378,-0.0002469435,-6.4991965e-30,2.2090024e-22,-1.594753e-29,8.1178983e-19,1.8707564e-05,-6.069161e-09,7.6214856e-30,-0.0077300854,6.5654626e-07,-0.00023670448,0.0006425511,0.052221127,1.9088825e-29,6.170543e-26,0.044628583
997,0.09601918,-6.989995e-05,9.89477e-07,3.4218474e-28,-1.9111758e-29,-4.2638314e-23,-0.007949084,0.007025793,3.291982e-19,1.0758486e-06,1.8779421e-05,0.059563875,8.151727e-05,-1.0438208e-31,5.0829896e-11,0.11093539,-0.00014906487,-6.3562105e-30,2.183803e-22,-1.5200217e-29,7.823745e-19,6.999813e-06,-9.778383e-10,7.523899e-30,-0.015343912,4.0089913e-07,-6.393157e-05,-0.00024883542,0.07381936,6.272862e-30,5.795082e-26,0.06461834
998,0.062368482,-0.00016260339,1.991959e-06,3.2497022e-28,-2.1530526e-29,-3.5060472e-23,-0.0022589006,0.0011476874,3.5307238e-19,-3.9269416e-06,0.00032717618,0.03579636,-0.001009698,-1.0964445e-31,7.7253814e-11,0.07300943,-0.0002719604,-6.5012105e-30,2.2125973e-22,-1.5930808e-29,8.094073e-19,2.1647043e-05,-7.1614856e-09,7.4072206e-30,-0.005610995,7.1474324e-07,-0.000282182,0.0008839411,0.046187885,1.9809814e-29,6.230574e-26,0.039049573
999,0.088089615,-9.0377755e-05,1.193248e-06,3.4536512e-28,-1.9407617e-29,-4.2531742e-23,-0.006615646,0.005648721,3.3038395e-19,1.3209501e-08,8.8579254e-05,0.053964272,-0.00016893446,-1.0566378e-31,5.5330115e-11,0.10200566,-0.00017603434,-6.359594e-30,2.186987e-22,-1.5188801e-29,7.8004967e-19,1.0164178e-05,-2.145562e-09,7.296175e-30,-0.013056435,4.6338232e-07,-0.000112967915,1.1647586e-05,0.06730739,7.325425e-30,5.8647235e-26,0.058596857
1000,0.062054932,-0.00016228954,1.9727804e-06,3.3080615e-28,-2.1333094e-29,-3.56908e-23,-0.00221131,0.0010989718,3.497127e-19,-3.8704547e-06,0.00032757712,0.035574928,-0.0010142447,-1.0922087e-31,7.60014e-11,0.07266353,-0.0002713967,-6.478059e-30,2.209086e-22,-1.579041e-29,8.0254697e-19,2.153164e-05,-6.960473e-09,7.238104e-30,-0.005524352,7.075678e-07,-0.00028215558,0.000889102,0.045929022,1.843034e-29,6.211338e-26,0.03881397
1001,0.12298259,6.559363e-06,1.3954741e-07,3.6998453e-28,-1.6591068e-29,-5.820095e-23,-0.012528982,0.011756495,3.0061196e-19,5.2418363e-06,-0.00023289653,0.07861765,0.0009677531,-1.0503672e-31,2.6992436e-11,0.14132527,-4.7367997e-05,-6.1711558e-30,2.1615768e-22,-1.4212727e-29,7.4316496e-19,-5.151618e-06,4.3527955e-09,7.2425265e-30,-0.023162216,1.3311637e-07,0.000114761526,-0.0011682017,0.0959648,-1.1324378e-29,5.3451465e-26,0.08511575
1002,0.11526236,-1.3612444e-05,3.410728e-07,3.7065003e-28,-1.6995012e-29,-5.452053e-23,-0.011225309,0.010410622,3.0370347e-19,4.2007086e-06,-0.00016445224,0.07316199,0.000722182,-1.0394978e-31,3.162856e-11,0.1326352,-7.399224e-05,-6.1892618e-30,2.1622544e-22,-1.4285835e-29,7.442659e-19,-2.0420193e-06,3.2074965e-09,7.080984e-30,-0.02092933,1.9496815e-07,6.660877e-05,-0.0009128032,0.089621864,-8.326993e-30,5.441919e-26,0.079250686
1003,0.081276745,-0.00010831625,1.3783156e-06,3.4723525e-28,-1.9654663e-29,-4.415112e-23,-0.005471222,0.004466355,3.3200135e-19,-9.3935887e-07,0.0001492796,0.049155787,-0.00038535614,-1.0849414e-31,5.966633e-11,0.09432778,-0.00019968627,-6.362585e-30,2.1902785e-22,-1.518467e-29,7.7866544e-19,1.2970959e-05,-3.2523069e-09,7.1615855e-30,-0.01109314,5.2068503e-07,-0.00015570293,0.000236555,0.06171497,7.2862504e-30,5.900203e-26,0.053423904
1004,0.11822957,-7.4213604e-06,3.025466e-07,3.6316077e-28,-1.707641e-29,-5.6258165e-23,-0.01172097,0.010921452,3.0699304e-19,4.4574736e-06,-0.00018746778,0.07526034,0.0008093696,-1.061153e-31,3.1852743e-11,0.135963,-6.6010514e-05,-6.209492e-30,2.165761e-22,-1.4424771e-29,7.5200556e-19,-2.892797e-06,3.2856136e-09,7.3810295e-30,-0.02178412,1.8504397e-07,8.237932e-05,-0.0010041147,0.09206285,-8.5601086e-30,5.4099095e-26,0.08150213
1005,0.09211387,-8.0865924e-05,1.1160346e-06,3.420769e-28,-1.9185774e-29,-4.794391e-23,-0.007296495,0.006350383,3.31422e-19,4.469839e-07,5.5037905e-05,0.056813344,-4.486181e-05,-1.1020504e-31,5.426018e-11,0.10652161,-0.00016356457,-6.354162e-30,2.182718e-22,-1.5190122e-29,7.8159945e-19,8.790048e-06,-1.8292461e-09,7.613239e-30,-0.014223531,4.4121202e-07,-8.9634676e-05,-0.000117883086,0.07061931,3.4262294e-30,5.736232e-26,0.06165456
1006,0.079427496,-0.00011478993,1.4666493e-06,3.3913874e-28,-2.0074278e-29,-4.3109084e-23,-0.005151894,0.004135996,3.372378e-19,-1.333894e-06,0.00016911887,0.047849357,-0.0004519457,-1.091655e-31,6.286688e-11,0.09223524,-0.00020844437,-6.400411e-30,2.1984937e-22,-1.5401519e-29,7.8885025e-19,1.40693155e-05,-3.8922643e-09,7.3244786e-30,-0.010553226,5.496797e-07,-0.00017010677,0.0003051688,0.060197882,1.0190986e-29,5.9690615e-26,0.05201552
1007,0.039001897,-0.00022307731,2.599253e-06,3.355414e-28,-2.232225e-29,-3.9720652e-23,0.0016648006,-0.0029052645,3.5518683e-19,-7.090057e-06,0.00053314434,0.01930122,-0.0017474652,-1.169872e-31,9.0742136e-11,0.046687186,-0.00035158277,-6.499283e-30,2.2268082e-22,-1.5832318e-29,8.005816e-19,3.103086e-05,-1.0693309e-08,6.715188e-30,0.0011230037,9.0142e-07,-0.00042690872,0.0016510938,0.027003236,2.0618874e-29,6.4037824e-26,0.021308176
1008,0.07338789,-0.00012563652,1.5128594e-06,3.6866548e-28,-1.9238084e-29,-5.3821133e-23,-0.0041685216,0.0031209737,3.2085274e-19,-1.7605453e-06,0.00021232059,0.04359387,-0.0006185784,-1.1397687e-31,6.0355276e-11,0.085451156,-0.00022202975,-6.280601e-30,2.19352e-22,-1.4669366e-29,7.5392653e-19,1.5514051e-05,-3.840828e-09,6.40855e-30,-0.008839205,5.5888995e-07,-0.00019914366,0.0004801117,0.055239893,9.3340195e-31,5.869452e-26,0.04744471
1009,0.17762762,0.00015875086,-1.528093e-06,4.063576e-28,-1.23476545e-29,-7.16216e-23,-0.02177732,0.021310914,2.567791e-19,1.3509252e-05,-0.00073717465,0.11721407,0.0027477322,-9.599207e-32,-1.8008678e-11,0.20292261,0.00015459815,-5.900935e-30,2.1094057e-22,-1.2818108e-29,6.8921485e-19,-2.9288647e-05,1.4753294e-08,7.199319e-30,-0.038973793,-3.9059432e-07,0.00047206925,-0.003015359,0.14083377,-3.5475046e-29,4.6031528e-26,0.12664068
1010,0.07328451,-0.00012878823,1.6038994e-06,3.6319827e-28,-1.9255952e-29,-7.659258e-23,-0.0041694716,0.0031167679,3.2076415e-19,-2.1292763e-06,0.00021933531,0.043549016,-0.0006311764,-1.3286986e-31,6.4398056e-11,0.08527744,-0.00022637204,-6.267453e-30,2.2261468e-22,-1.4624645e-29,7.5755486e-19,1.6328937e-05,-4.803347e-09,6.602856e-30,-0.008835547,5.916829e-07,-0.00020482764,0.0004915204,0.055181243,-7.744092e-30,5.749489e-26,0.04737421
1011,0.10901728,-3.471505e-05,6.306668e-07,3.5207998e-28,-1.7918255e-29,-6.234749e-23,-0.010166932,0.009313799,3.1561797e-19,2.880639e-06,-9.901589e-05,0.068764865,0.00050326437,-1.1518206e-31,4.1649892e-11,0.1255528,-0.000102360966,-6.2615375e-30,2.190697e-22,-1.4710653e-29,7.660194e-19,1.5871265e-06,1.0496102e-09,7.5111644e-30,-0.019127443,2.9021476e-07,1.9289204e-05,-0.0006872993,0.08450968,-6.876683e-30,5.511819e-26,0.074503876
1012,0.18137473,0.00015982211,-1.4002972e-06,3.688453e-28,-1.3384207e-29,-8.717647e-23,-0.022394579,0.021941572,2.7484081e-19,1.3171219e-05,-0.00075204903,0.11988379,0.0028287694,-1.1388669e-31,-8.9209196e-12,0.2070547,0.00015502074,-6.016438e-30,2.1550271e-22,-1.3554451e-29,7.3065644e-19,-2.8810457e-05,1.3149656e-08,8.3650894e-30,-0.04005564,-3.4018603e-07,0.00048018876,-0.0031034462,0.14394054,-3.5450755e-29,4.5900103e-26,0.12947908
1013,0.13765013,3.8994185e-05,-8.696679e-08,3.4567272e-28,-1.6531478e-29,-8.0357625e-23,-0.01500215,0.01430437,3.060018e-19,6.6279827e-06,-0.0003505228,0.08900358,0.0014094776,-1.2270781e-31,2.5904834e-11,0.157769,-5.18444e-06,-6.204227e-30,2.1973707e-22,-1.45049e-29,7.664248e-19,-9.68299e-06,5.001869e-09,8.223002e-30,-0.02741088,7.1487875e-08,0.00019594119,-0.0016303016,0.108039565,-1.8802758e-29,5.1477402e-26,0.096256144
1014,0.05765964,-0.0001714477,2.0489497e-06,3.4655496e-28,-1.989037e-29,-4.9290286e-23,-0.0014795549,0.00033968687,3.383738e-19,-4.342186e-06,0.00036184804,0.03244382,-0.0011419826,-1.1938411e-31,7.706111e-11,0.06773351,-0.00028310088,-6.4272435e-30,2.2173764e-22,-1.527084e-29,7.720053e-19,2.2916727e-05,-7.413629e-09,6.6058976e-30,-0.004244305,7.302458e-07,-0.0003055638,0.0010224408,0.042300858,7.282531e-30,6.049334e-26,0.035450645
1015,0.112161845,-2.4487148e-05,4.9263963e-07,3.5854024e-28,-1.7577428e-29,-5.60746e-23,-0.010694876,0.009861182,3.1166987e-19,3.5205449e-06,-0.00013112952,0.07097612,0.000611146,-1.0797162e-31,3.707641e-11,0.12912029,-8.8672736e-05,-6.240438e-30,2.175844e-22,-1.4585137e-29,7.587298e-19,-1.7049751e-07,2.0795206e-09,7.372929e-30,-0.020029768,2.4494852e-07,4.2417552e-05,-0.00079850014,0.08708205,-5.904775e-30,5.502412e-26,0.07689168
1016,0.054123208,-0.0001795197,2.1098194e-06,3.564073e-28,-2.0676483e-29,-5.369317e-23,-0.0009130128,-0.00024312362,3.353325e-19,-4.714533e-06,0.00039059063,0.029992372,-0.0012463536,-1.2060237e-31,7.657068e-11,0.06372662,-0.00029352715,-6.366819e-30,2.2171972e-22,-1.5113255e-29,7.7172725e-19,2.4101959e-05,-7.617025e-09,6.417409e-30,-0.0032710247,7.4685113e-07,-0.0003255105,0.0011313823,0.039426304,7.405243e-30,6.10209e-26,0.03280767
1017,0.071854815,-0.00013349374,1.6407757e-06,3.4658616e-28,-2.0191644e-29,-4.3589128e-23,-0.0038827136,0.002825573,3.3570965e-19,-2.2750028e-06,0.00023398874,0.04250212,-0.0006870185,-1.1020615e-31,6.608267e-11,0.083712414,-0.00023296161,-6.385268e-30,2.1992306e-22,-1.5280629e-29,7.813468e-19,1.6910286e-05,-4.8231676e-09,6.983101e-30,-0.008372009,6.0210573e-07,-0.0002154453,0.0005499786,0.053978242,9.983214e-30,6.016029e-26,0.04626713
1018,0.07314545,-0.00012950384,1.5922215e-06,3.4967348e-28,-2.0005218e-29,-4.4746235e-23,-0.0041036755,0.0030538961,3.332798e-19,-2.047418e-06,0.00022125035,0.043414354,-0.0006429944,-1.102346e-31,6.452283e-11,0.08516887,-0.0002276132,-6.368965e-30,2.1973732e-22,-1.518891e-29,7.7740016e-19,1.6259139e-05,-4.4976574e-09,6.919885e-30,-0.008747615,5.8650517e-07,-0.00020631519,0.0005044285,0.055038013,8.617062e-30,5.986254e-26,0.0472491
1019,0.06357075,-0.00015427847,1.8412193e-06,3.5416783e-28,-2.0319795e-29,-4.6946337e-23,-0.0024964027,0.0013936162,3.3402572e-19,-3.344645e-06,0.00030563842,0.036655754,-0.0009452128,-1.1350349e-31,7.004826e-11,0.0743825,-0.00026022887,-6.366914e-30,2.2037863e-22,-1.5141723e-29,7.7365624e-19,2.0105494e-05,-5.948433e-09,6.6287996e-30,-0.0059888475,6.6306393e-07,-0.00026560982,0.0008186768,0.047177263,8.73662e-30,6.053076e-26,0.039979614
1020,0.097682655,-6.0160237e-05,8.2258794e-07,3.7281264e-28,-1.7808791e-29,-5.595538e-23,-0.008267134,0.0073547848,3.089818e-19,1.7335442e-06,-7.29179e-06,0.060750782,0.00016192254,-1.0906528e-31,4.3101175e-11,0.112826794,-0.00013542897,-6.2130086e-30,2.175541e-22,-1.436188e-29,7.448986e-19,5.2354517e-06,3.3407943e-10,6.7120156e-30,-0.015857905,3.4410414e-07,-4.411256e-05,-0.00033060368,0.075188704,-5.8339126e-30,5.596533e-26,0.06590014
1021,0.13879961,4.6322297e-05,-2.2341465e-07,3.665711e-28,-1.5711195e-29,-8.065354e-23,-0.015213266,0.014524475,2.9338881e-19,7.171602e-06,-0.0003698133,0.08981353,0.0014663022,-1.1930602e-31,1.9692595e-11,0.15909398,5.035661e-06,-6.1193204e-30,2.180743e-22,-1.3997176e-29,7.4177577e-19,-1.108634e-05,6.152586e-09,7.654044e-30,-0.027755074,2.451543e-08,0.0002106831,-0.0016876776,0.10897682,-2.3454884e-29,5.0619035e-26,0.097137965
1022,0.09369074,-7.1543094e-05,9.55094e-07,3.7097106e-28,-1.8046523e-29,-6.081485e-23,-0.007597577,0.0066620037,3.1086352e-19,1.0827171e-06,3.0119205e-05,0.057937697,3.163796e-05,-1.1397565e-31,4.6794846e-11,0.1083163,-0.00015052228,-6.2211408e-30,2.185833e-22,-1.4401895e-29,7.470171e-19,7.091665e-06,-5.56831e-10,6.7068735e-30,-0.014710188,3.8630128e-07,-7.068005e-05,-0.00019564014,0.0719165,-6.616322e-30,5.6170126e-26,0.06286933
1023,0.11410129,-1.8180173e-05,4.0706163e-07,3.6219096e-28,-1.7385482e-29,-5.0954356e-23,-0.011019673,0.010198072,3.0953662e-19,3.918005e-06,-0.00015094387,0.07233921,0.00067758095,-1.0297638e-31,3.42536e-11,0.13132161,-8.023821e-05,-6.2298628e-30,2.1651475e-22,-1.4521382e-29,7.5475733e-19,-1.2587552e-06,2.7235139e-09,7.293545e-30,-0.020585395,2.1685105e-07,5.6684483e-05,-0.00086696167,0.08866792,-4.9030926e-30,5.500678e-26,0.07836402
1024,0.09094596,-8.375308e-05,1.1398647e-06,3.4125028e-28,-1.9383077e-29,-4.468016e-23,-0.007095672,0.006143801,3.3152706e-19,3.2024764e-07,6.5013766e-05,0.055984184,-8.185115e-05,-1.0715018e-31,5.4700633e-11,0.10521361,-0.00016739144,-6.366943e-30,2.1916575e-22,-1.5248424e-29,7.8462145e-19,9.200245e-06,-1.9201316e-09,7.4563604e-30,-0.013881527,4.4803596e-07,-9.661645e-05,-7.926673e-05,0.069656335,6.7221636e-30,5.8358253e-26,0.06076572
1025,0.113505304,-1.9650499e-05,4.208896e-07,3.6288938e-28,-1.7385677e-29,-5.1429768e-23,-0.010920085,0.010095205,3.0938814e-19,3.843088e-06,-0.00014584092,0.07191862,0.0006591296,-1.0320772e-31,3.450812e-11,0.13065052,-8.2162966e-05,-6.227773e-30,2.1662338e-22,-1.4507252e-29,7.5430833e-19,-1.03403e-06,2.6477522e-09,7.257645e-30,-0.020414062,2.2103245e-07,5.3118565e-05,-0.0008477485,0.08817864,-5.065659e-30,5.5023196e-26,0.07791173
1026,0.11220729,-2.2629276e-05,4.5278148e-07,3.6908613e-28,-1.7146484e-29,-6.1886605e-23,-0.010716483,0.009883419,3.0481712e-19,3.659923e-06,-0.00013517751,0.07101363,0.0006217258,-1.105331e-31,3.489703e-11,0.1291751,-8.5955835e-05,-6.19047e-30,2.1754792e-22,-1.4292341e-29,7.46056e-19,-5.317488e-07,2.409923e-09,7.081589e-30,-0.020055704,2.3102098e-07,4.5744237e-05,-0.00080894213,0.08712158,-1.0455717e-29,5.4372306e-26,0.07693284
1027,0.09017636,-8.062838e-05,1.0432514e-06,3.7114e-28,-1.8249194e-29,-5.7398453e-23,-0.0070024617,0.006047949,3.1253952e-19,6.2414256e-07,6.106659e-05,0.055452302,-7.9976395e-05,-1.1226209e-31,4.8761564e-11,0.10436368,-0.00016251416,-6.2323755e-30,2.1837997e-22,-1.4450576e-29,7.477514e-19,8.475945e-06,-1.0360566e-09,6.6409615e-30,-0.013691694,4.1314297e-07,-9.242911e-05,-7.948186e-05,0.06902743,-4.51636e-30,5.6754666e-26,0.060198702
1028,0.03974408,-0.00021701958,2.4873916e-06,3.5995265e-28,-2.1302359e-29,-5.1976568e-23,0.0015080199,-0.002743356,3.389689e-19,-6.6691955e-06,0.00051793014,0.019837126,-0.0017024479,-1.2231689e-31,8.518203e-11,0.047533274,-0.00034297112,-6.383581e-30,2.22301e-22,-1.515464e-29,7.7036313e-19,2.9911833e-05,-9.801578e-09,6.0716156e-30,0.00087977946,8.6298394e-07,-0.00041507185,0.0016056346,0.027617224,1.0296425e-29,6.2578055e-26,0.021887116
1029,0.090654746,-8.4038125e-05,1.135897e-06,3.4364794e-28,-1.9315797e-29,-4.435092e-23,-0.007048607,0.006095428,3.3012313e-19,3.2302705e-07,6.6593755e-05,0.0557784,-8.8850036e-05,-1.0688043e-31,5.4268076e-11,0.104888946,-0.00016770617,-6.358263e-30,2.1887306e-22,-1.5193881e-29,7.813925e-19,9.215284e-06,-1.8580799e-09,7.400635e-30,-0.0137988925,4.4626177e-07,-9.759911e-05,-7.179845e-05,0.06941644,6.330363e-30,5.843619e-26,0.060545556
1030,0.088454664,-8.973997e-05,1.1927509e-06,3.44361e-28,-1.9405508e-29,-4.4138554e-23,-0.0066782534,0.0057129823,3.3058583e-19,2.7317583e-08,8.600298e-05,0.054224506,-0.00015847897,-1.0709347e-31,5.55386e-11,0.10241157,-0.00017521967,-6.3601986e-30,2.1895691e-22,-1.5196383e-29,7.8099054e-19,1.0096199e-05,-2.1837074e-09,7.3414614e-30,-0.013163812,4.6370474e-07,-0.00011124031,6.156042e-07,0.0676095,6.744504e-30,5.865696e-26,0.05887466
1031,0.09131792,-8.229521e-05,1.1158049e-06,3.4244633e-28,-1.9352188e-29,-4.1424298e-23,-0.0071562417,0.0062070824,3.3100563e-19,4.2718966e-07,6.06908e-05,0.056243032,-6.832741e-05,-1.0457382e-31,5.381208e-11,0.10564095,-0.00016543025,-6.366254e-30,2.1855304e-22,-1.5240115e-29,7.83032e-19,8.924886e-06,-1.7146853e-09,7.434694e-30,-0.013985634,4.3987257e-07,-9.344716e-05,-9.306241e-05,0.0699581,7.6997295e-30,5.849961e-26,0.06104731
1032,0.09433384,-7.4306445e-05,1.0343911e-06,3.426701e-28,-1.9175428e-29,-4.2912222e-23,-0.0076659806,0.0067333803,3.2952694e-19,8.43811e-07,3.3723423e-05,0.05837433,2.8112903e-05,-1.0489699e-31,5.1862598e-11,0.109036446,-0.0001548733,-6.357257e-30,2.1849438e-22,-1.5200173e-29,7.8206815e-19,7.686154e-06,-1.2423129e-09,7.4833e-30,-0.014858268,4.1475505e-07,-7.4445736e-05,-0.00019331928,0.07243586,6.4392384e-30,5.80911e-26,0.063338794
1033,0.13166466,2.852286e-05,-7.854669e-08,3.611259e-28,-1.6526706e-29,-4.979224e-23,-0.013976477,0.013252538,3.0362941e-19,6.398888e-06,-0.00030837837,0.08473937,0.0012383396,-9.7982274e-32,2.2546798e-11,0.15111229,-1.8567662e-05,-6.2011747e-30,2.151555e-22,-1.4416422e-29,7.53015e-19,-8.569885e-06,5.633918e-09,7.6276185e-30,-0.025653385,6.625601e-08,0.00016765192,-0.0014496092,0.10308782,-7.79794e-30,5.336485e-26,0.0917029
1034,0.11176613,-2.6239723e-05,5.127622e-07,3.511631e-28,-1.795078e-29,-4.5152884e-23,-0.01061175,0.009776734,3.1764547e-19,3.4462319e-06,-0.00012613181,0.07068485,0.0005933065,-1.0093534e-31,3.8098358e-11,0.12868637,-9.116018e-05,-6.2863204e-30,2.1682245e-22,-1.4844466e-29,7.687638e-19,7.838389e-08,1.9920527e-09,7.552065e-30,-0.019897975,2.513084e-07,3.869133e-05,-0.0007799836,0.08674837,2.2801807e-31,5.5942046e-26,0.07658347
1035,0.11948103,-3.015506e-06,2.3858775e-07,3.6676986e-28,-1.6930909e-29,-5.2608033e-23,-0.011931162,0.011139762,3.0459566e-19,4.747195e-06,-0.000200968,0.07613912,0.00085370336,-1.0213651e-31,2.9592606e-11,0.13738677,-6.0090097e-05,-6.1989523e-30,2.1596124e-22,-1.4358399e-29,7.4820756e-19,-3.6728889e-06,3.785363e-09,7.26227e-30,-0.022142813,1.6377476e-07,9.217742e-05,-0.0010496667,0.09308512,-7.605455e-30,5.423213e-26,0.08245259
1036,0.114494056,-1.5814265e-05,3.6588244e-07,3.6974465e-28,-1.7070185e-29,-5.410539e-23,-0.011094768,0.010275774,3.045794e-19,4.0798295e-06,-0.00015723286,0.07261914,0.00069682766,-1.03963e-31,3.2337952e-11,0.13176903,-7.69234e-05,-6.1949662e-30,2.1629503e-22,-1.4316563e-29,7.4548753e-19,-1.6906124e-06,3.0501006e-09,7.093034e-30,-0.020706564,2.0280822e-07,6.1476836e-05,-0.00088651106,0.08899095,-7.803772e-30,5.45423e-26,0.078666635
1037,0.12153998,2.650253e-06,1.7741422e-07,3.6779838e-28,-1.6782833e-29,-5.311326e-23,-0.012279317,0.011499412,3.0316829e-19,5.0526687e-06,-0.00021982426,0.07759337,0.0009204438,-1.0182092e-31,2.7984393e-11,0.13970724,-5.257968e-05,-6.1901352e-30,2.1580851e-22,-1.4314152e-29,7.4666657e-19,-4.567628e-06,4.1621817e-09,7.268206e-30,-0.022738345,1.4463171e-07,0.00010552013,-0.0011189515,0.09477583,-8.439335e-30,5.396049e-26,0.08401703
1038,0.11856401,-6.2900945e-06,2.8639624e-07,3.637649e-28,-1.7066524e-29,-5.531311e-23,-0.011776667,0.01097931,3.0636624e-19,4.5319757e-06,-0.00019098027,0.075494915,0.00082095154,-1.0489335e-31,3.1301836e-11,0.13634357,-6.449834e-05,-6.2085764e-30,2.1664872e-22,-1.4416886e-29,7.5176614e-19,-3.0931187e-06,3.4118983e-09,7.330557e-30,-0.021879502,1.7967659e-07,8.491799e-05,-0.0010160245,0.09233589,-7.956582e-30,5.4257964e-26,0.08175587
1039,0.12005991,-2.8958311e-06,2.6080943e-07,3.620005e-28,-1.6937168e-29,-5.573857e-23,-0.01202843,0.011238713,3.0840661e-19,4.68126e-06,-0.00020313193,0.07655336,0.0008663144,-1.0651164e-31,3.1087077e-11,0.138022,-6.0064136e-05,-6.208345e-30,2.154787e-22,-1.4434926e-29,7.5207437e-19,-3.5744524e-06,3.5030894e-09,7.5843046e-30,-0.022311948,1.7259663e-07,9.333156e-05,-0.0010634298,0.09356677,-1.0110813e-29,5.3275573e-26,0.08289186
1040,0.12504855,9.693322e-06,1.4310535e-07,3.6001591e-28,-1.6755e-29,-6.057282e-23,-0.012871772,0.012108844,3.0631744e-19,5.3060976e-06,-0.00024642935,0.08008134,0.001023287,-1.0896003e-31,2.868178e-11,0.14363092,-4.34916e-05,-6.2002798e-30,2.1633646e-22,-1.4408476e-29,7.5342025e-19,-5.4746706e-06,4.1162593e-09,7.6706464e-30,-0.023756735,1.37087e-07,0.00012367428,-0.0012269095,0.097668044,-1.2048804e-29,5.2880946e-26,0.08668209
1041,0.08735941,-9.279611e-05,1.2267719e-06,3.4419765e-28,-1.9407062e-29,-4.3903397e-23,-0.0064934157,0.005521849,3.3220623e-19,-1.4272155e-07,9.6144155e-05,0.053451285,-0.00019408856,-1.0787662e-31,5.6462154e-11,0.10117617,-0.00017926306,-6.361546e-30,2.1821614e-22,-1.520731e-29,7.806202e-19,1.0587122e-05,-2.4016025e-09,7.429329e-30,-0.012847312,4.7449362e-07,-0.000118423835,3.755046e-05,0.06671063,5.9280906e-30,5.814562e-26,0.05804255
1042,0.11095843,-2.638949e-05,4.9006485e-07,3.6299246e-28,-1.7521783e-29,-5.0686437e-23,-0.010490678,0.009651732,3.102745e-19,3.4887307e-06,-0.00012308359,0.07011975,0.00057786796,-1.0350558e-31,3.615501e-11,0.12778196,-9.1062044e-05,-6.233178e-30,2.1663734e-22,-1.4528438e-29,7.5433526e-19,1.535227e-08,2.2405224e-09,7.2168394e-30,-0.019678354,2.424083e-07,3.708643e-05,-0.00076328684,0.086086966,-4.359156e-30,5.530315e-26,0.07597717
1043,0.099425316,-5.500205e-05,7.622184e-07,3.756852e-28,-1.7613001e-29,-5.6990474e-23,-0.008563731,0.007661253,3.064367e-19,2.0226908e-06,-2.4008099e-05,0.061981812,0.0002201749,-1.089013e-31,4.1278175e-11,0.114792824,-0.00012854335,-6.1970685e-30,2.1729049e-22,-1.4273267e-29,7.40778e-19,4.4024855e-06,7.2869355e-10,6.670133e-30,-0.016363427,3.2486332e-07,-3.2186857e-05,-0.0003909478,0.07661938,-7.146049e-30,5.5680114e-26,0.06722509
1044,0.10244399,-4.8707065e-05,7.178701e-07,3.6531e-28,-1.787092e-29,-5.1984173e-23,-0.009059135,0.008172944,3.1201061e-19,2.3129578e-06,-4.7434354e-05,0.06410867,0.00030760374,-1.0607779e-31,4.1419784e-11,0.118189275,-0.000120487006,-6.239132e-30,2.1725717e-22,-1.453222e-29,7.5301167e-19,3.4925688e-06,8.962644e-10,7.003942e-30,-0.017222963,3.127302e-07,-1.6146107e-05,-0.00048236083,0.079096325,-3.5882663e-30,5.6010486e-26,0.069511555
1045,0.12766069,1.9640021e-05,-6.460141e-09,3.7233734e-28,-1.627635e-29,-5.648219e-23,-0.013317555,0.012571644,2.976869e-19,5.9652302e-06,-0.00027618464,0.08191882,0.0011199117,-1.0229956e-31,2.3042415e-11,0.14660311,-3.002421e-05,-6.155033e-30,2.1540737e-22,-1.4131689e-29,7.39792e-19,-7.246039e-06,5.2886513e-09,7.254348e-30,-0.024512134,8.705979e-08,0.0001454422,-0.001326018,0.099803455,-1.2093161e-29,5.2993186e-26,0.08866922
1046,0.102603495,-4.739361e-05,6.999271e-07,3.7361534e-28,-1.7476022e-29,-6.2503305e-23,-0.0091037415,0.008217689,3.0552495e-19,2.369674e-06,-5.0725183e-05,0.06423356,0.00031888392,-1.1319006e-31,4.0325798e-11,0.11835787,-0.00011855422,-6.1897545e-30,2.1781586e-22,-1.4251221e-29,7.4186836e-19,3.3027245e-06,9.838068e-10,6.7970604e-30,-0.017287768,3.0685555e-07,-1.3574958e-05,-0.0004939921,0.0792361,-9.918774e-30,5.505815e-26,0.069641046
1047,0.12451142,8.326431e-06,1.5460046e-07,3.5899792e-28,-1.6902277e-29,-5.868305e-23,-0.012778606,0.012013119,3.0628738e-19,5.2474243e-06,-0.00024177344,0.0796995,0.0010059997,-1.0710244e-31,2.8926625e-11,0.14302996,-4.5317516e-05,-6.210024e-30,2.1692584e-22,-1.4454974e-29,7.5567235e-19,-5.2824253e-06,4.073563e-09,7.580073e-30,-0.023598678,1.40368e-07,0.00012040173,-0.0012088651,0.09722475,-9.731176e-30,5.361093e-26,0.08627298
1048,0.11607891,-1.2792938e-05,3.5066205e-07,3.6337878e-28,-1.7227728e-29,-5.2616202e-23,-0.011355568,0.010544818,3.0782144e-19,4.201025e-06,-0.00016894029,0.07373758,0.00074167456,-1.0367235e-31,3.2796987e-11,0.13354799,-7.3093455e-05,-6.218675e-30,2.1644637e-22,-1.4464298e-29,7.5275866e-19,-2.0978841e-06,3.0561473e-09,7.29982e-30,-0.02115921,1.9933418e-07,6.940577e-05,-0.0009335503,0.09029315,-6.2823233e-30,5.467588e-26,0.079867356
1049,0.08773741,-9.197707e-05,1.222641e-06,3.437827e-28,-1.9444452e-29,-4.7018432e-23,-0.006559495,0.0055896826,3.3081587e-19,-1.1442535e-07,9.313482e-05,0.053721175,-0.0001824703,-1.0945378e-31,5.6469843e-11,0.10159695,-0.00017819495,-6.359804e-30,2.1941551e-22,-1.5195413e-29,7.814656e-19,1.048296e-05,-2.4103421e-09,7.343515e-30,-0.012959644,4.734943e-07,-0.00011635106,2.534734e-05,0.06702352,5.8452636e-30,5.847945e-26,0.058330767
1050,0.0951097,-6.770651e-05,9.1378297e-07,3.7095065e-28,-1.7980902e-29,-6.007312e-23,-0.007835817,0.006908249,3.1042287e-19,1.2916789e-06,1.7266255e-05,0.058938667,7.711118e-05,-1.1304421e-31,4.5758466e-11,0.10991678,-0.00014545355,-6.219602e-30,2.1838474e-22,-1.4396958e-29,7.4680885e-19,6.4829e-06,-2.9877256e-10,6.732893e-30,-0.01511877,3.7337895e-07,-6.160443e-05,-0.00024284795,0.073080726,-6.57158e-30,5.6085594e-26,0.06394669
1051,0.09297544,-7.2672905e-05,9.5237147e-07,3.7305432e-28,-1.8047276e-29,-5.616485e-23,-0.007474214,0.0065357015,3.105296e-19,1.0703152e-06,3.4899218e-05,0.05742687,1.1574011e-05,-1.1024716e-31,4.622429e-11,0.10752323,-0.00015195354,-6.2213717e-30,2.1786397e-22,-1.4393097e-29,7.4505667e-19,7.192102e-06,-4.4149928e-10,6.632444e-30,-0.014499024,3.8432472e-07,-7.3848525e-05,-0.00017437991,0.07132361,-4.9228455e-30,5.645768e-26,0.06232483
1052,0.056960955,-0.00017148873,2.0155162e-06,3.5664888e-28,-2.056409e-29,-4.8219236e-23,-0.0013860054,0.00024658814,3.3488792e-19,-4.2485335e-06,0.0003641221,0.031989694,-0.0011544107,-1.1565792e-31,7.399363e-11,0.06693593,-0.0002829025,-6.368444e-30,2.2080444e-22,-1.5126138e-29,7.7159883e-19,2.2782195e-05,-6.9705486e-09,6.4500665e-30,-0.0040835924,7.167572e-07,-0.00030673202,0.0010361662,0.041750543,9.080832e-30,6.104864e-26,0.0349608
1053,0.031932205,-0.00023974632,2.745197e-06,3.4780593e-28,-2.220864e-29,-4.4161443e-23,0.0028416142,-0.004120577,3.5013573e-19,-7.913504e-06,0.00059204875,0.014313161,-0.0019625258,-1.2010689e-31,9.2779215e-11,0.038729966,-0.00037329434,-6.45845e-30,2.2284354e-22,-1.5564063e-29,7.869232e-19,3.353539e-05,-1.1431986e-08,6.253894e-30,0.0031515472,9.4457323e-07,-0.00046784966,0.0018752925,0.02119898,1.7684382e-29,6.4064374e-26,0.015945427
1054,0.05708134,-0.00017260632,2.0445532e-06,3.4820156e-28,-2.0868972e-29,-4.392272e-23,-0.0013955124,0.00025635958,3.4078962e-19,-4.344318e-06,0.00036606204,0.03207098,-0.0011580153,-1.1390141e-31,7.570358e-11,0.067067444,-0.00028458977,-6.40696e-30,2.207619e-22,-1.535609e-29,7.821276e-19,2.301937e-05,-7.224795e-09,6.706465e-30,-0.0041086376,7.2712135e-07,-0.0003084907,0.0010394421,0.041848175,1.21755546e-29,6.1366895e-26,0.035047136
1055,0.2046251,0.00021109066,-1.7569282e-06,3.293277e-28,-1.3320908e-29,-1.2202744e-22,-0.026312385,0.025977787,2.8428957e-19,1.5360922e-05,-0.0009381799,0.13634539,0.0035279775,-1.4103846e-31,-1.0489748e-11,0.23312193,0.00022167014,-6.0743748e-30,2.2142614e-22,-1.4050386e-29,7.6922245e-19,-3.596994e-05,1.416327e-08,9.916439e-30,-0.046787642,-4.3704176e-07,0.00060860557,-0.0038349405,0.16307977,-4.6697596e-29,4.285619e-26,0.14713705
1056,0.20838729,0.00022623251,-1.990502e-06,3.5257369e-28,-1.23217116e-29,-1.1784623e-22,-0.026960693,0.026650678,2.699904e-19,1.6370883e-05,-0.0009827139,0.13899398,0.0036714058,-1.3289044e-31,-1.961456e-11,0.23740456,0.00024227984,-5.9822777e-30,2.1881888e-22,-1.3502588e-29,7.4194275e-19,-3.86791e-05,1.6002712e-08,9.318636e-30,-0.047881074,-5.153704e-07,0.00064136717,-0.003981852,0.1661562,-5.0340143e-29,4.1971613e-26,0.15000194
1057,0.22068605,0.00024776947,-2.049811e-06,3.003272e-28,-1.3517481e-29,-1.243292e-22,-0.02899731,0.028747883,2.9460508e-19,1.7072853e-05,-0.001069468,0.14769243,0.00401322,-1.439282e-31,-1.3441706e-11,0.2511706,0.00026937178,-6.1526555e-30,2.2277412e-22,-1.4591142e-29,7.998543e-19,-4.1321728e-05,1.5412365e-08,1.10203434e-29,-0.051411323,-5.210229e-07,0.00069953105,-0.004341582,0.17627963,-4.5169443e-29,4.2073274e-26,0.15932527
1058,0.0977442,-6.2702864e-05,8.8575416e-07,3.588049e-28,-1.8330199e-29,-5.3779273e-23,-0.008263856,0.0073504522,3.1739287e-19,1.5087171e-06,-2.1548476e-06,0.060792997,0.0001507951,-1.0959124e-31,4.648719e-11,0.11288044,-0.00013914611,-6.2712913e-30,2.1837694e-22,-1.4710725e-29,7.614715e-19,5.783535e-06,-2.396412e-10,7.104795e-30,-0.015864901,3.6652796e-07,-4.8461603e-05,-0.00032005087,0.07524154,-2.0268788e-30,5.6577425e-26,0.065940104
1059,0.07224552,-0.00012944272,1.5617406e-06,3.6418594e-28,-1.9472789e-29,-5.179995e-23,-0.003970422,0.0029163212,3.2422967e-19,-1.981989e-06,0.0002241712,0.0427853,-0.0006590341,-1.1334933e-31,6.207254e-11,0.08416182,-0.00022716977,-6.3035296e-30,2.195687e-22,-1.4800424e-29,7.5979817e-19,1.6142934e-05,-4.176634e-09,6.507271e-30,-0.008504368,5.747652e-07,-0.00020770612,0.0005218964,0.0543013,2.9621164e-30,5.9067686e-26,0.04657436
1060,0.14066958,5.1010167e-05,-2.853576e-07,3.5656633e-28,-1.6156801e-29,-5.781426e-23,-0.015497528,0.014821757,3.0185454e-19,7.5052703e-06,-0.00038601924,0.09110758,0.0015205424,-1.025306e-31,1.8517313e-11,0.16123539,1.1008582e-05,-6.1894946e-30,2.159405e-22,-1.4394229e-29,7.562781e-19,-1.1948512e-05,6.689934e-09,7.917155e-30,-0.028260246,4.2352895e-09,0.00022199668,-0.0017435988,0.11049128,-1.2025729e-29,5.214053e-26,0.098544054
1061,0.09120706,-8.073606e-05,1.0794711e-06,3.5452935e-28,-1.8853536e-29,-5.0155234e-23,-0.0071555674,0.0062059127,3.2284218e-19,5.4369593e-07,5.7801837e-05,0.05617334,-6.1693136e-05,-1.0908726e-31,5.1623567e-11,0.10551605,-0.00016307272,-6.3064403e-30,2.1870294e-22,-1.4891316e-29,7.6793127e-19,8.62046e-06,-1.418826e-09,7.1064776e-30,-0.013970889,4.2707074e-07,-9.0902206e-05,-9.9428e-05,0.06987173,1.7343601e-30,5.76014e-26,0.060971685
1062,0.09331907,-7.283775e-05,9.7678e-07,3.7143945e-28,-1.80089e-29,-6.608699e-23,-0.0075404085,0.006601941,3.09947e-19,9.812939e-07,3.4106197e-05,0.05768138,1.9260682e-05,-1.1806375e-31,4.7498047e-11,0.10788715,-0.00015222933,-6.2122217e-30,2.192049e-22,-1.4354182e-29,7.457629e-19,7.345785e-06,-7.537828e-10,6.703391e-30,-0.014609665,3.93675e-07,-7.356494e-05,-0.00018302351,0.07161664,-8.842041e-30,5.5950576e-26,0.06258949
1063,0.06704652,-0.00014286587,1.6966642e-06,3.6699606e-28,-1.9628118e-29,-5.346705e-23,-0.003098555,0.0020156205,3.2428556e-19,-2.6861744e-06,0.00026993314,0.0391161,-0.0008228929,-1.1554451e-31,6.5041306e-11,0.07830417,-0.0002448326,-6.3001573e-30,2.1989835e-22,-1.476161e-29,7.5705917e-19,1.82289e-05,-4.9654005e-09,6.349119e-30,-0.0070073307,6.162494e-07,-0.0002398513,0.0006922777,0.050033443,2.7172163e-30,5.9455547e-26,0.04262749
1064,0.058800787,-0.00016500748,1.9291065e-06,3.6604444e-28,-2.0091814e-29,-5.278553e-23,-0.0017081164,0.0005793348,3.280524e-19,-3.8656344e-06,0.00034429727,0.033293277,-0.0010873685,-1.1727304e-31,7.079731e-11,0.06901297,-0.00027410575,-6.3209796e-30,2.2050702e-22,-1.4853601e-29,7.5970733e-19,2.1701118e-05,-6.3665304e-09,6.2338576e-30,-0.0046257935,6.8850284e-07,-0.00029232597,0.00096702203,0.043262877,4.8364735e-30,6.043112e-26,0.03636401
1065,0.051550716,-0.00019110896,2.2833556e-06,3.2623554e-28,-2.2050243e-29,-3.388735e-23,-0.0004365109,-0.00073444843,3.5660697e-19,-5.4243537e-06,0.00042359007,0.028156623,-0.0013541668,-1.1121818e-31,8.4111634e-11,0.060824484,-0.00030958216,-6.519256e-30,2.2180918e-22,-1.5994746e-29,8.099593e-19,2.6082627e-05,-8.8728775e-09,7.185049e-30,-0.0024876818,8.047185e-07,-0.00035007263,0.0012420043,0.03730423,2.2255601e-29,6.346514e-26,0.030833296
1066,0.12454122,8.502626e-06,1.5081605e-07,3.5923225e-28,-1.689555e-29,-5.8124155e-23,-0.012783039,0.012017876,3.0626013e-19,5.2634023e-06,-0.00024224352,0.07971968,0.0010072663,-1.0648079e-31,2.877143e-11,0.1430654,-4.50777e-05,-6.2101897e-30,2.1687538e-22,-1.445478e-29,7.554834e-19,-5.320493e-06,4.109836e-09,7.574527e-30,-0.023606457,1.3904287e-07,0.00012075866,-0.0012101242,0.0972484,-9.471904e-30,5.367909e-26,0.08629539
1067,0.1339562,3.4302473e-05,-1.3390581e-07,3.5959103e-28,-1.6461794e-29,-4.9936606e-23,-0.014361493,0.013650075,3.0362709e-19,6.6929024e-06,-0.00032826094,0.08635788,0.0013101064,-9.781361e-32,2.1425597e-11,0.15369168,-1.0972493e-05,-6.2024506e-30,2.151261e-22,-1.4433333e-29,7.543816e-19,-9.453222e-06,5.9382153e-09,7.711168e-30,-0.026314326,4.9454002e-08,0.00018158206,-0.0015243078,0.10497009,-8.023165e-30,5.317671e-26,0.09344291
1068,0.20831543,0.00023533974,-2.2630547e-06,3.7508047e-28,-1.20086005e-29,-5.5952105e-23,-0.026907127,0.026609957,2.65492e-19,1.7448565e-05,-0.0010017497,0.13886829,0.0037017167,-8.171417e-32,-3.221909e-11,0.23748693,0.00025499426,-5.9862454e-30,2.0918449e-22,-1.3432973e-29,7.224017e-19,-4.105729e-05,1.8871713e-08,8.582946e-30,-0.047796316,-6.138084e-07,0.0006571885,-0.0040082373,0.16602534,-2.8863906e-29,4.4909454e-26,0.14992985
1069,0.17322707,0.00014051428,-1.2596338e-06,3.6779282e-28,-1.4112071e-29,-5.2697328e-23,-0.020986773,0.020494204,2.8353143e-19,1.2378496e-05,-0.0006840299,0.114089385,0.0025732834,-8.898069e-32,-6.960127e-12,0.19794682,0.00012954394,-6.088787e-30,2.1193423e-22,-1.3907652e-29,7.3752375e-19,-2.6155314e-05,1.2782831e-08,8.1700965e-30,-0.037658982,-3.0129354e-07,0.00043282984,-0.002836219,0.13721439,-1.8854337e-29,4.883523e-26,0.123274826
1070,0.15484184,9.291066e-05,-7.8083576e-07,3.7625986e-28,-1.4725514e-29,-5.691981e-23,-0.017900214,0.017305829,2.8502232e-19,9.885196e-06,-0.00052191876,0.1011114,0.0019927872,-9.5243736e-32,3.6848025e-12,0.17723486,6.686931e-05,-6.0856843e-30,2.1314782e-22,-1.3821549e-29,7.3031595e-19,-1.8763392e-05,9.991226e-09,7.620407e-30,-0.03236133,-1.5405271e-07,0.00031891605,-0.002232626,0.122120135,-1.8553807e-29,5.0146304e-26,0.10931588
1071,0.11492494,-1.5751284e-05,3.784271e-07,3.6332358e-28,-1.7302831e-29,-5.0988507e-23,-0.011159297,0.010342419,3.0856272e-19,4.0556733e-06,-0.00015882729,0.072920635,0.0007049963,-1.025794e-31,3.3398825e-11,0.13225144,-7.7000586e-05,-6.223837e-30,2.163652e-22,-1.448816e-29,7.532543e-19,-1.6533158e-06,2.9137261e-09,7.2766975e-30,-0.020823732,2.0770949e-07,6.2305364e-05,-0.00089535303,0.08934382,-5.297541e-30,5.4891604e-26,0.078990065
1072,0.08691038,-8.970633e-05,1.1411335e-06,3.6845438e-28,-1.8536841e-29,-5.501541e-23,-0.0064474866,0.0054748654,3.1571892e-19,1.3885074e-07,9.117043e-05,0.053143397,-0.0001866105,-1.1155876e-31,5.1402202e-11,0.10068515,-0.00017457234,-6.253086e-30,2.1855688e-22,-1.4558959e-29,7.518291e-19,9.90359e-06,-1.631232e-09,6.648532e-30,-0.012744017,4.4376384e-07,-0.00011375558,3.122259e-05,0.066344045,-2.2785316e-30,5.7278093e-26,0.057715796
1073,0.16223371,0.000110395194,-9.3367817e-07,3.6441647e-28,-1.4775971e-29,-5.3551684e-23,-0.01913279,0.018578451,2.8991336e-19,1.0744403e-05,-0.0005836114,0.10632841,0.00221817,-9.3096167e-32,1.5025897e-12,0.18555269,8.966611e-05,-6.1217963e-30,2.1291222e-22,-1.4066873e-29,7.432e-19,-2.1383887e-05,1.0756555e-08,8.10449e-30,-0.034484565,-1.9919617e-07,0.00036181486,-0.0024675997,0.12819022,-1.667744e-29,4.9821472e-26,0.11492395
1074,0.09613262,-6.8956346e-05,9.944388e-07,3.4712116e-28,-1.6431983e-29,-5.310088e-23,-0.007976513,0.007049132,3.243716e-19,1.0509284e-06,1.606415e-05,0.059628963,9.0430025e-05,-1.1148238e-31,5.233111e-11,0.11107579,-0.00014766317,-6.394569e-30,2.192383e-22,-1.4864783e-29,7.586855e-19,6.939561e-06,-1.1944934e-09,7.261797e-30,-0.015370779,4.045246e-07,-6.185542e-05,-0.0002580732,0.073903285,-4.660895e-30,5.4924015e-26,0.06468745
1075,0.029420495,-0.00024757243,2.8902564e-06,3.3263588e-28,-1.5318195e-29,-3.7728503e-23,0.003326591,-0.0046342798,3.5677965e-19,-8.526142e-06,0.0006163744,0.012397036,-0.0020508543,-1.212226e-31,1.0343139e-10,0.03600338,-0.0003838893,-6.747499e-30,2.2296786e-22,-1.550757e-29,7.4530566e-19,3.4983066e-05,-1.287254e-08,6.0871957e-30,0.0040089786,9.975979e-07,-0.00048528053,0.0019666706,0.019042484,4.083098e-30,5.812789e-26,0.013906725
1076,0.057643577,-0.00017297291,2.1137716e-06,3.3092655e-28,-1.512335e-29,-3.8013232e-23,-0.0014535077,0.00030667707,3.4860798e-19,-4.5557626e-06,0.00036394806,0.032387406,-0.0011488921,-1.1165645e-31,8.3734464e-11,0.06776422,-0.00028538785,-6.679832e-30,2.21911e-22,-1.5430328e-29,7.5816144e-19,2.3313354e-05,-8.150131e-09,6.683883e-30,-0.0041929707,7.5602543e-07,-0.00030757033,0.0010294104,0.042257287,4.303653e-30,5.68463e-26,0.035398133
1077,0.06994106,-0.00013521261,1.6351487e-06,3.625947e-28,-1.6667387e-29,-4.960068e-23,-0.0035731979,0.002502162,3.2545103e-19,-2.3351422e-06,0.0002435639,0.0411254,-0.00073061883,-1.1212731e-31,6.593735e-11,0.08160037,-0.00023477076,-6.411185e-30,2.1974679e-22,-1.4700702e-29,7.419503e-19,1.708576e-05,-4.757922e-09,6.296947e-30,-0.007811483,5.9967124e-07,-0.0002213209,0.0005965028,0.052386336,-1.7439597e-30,5.68643e-26,0.04479582
1078,0.097313136,-6.0770777e-05,8.23994e-07,3.7484955e-28,-1.7754306e-29,-5.650824e-23,-0.008206941,0.007292688,3.0778243e-19,1.7128004e-06,-4.7576614e-06,0.0604901,0.00015194016,-1.0925948e-31,4.2875606e-11,0.11241242,-0.00013618468,-6.2050107e-30,2.1744947e-22,-1.4312548e-29,7.422213e-19,5.311449e-06,3.5064218e-10,6.655344e-30,-0.015752852,3.4415802e-07,-4.579767e-05,-0.00032009836,0.07488503,-6.385824e-30,5.593357e-26,0.065620385
1079,0.07856536,-0.00010868261,1.30023e-06,3.880673e-28,-1.8069416e-29,-6.4992395e-23,-0.0050700493,0.0040520467,3.064464e-19,-7.912058e-07,0.00015914277,0.047265977,-0.00043594744,-1.1754585e-31,5.302092e-11,0.09128824,-0.00019914657,-6.183444e-30,2.1888118e-22,-1.4085429e-29,7.2936335e-19,1.27396415e-05,-2.4070879e-09,5.9783134e-30,-0.010363415,4.901856e-07,-0.000160806,0.00029135728,0.05949942,-8.66447e-30,5.676772e-26,0.051394857
1080,0.13724476,4.5538472e-05,-2.7972965e-07,3.7460483e-28,-1.5684668e-29,-5.8105134e-23,-0.014935907,0.014243282,2.9246353e-19,7.345978e-06,-0.00036296714,0.08868809,0.0014283163,-1.009662e-31,1.6163224e-11,0.15740165,4.2449683e-06,-6.1245644e-30,2.146715e-22,-1.398874e-29,7.352738e-19,-1.13099595e-05,6.939281e-09,7.361924e-30,-0.027282543,2.009756e-09,0.00020672346,-0.0016463557,0.10767383,-1.5241334e-29,5.185345e-26,0.0959504
1081,0.16770777,0.00011873647,-9.0709545e-07,3.4601127e-28,-1.4912334e-29,-8.684591e-23,-0.02007262,0.019540869,2.9346223e-19,1.0822161e-05,-0.0006195586,0.11023496,0.0023698397,-1.2031872e-31,6.2192473e-12,0.1916236,0.00010015629,-6.1339642e-30,2.182767e-22,-1.421033e-29,7.6002864e-19,-2.2101529e-05,9.833649e-09,8.749104e-30,-0.036096275,-1.8213245e-07,0.000385531,-0.0026284251,0.13272578,-2.7730388e-29,4.8077504e-26,0.11908885
1082,0.1332064,2.7673203e-05,1.5777005e-08,3.4428111e-28,-1.6895077e-29,-6.9710957e-23,-0.014242429,0.013521615,3.0997283e-19,6.088998e-06,-0.00031176512,0.0858538,0.0012680432,-1.1588298e-31,2.810685e-11,0.15278217,-2.0156498e-05,-6.234194e-30,2.1871657e-22,-1.4652598e-29,7.701431e-19,-8.00861e-06,4.513364e-09,8.169671e-30,-0.02611456,1.0216149e-07,0.00016873772,-0.0014828928,0.104380555,-1.3105093e-29,5.258022e-26,0.09287607
1083,0.1268175,1.2135191e-05,1.584167e-07,3.5277459e-28,-1.6894721e-29,-7.299256e-23,-0.013175476,0.0124196485,3.0709724e-19,5.3068543e-06,-0.00025752536,0.08134484,0.0010712277,-1.1831408e-31,3.053116e-11,0.14558977,-4.0470564e-05,-6.209034e-30,2.1908538e-22,-1.4479341e-29,7.610248e-19,-5.64909e-06,3.7526213e-09,7.819295e-30,-0.024278127,1.4494822e-07,0.00013090286,-0.0012778854,0.09913484,-1.4838279e-29,5.276957e-26,0.08802796
1084,0.08954424,-8.3615305e-05,1.087848e-06,3.6233767e-28,-1.8652853e-29,-5.0722948e-23,-0.00688231,0.005924292,3.188362e-19,4.452886e-07,6.9466885e-05,0.05499901,-0.00010747928,-1.0869234e-31,5.0766072e-11,0.10365263,-0.000166676,-6.278184e-30,2.182827e-22,-1.4714702e-29,7.589502e-19,8.980533e-06,-1.3514345e-09,6.8632364e-30,-0.013495922,4.2800252e-07,-9.870925e-05,-5.1260926e-05,0.068504386,2.2956483e-31,5.7470625e-26,0.059712104
1085,0.059570357,-0.00016394618,1.9372142e-06,3.5745402e-28,-1.9037563e-29,-4.7099313e-23,-0.001814831,0.00068752095,3.3237888e-19,-3.8538565e-06,0.00033939863,0.03380078,-0.0010690456,-1.1454607e-31,7.289e-11,0.06990327,-0.00027289416,-6.40012e-30,2.205397e-22,-1.5004673e-29,7.5895305e-19,2.1591804e-05,-6.5451715e-09,6.336054e-30,-0.00481024,6.930579e-07,-0.00028913072,0.00094770174,0.043871246,5.394247e-30,5.9676724e-26,0.036915936
1086,0.09142436,-7.66773e-05,9.92196e-07,3.736853e-28,-1.8104199e-29,-5.6176666e-23,-0.0072133727,0.0062663294,3.1077961e-19,8.6257205e-07,4.855031e-05,0.056331545,-3.7412625e-05,-1.1048601e-31,4.7103238e-11,0.10577655,-0.00015722727,-6.221975e-30,2.1794533e-22,-1.4390651e-29,7.4468486e-19,7.810791e-06,-6.695373e-10,6.585292e-30,-0.014051564,3.9653582e-07,-8.343847e-05,-0.00012343097,0.0700498,-4.726238e-30,5.6590046e-26,0.061146997
1087,0.055544823,-0.00017663749,2.0862426e-06,3.4827855e-28,-2.0878519e-29,-4.3965588e-23,-0.0011350699,-1.2841076e-05,3.406991e-19,-4.5576853e-06,0.00037973002,0.030981958,-0.0012069969,-1.1430248e-31,7.676447e-11,0.0653393,-0.00028991216,-6.4123484e-30,2.21049e-22,-1.5359427e-29,7.81136e-19,2.364788e-05,-7.477507e-09,6.6394945e-30,-0.0036615804,7.400557e-07,-0.00031810557,0.0010903548,0.040583737,1.25240155e-29,6.163468e-26,0.033876576
1088,0.043151647,-0.00021152786,2.4804967e-06,3.3971784e-28,-2.0894158e-29,-4.3208897e-23,0.0009309612,-0.00214703,3.5402725e-19,-6.493512e-06,0.0004940501,0.022286698,-0.0016080914,-1.149401e-31,8.780224e-11,0.051340133,-0.00033618452,-6.5175666e-30,2.222992e-22,-1.5662812e-29,7.963113e-19,2.924395e-05,-9.981182e-09,6.775712e-30,-0.00012991577,8.6483954e-07,-0.0003993482,0.0015065591,0.030446716,1.7192686e-29,6.20252e-26,0.0245099
1089,0.08771178,-0.00010256504,1.5231681e-06,3.1094023e-28,-1.9368597e-29,-9.552094e-23,-0.006599147,0.005618058,3.459809e-19,-1.2789678e-06,0.000114890514,0.053807378,-0.0002207295,-1.4968887e-31,7.090484e-11,0.101399094,-0.00019307696,-6.456868e-30,2.278772e-22,-1.5600376e-29,8.157504e-19,1.3109209e-05,-5.4447327e-09,8.443293e-30,-0.013034992,5.816569e-07,-0.0001345533,5.9962273e-05,0.06709292,-8.18049e-30,5.560704e-26,0.058358364
1090,0.30388603,0.00046428182,-4.214742e-06,2.816666e-28,-9.7002275e-30,-1.4413127e-22,-0.043018397,0.043225642,2.7144485e-19,2.8295024e-05,-0.0018052789,0.20646589,0.0066521093,-1.422208e-31,-6.252493e-11,0.34484687,0.00055487745,-6.031446e-30,2.2043215e-22,-1.4224213e-29,8.048185e-19,-7.476683e-05,2.7806426e-08,1.3056631e-29,-0.075444065,-1.185648e-06,0.0012169322,-0.0070859464,0.2446203,-6.71711e-29,3.3021613e-26,0.22251943
1091,0.589269,0.0012045028,-1.1458975e-05,2.6628336e-28,6.328055e-30,-3.779815e-22,-0.09130992,0.09306204,1.3846872e-19,6.589742e-05,-0.0043237195,0.40825045,0.01572138,-2.5496491e-31,-2.2574681e-10,0.6658907,0.0015319462,-5.1819432e-30,2.301891e-22,-1.0578014e-29,7.4459614e-19,-0.0001879271,6.7700086e-08,1.886303e-29,-0.15810868,-3.396625e-06,0.0029874055,-0.016522534,0.47918817,-2.2039952e-28,-8.451554e-27,0.43937054
1092,0.23213279,0.00026769872,-2.0874177e-06,2.585015e-28,-1.4221611e-29,-1.506531e-22,-0.030917604,0.030722063,3.1086673e-19,1.7634138e-05,-0.0011499254,0.15581085,0.004334338,-1.6842114e-31,-7.299869e-12,0.26395077,0.00029457617,-6.2546452e-30,2.2855234e-22,-1.5293062e-29,8.4385787e-19,-4.3631233e-05,1.4586458e-08,1.24401796e-29,-0.05472549,-5.1950315e-07,0.00075346185,-0.0046800077,0.18572009,-5.0182735e-29,4.0737554e-26,0.16801402
1093,0.092167765,-9.8220306e-05,1.6045187e-06,2.6897352e-28,-1.8248335e-29,-9.631521e-23,-0.0072374605,0.0062649436,3.5920036e-19,-1.3934259e-06,9.1974856e-05,0.056779608,-0.00012171175,-1.6363488e-31,8.110594e-11,0.10646379,-0.00018842431,-6.6434705e-30,2.315012e-22,-1.6293688e-29,8.2563017e-19,1.2948032e-05,-6.825317e-09,9.142986e-30,-0.014138095,6.1819264e-07,-0.000120125944,-4.6283007e-05,0.0706468,-1.1565432e-29,5.502349e-26,0.061564766
1094,0.058956802,-0.00016968703,2.0478828e-06,3.3934407e-28,-2.0784549e-29,-4.745533e-23,-0.0017158799,0.00058594346,3.4525449e-19,-4.2847423e-06,0.00035334995,0.033415407,-0.0011060671,-1.164266e-31,7.7268233e-11,0.06915465,-0.00028095528,-6.4480714e-30,2.2197645e-22,-1.5523269e-29,7.925217e-19,2.2717715e-05,-7.4385973e-09,6.983347e-30,-0.0046636537,7.307834e-07,-0.00030012254,0.000984625,0.043404497,1.2544057e-29,6.112666e-26,0.036483325
1095,0.01609698,-0.00028396703,3.249599e-06,3.4199665e-28,-2.1603231e-29,-5.334963e-23,0.005462574,-0.0068295076,3.6292224e-19,-1.040166e-05,0.0007371716,0.003222242,-0.0024708053,-1.2667832e-31,1.0680043e-10,0.020828083,-0.00043181458,-6.574745e-30,2.256282e-22,-1.5745603e-29,7.986434e-19,4.0677325e-05,-1.4697532e-08,6.259117e-30,0.0076408237,1.1046507e-06,-0.0005709096,0.002402667,0.008260287,1.8605091e-29,6.3658856e-26,0.0039914474
1096,0.2582181,0.0003587377,-3.3894457e-06,3.3881085e-28,-1.049839e-29,-8.539176e-23,-0.035313632,0.035284262,2.634449e-19,2.352733e-05,-0.0014294605,0.17414354,0.005257354,-9.8286186e-32,-5.317899e-11,0.29359946,0.00041702285,-5.9860156e-30,2.1208315e-22,-1.3675675e-29,7.5273886e-19,-5.960247e-05,2.4620935e-08,1.0520863e-29,-0.062218867,-9.5092696e-07,0.0009562108,-0.00562903,0.20704222,-4.4149868e-29,3.9385172e-26,0.18783063
1097,0.04957044,-0.00019562378,2.34878e-06,3.3358296e-28,-1.874633e-29,-4.8014518e-23,-0.00014735386,-0.0010372587,3.5373614e-19,-5.7569196e-06,0.0004385896,0.02680716,-0.0014070971,-1.1722991e-31,8.694481e-11,0.058575362,-0.0003152995,-6.586815e-30,2.232495e-22,-1.5611195e-29,7.888284e-19,2.6905393e-05,-9.446584e-09,6.897152e-30,-0.0019713715,8.273255e-07,-0.00036059553,0.0012971787,0.035711177,1.1401313e-29,5.972769e-26,0.029369198
1098,0.010018706,-0.00029938697,3.3956594e-06,3.395369e-28,-2.2027733e-29,-4.446763e-23,0.006567264,-0.007973824,3.600295e-19,-1.1167509e-05,0.00079163257,-0.0012259036,-0.0026713433,-1.2944195e-31,1.1105694e-10,0.0140699595,-0.00045228068,-6.569374e-30,2.252985e-22,-1.57988e-29,7.822202e-19,4.2986765e-05,-1.55765e-08,5.8763967e-30,0.009541042,1.1494451e-06,-0.0006088109,0.0026111496,0.0031644776,1.8365584e-29,6.530265e-26,-0.0007619634
1099,-0.051094472,-0.00046865505,5.2611954e-06,3.125902e-28,-2.324519e-29,-4.2967537e-23,0.01673432,-0.018472351,4.1584768e-19,-2.0428877e-05,0.0013496554,-0.04407943,-0.0046358355,-1.3028444e-31,1.6035902e-10,-0.054963462,-0.0006764176,-6.981836e-30,2.3154176e-22,-1.7023687e-29,8.520969e-19,6.994236e-05,-2.7131644e-08,6.1011475e-30,0.026925249,1.7358466e-06,-0.0010046605,0.0046507115,-0.046810463,4.310136e-29,6.88186e-26,-0.046921887
1100,-0.07235401,-0.0005271656,5.9313834e-06,2.8836104e-28,-1.8897071e-29,-2.7427876e-23,0.020447254,-0.022321342,4.2900528e-19,-2.3698607e-05,0.001545144,-0.05934739,-0.0053354665,-1.3537748e-31,1.8435789e-10,-0.078758456,-0.00075424195,-7.293388e-30,2.3366827e-22,-1.7377538e-29,8.1745726e-19,7.927028e-05,-3.1727247e-08,5.5213857e-30,0.033307165,1.9515373e-06,-0.0011427286,0.005376879,-0.06443584,3.8675752e-29,6.758955e-26,-0.06330123
1101,0.088771254,-9.204849e-05,1.2835835e-06,3.2796772e-28,-1.7616927e-29,-5.1367328e-23,-0.0066856444,0.0057121143,3.344364e-19,-2.9763396e-07,9.0198126e-05,0.054361686,-0.00016551558,-1.1854938e-31,6.221906e-11,0.10279262,-0.00017868303,-6.46468e-30,2.2135043e-22,-1.5340027e-29,7.73215e-19,1.0749027e-05,-3.2447716e-09,7.4825636e-30,-0.013169646,4.9821756e-07,-0.000114911585,6.3469633e-06,0.06781771,-6.389032e-31,5.6838057e-26,0.05902519
1102,0.2654176,0.0003873965,-3.7896252e-06,3.9546509e-28,-6.7182124e-30,-1.1925792e-22,-0.036585573,0.036594506,2.208349e-19,2.52327e-05,-0.0015137363,0.1792136,0.0055359853,-1.145883e-31,-6.839107e-11,0.30175498,0.0004562965,-5.724359e-30,2.1142472e-22,-1.1934374e-29,6.6837667e-19,-6.442906e-05,2.7394652e-08,8.9644245e-30,-0.064329095,-1.0822903e-06,0.0010182713,-0.0059156846,0.21293798,-7.4873373e-29,3.3995027e-26,0.19329467
1103,0.21557692,0.0002500419,-2.3588782e-06,3.4796438e-28,-1.270467e-29,-4.375479e-23,-0.02809706,0.027838845,2.8018624e-19,1.8107308e-05,-0.0010571815,0.14398472,0.0039099827,-7.519643e-32,-3.131162e-11,0.24565408,0.00027373724,-6.096092e-30,2.0926204e-22,-1.410793e-29,7.5441467e-19,-4.3150263e-05,1.9175356e-08,9.44693e-30,-0.04986278,-6.3914354e-07,0.0006950067,-0.0042261714,0.17198434,-1.9805499e-29,4.577786e-26,0.1554291
1104,0.47266704,0.0009299417,-9.484096e-06,4.1468705e-28,4.057829e-30,-8.11761e-23,-0.07115324,0.072302714,1.5739169e-19,5.4171727e-05,-0.003342491,0.3253618,0.012055588,-6.722123e-33,-2.0948687e-10,0.53536665,0.001173066,-5.4061858e-30,1.8496377e-22,-8.4348404e-30,6.3665186e-19,-0.00014949893,6.202836e-08,8.683152e-30,-0.12374552,-2.8545694e-06,0.002307102,-0.012690476,0.38299134,-9.5401524e-29,1.9461057e-26,0.35056278
1105,0.22984853,0.0002923293,-2.865041e-06,3.849962e-28,-1.0399236e-29,-6.1558717e-23,-0.030505475,0.030325409,2.5309858e-19,2.0475345e-05,-0.0011927965,0.15405463,0.00438241,-7.621958e-32,-4.7655963e-11,0.26175413,0.00033046387,-5.913157e-30,2.0692868e-22,-1.2766153e-29,7.075732e-19,-4.9977963e-05,2.2510758e-08,8.265175e-30,-0.053973325,-8.014015e-07,0.0007920605,-0.0047155228,0.18369573,-3.6860897e-29,4.2567646e-26,0.16626939
1106,0.11701262,-8.5650245e-06,2.8322665e-07,3.7349319e-28,-1.678595e-29,-5.59114e-23,-0.01152176,0.0107168,3.0128017e-19,4.478923e-06,-0.000180898,0.074398056,0.0007798448,-1.0399021e-31,2.990394e-11,0.1346086,-6.7256275e-05,-6.173439e-30,2.159939e-22,-1.4183312e-29,7.4040115e-19,-2.8495124e-06,3.5783145e-09,7.01625e-30,-0.02143544,1.7660591e-07,7.832132e-05,-0.0009725867,0.09105887,-9.7942385e-30,5.409e-26,0.08058078
1107,0.14855209,6.8207155e-05,-4.2717693e-07,3.2949568e-28,-1.6910375e-29,-3.4442074e-23,-0.016781542,0.016150035,3.177344e-19,8.372139e-06,-0.0004488139,0.09664971,0.0017506545,-8.745597e-32,1.7795154e-11,0.17012545,3.3066608e-05,-6.3144006e-30,2.1448575e-22,-1.5145525e-29,7.8902194e-19,-1.4551646e-05,7.424376e-09,8.780208e-30,-0.030492455,-3.6949814e-08,0.0002652153,-0.0019836444,0.11694888,1.5315657e-30,5.3602063e-26,0.104510315
1108,0.044366926,-0.00020590046,2.4028532e-06,3.4684154e-28,-1.844248e-29,-4.19894e-23,0.00076899305,-0.0019844137,3.4392867e-19,-6.1553183e-06,0.00047869957,0.023031011,-0.0015629511,-1.1635692e-31,8.6683494e-11,0.05279371,-0.00032855105,-6.5325445e-30,2.2197703e-22,-1.5302749e-29,7.6083375e-19,2.8258342e-05,-9.529661e-09,6.201533e-30,-0.00038404018,8.404372e-07,-0.00038773357,0.0014604218,0.031366058,8.51707e-30,6.0312977e-26,0.025335558
1109,0.04041955,-0.00022477255,2.7431292e-06,2.8561575e-28,-1.414648e-29,-8.347092e-24,0.0015323032,-0.0027826354,3.822227e-19,-7.496292e-06,0.0005304904,0.02012369,-0.0017327666,-1.0191368e-31,1.0647466e-10,0.048412815,-0.00035487773,-7.0367176e-30,2.229889e-22,-1.658415e-29,7.855909e-19,3.1694908e-05,-1.2427154e-08,7.260879e-30,0.0008986369,9.596497e-07,-0.00042662304,0.0016342737,0.0280504,1.9501822e-29,5.859675e-26,0.022220634
1110,-0.3649145,-0.0013106456,1.4415839e-05,1.4203794e-28,-6.37017e-30,5.659698e-23,0.06975517,-0.07330705,5.9562774e-19,-6.615711e-05,0.0041662287,-0.26624978,-0.01467848,-1.6397831e-31,4.2403364e-10,-0.40805966,-0.0017923105,-9.455055e-30,2.5457645e-22,-2.0333117e-29,7.521549e-19,0.0002028157,-8.492468e-08,1.1527844e-30,0.117973946,4.619467e-06,-0.0029938992,0.015080634,-0.30487266,7.366873e-29,7.994217e-26,-0.28582215
1111,-0.3658439,-0.0013106246,1.44002e-05,1.3363221e-28,-5.746629e-30,7.018156e-23,0.06991467,-0.07347474,5.9307335e-19,-6.609507e-05,0.0041683414,-0.26697147,-0.01469528,-1.5867267e-31,4.2425252e-10,-0.40904617,-0.0017924922,-9.495558e-30,2.530137e-22,-2.0233116e-29,7.339841e-19,0.00020267433,-8.477217e-08,9.766504e-31,0.11827818,4.6137293e-06,-0.0029949541,0.015098346,-0.30568334,7.314102e-29,8.088197e-26,-0.28658396
1112,-0.13090941,-0.000687839,7.754527e-06,2.3727409e-28,-7.06386e-30,1.1002063e-23,0.030407708,-0.032629907,4.8326383e-19,-3.2628526e-05,0.002077186,-0.10087462,-0.007230093,-1.240427e-31,2.4489308e-10,-0.14455861,-0.00096740643,-8.205914e-30,2.3819694e-22,-1.8394853e-29,7.8218147e-19,0.000104882085,-4.3734854e-08,4.7170576e-30,0.05039551,2.5347783e-06,-0.0015194144,0.0073447796,-0.11263648,4.2325735e-29,6.241752e-26,-0.10793632
1113,-0.11966488,-0.0006464813,7.170654e-06,3.0598402e-28,-9.9597376e-30,-3.4768997e-23,0.028281732,-0.030423824,4.37168e-19,-3.0097559e-05,0.0019504618,-0.092648685,-0.00679543,-1.3822736e-31,2.1742097e-10,-0.13203268,-0.0009111634,-7.6656134e-30,2.3648712e-22,-1.6543878e-29,7.4658375e-19,9.7914126e-05,-3.9284515e-08,3.730669e-30,0.046815168,2.33865e-06,-0.0014274966,0.0068960874,-0.1032211,2.3046593e-29,6.1901163e-26,-0.09913427
1114,0.10003103,-5.2150514e-05,7.816534e-07,3.7961866e-28,-7.921398e-30,-6.569391e-23,-0.008738194,0.007832475,3.0879262e-19,1.979708e-06,-3.538048e-05,0.0624865,0.00025841594,-1.0472639e-31,4.6893003e-11,0.1154829,-0.00012444973,-6.508712e-30,2.184173e-22,-1.3700744e-29,6.949451e-19,4.173293e-06,1.9907276e-10,6.281577e-30,-0.01662416,3.3752394e-07,-2.428575e-05,-0.00042985845,0.07716558,-2.5530458e-29,4.6259595e-26,0.067753755
1115,0.16651294,0.000116446055,-8.464249e-07,3.5682956e-28,-9.7651434e-30,-1.1343267e-22,-0.019918922,0.019373093,2.850915e-19,1.0523436e-05,-0.0006119269,0.10941999,0.0023441846,-1.3598763e-31,1.01473e-11,0.19026491,9.747106e-05,-6.2112896e-30,2.2113263e-22,-1.353884e-29,7.2003736e-19,-2.1516877e-05,9.080729e-09,8.2454e-30,-0.035794735,-1.588844e-07,0.00038027368,-0.0026018675,0.13176617,-4.8824136e-29,4.213197e-26,0.118197404
1116,0.26553994,0.00037845835,-3.5927824e-06,3.4188697e-28,-9.960767e-30,-9.086986e-23,-0.036556263,0.036567044,2.579375e-19,2.455587e-05,-0.0014956333,0.17932086,0.0054936158,-1.0080717e-31,-5.827516e-11,0.30184075,0.0004431468,-5.9501978e-30,2.1175256e-22,-1.3498309e-29,7.4711635e-19,-6.266182e-05,2.5804422e-08,1.05819055e-29,-0.064342774,-1.0138467e-06,0.0010029243,-0.0058745714,0.2130597,-4.8805996e-29,3.8170514e-26,0.19339615
1117,0.28695783,0.00041540078,-3.634832e-06,2.7199564e-28,-1.0763663e-29,-1.6814585e-22,-0.040181804,0.040289816,2.796877e-19,2.5464895e-05,-0.001645369,0.19454171,0.006097516,-1.6612261e-31,-4.6019577e-11,0.32570907,0.0004900156,-6.0678187e-30,2.2549775e-22,-1.4409886e-29,8.1631885e-19,-6.673924e-05,2.3842428e-08,1.3053926e-29,-0.07058148,-1.0002352e-06,0.0011032145,-0.0065117553,0.23074883,-7.134827e-29,3.3833258e-26,0.20966834
1118,0.07433505,-0.00013571378,1.8346591e-06,3.202563e-28,-1.903681e-29,-9.1278584e-23,-0.004338231,0.00328286,3.446877e-19,-2.9460352e-06,0.00022976054,0.044328928,-0.00063837133,-1.4859371e-31,7.75188e-11,0.08636877,-0.00023660995,-6.471941e-30,2.2775563e-22,-1.5463144e-29,8.002326e-19,1.8133556e-05,-7.1387305e-09,7.817887e-30,-0.009149678,6.760117e-07,-0.00021485006,0.0004949481,0.056083657,-7.310463e-30,5.648927e-26,0.048176385
1119,0.06633939,-0.0001477219,1.8024621e-06,3.5782112e-28,-1.937729e-29,-6.7556205e-23,-0.0029991865,0.0019095615,3.2953369e-19,-3.1191685e-06,0.0002821444,0.038659558,-0.0008550929,-1.2619207e-31,6.97037e-11,0.07745439,-0.00025148736,-6.341193e-30,2.2250588e-22,-1.4876139e-29,7.677129e-19,1.9269697e-05,-5.949854e-09,6.643241e-30,-0.00683913,6.534351e-07,-0.00024930586,0.0007243254,0.049487077,-1.0440587e-30,5.8403755e-26,0.04211583
1120,-0.09064836,-0.0005680714,6.3029183e-06,3.1050028e-28,-1.6135522e-29,-3.797483e-23,0.02335863,-0.025329832,4.1963956e-19,-2.5766589e-05,0.001688568,-0.07209858,-0.0058617797,-1.3648393e-31,1.9034693e-10,-0.09940675,-0.00080764643,-7.310891e-30,2.3354862e-22,-1.6418601e-29,7.7552825e-19,8.5446125e-05,-3.3646963e-08,4.4983468e-30,0.038369987,2.0625494e-06,-0.0012425845,0.0059256265,-0.07935487,2.791406e-29,6.592106e-26,-0.077042736
1121,-0.066766515,-0.0005104842,5.736923e-06,2.9668322e-28,-1.724747e-29,-2.564884e-23,0.019472709,-0.021312907,4.2539663e-19,-2.2759543e-05,0.0014903626,-0.055353053,-0.0051449393,-1.2773777e-31,1.787637e-10,-0.07246719,-0.00073194574,-7.3040525e-30,2.323848e-22,-1.7138948e-29,8.0879906e-19,7.6566655e-05,-3.0414927e-08,5.4473266e-30,0.03164304,1.8897388e-06,-0.001103773,0.0051798467,-0.059818767,3.6756412e-29,6.569679e-26,-0.059007462
1122,0.024555355,-0.00026232123,3.02837e-06,3.300514e-28,-2.1404509e-29,-3.7016156e-23,0.00409282,-0.0054148957,3.6553403e-19,-9.230953e-06,0.0006636989,0.009112813,-0.0022108718,-1.1731724e-31,1.02864536e-10,0.030410081,-0.00040351466,-6.6215164e-30,2.2396243e-22,-1.6015838e-29,8.020545e-19,3.7249534e-05,-1.3387972e-08,6.553393e-30,0.005283959,1.0366717e-06,-0.00051925064,0.0021324595,0.015149854,2.30767e-29,6.406286e-26,0.010346077
1123,-0.17206901,-0.00080371427,9.018167e-06,2.544467e-28,-1.7681572e-29,-5.2352745e-23,0.036910746,-0.039323237,5.2038005e-19,-3.8999668e-05,0.0024538764,-0.12906528,-0.008525685,-1.4522653e-31,2.6638672e-10,-0.19151326,-0.0011201029,-8.025239e-30,2.4642874e-22,-1.8942657e-29,9.274477e-19,0.00012357124,-5.106903e-08,5.924883e-30,0.061471757,2.9248679e-06,-0.0017878743,0.008688776,-0.14583874,6.756696e-29,6.8496836e-26,-0.13844518
1124,0.10413472,-6.329169e-05,1.1612788e-06,2.7655167e-28,-1.841593e-29,-6.00944e-23,-0.009348728,0.008462869,3.694992e-19,7.5456774e-07,-2.4484238e-05,0.06544858,0.00028307363,-1.1897244e-31,6.585159e-11,0.11989391,-0.00014195923,-6.690117e-30,2.248961e-22,-1.6534352e-29,8.606299e-19,7.05861e-06,-3.35827e-09,9.740433e-30,-0.017790414,4.731212e-07,-3.776874e-05,-0.00046414975,0.08060644,1.0517413e-29,5.545266e-26,0.070877664
1125,0.6081296,0.0012342418,-1.1464386e-05,1.6877581e-28,4.8255198e-30,-3.9855399e-22,-0.0944397,0.096282154,1.8147508e-19,6.6633744e-05,-0.0044498495,0.4216271,0.016232003,-2.8057315e-31,-2.1216162e-10,0.68695927,0.0015689698,-5.4573704e-30,2.3922367e-22,-1.2218235e-29,8.440939e-19,-0.00019119892,6.596537e-08,2.1553672e-29,-0.16354501,-3.3747217e-06,0.0030708804,-0.017061364,0.49474236,-2.1524345e-28,-8.848702e-27,0.45369092
1126,0.6083696,0.0012559462,-1.2054257e-05,2.399101e-28,5.9939303e-30,-3.272203e-22,-0.09443335,0.096297026,1.4227465e-19,6.8880865e-05,-0.004495147,0.42164308,0.016319629,-2.1701742e-31,-2.41011e-10,0.68752325,0.0015997847,-5.1736975e-30,2.2484974e-22,-1.0764107e-29,7.580679e-19,-0.0001963682,7.1781315e-08,1.8955764e-29,-0.16350543,-3.586135e-06,0.0031085892,-0.017142478,0.4947984,-2.0149216e-28,-5.70943e-27,0.4538192
1127,0.46896458,0.0008685523,-7.688543e-06,1.664984e-28,6.605937e-30,-3.5116412e-22,-0.07075974,0.071805045,2.2560315e-19,4.734739e-05,-0.003209896,0.32285315,0.011782722,-2.9533435e-31,-1.13098336e-10,0.53052795,0.0010857107,-6.07939e-30,2.4452431e-22,-1.324973e-29,7.69533e-19,-0.00013432986,4.3177447e-08,1.8043033e-29,-0.12291116,-2.2008228e-06,0.0021985136,-0.012436378,0.38012746,-1.9848653e-28,3.9014718e-28,0.34755874
1128,-0.08285838,-0.00057017966,6.6275934e-06,2.1740533e-28,-1.8516306e-29,-4.32914e-23,0.022283427,-0.024234138,4.6903927e-19,-2.6679278e-05,0.0016708894,-0.06680988,-0.0057401345,-1.6341305e-31,2.1428996e-10,-0.09067603,-0.0008128686,-7.662261e-30,2.423051e-22,-1.8800456e-29,8.726597e-19,8.7100365e-05,-3.7459714e-08,7.0286076e-30,0.036420763,2.1881324e-06,-0.0012353474,0.005790989,-0.073068716,3.989852e-29,6.715792e-26,-0.07136553
1129,-0.24313624,-0.0009947529,1.1054387e-05,2.0639917e-28,-1.6267638e-29,-1.7262012e-24,0.04933543,-0.052185223,5.414672e-19,-4.921065e-05,0.0031017286,-0.18010148,-0.01085425,-1.6777464e-31,3.2857125e-10,-0.27109617,-0.0013737229,-8.448105e-30,2.503945e-22,-2.003729e-29,8.490271e-19,0.00015341527,-6.409758e-08,3.7628278e-30,0.08279904,3.5657633e-06,-0.0022437419,0.011106864,-0.20475948,7.037896e-29,7.6036725e-26,-0.19318503
1130,0.2764356,0.00039579725,-3.5892963e-06,2.8949524e-28,-9.334948e-30,-1.0172254e-22,-0.03841016,0.03847577,2.8842992e-19,2.4970283e-05,-0.001570327,0.18712665,0.00579583,-1.0856659e-31,-4.975087e-11,0.31398034,0.00046475418,-6.2091756e-30,2.1668159e-22,-1.4559138e-29,8.092803e-19,-6.455041e-05,2.4761984e-08,1.2376568e-29,-0.06755978,-9.983021e-07,0.0010522141,-0.006193094,0.22209623,-4.451229e-29,3.6235355e-26,0.20174053
1131,0.0457969,-0.00021529646,2.752774e-06,2.8401246e-28,-1.1421986e-29,-5.330609e-23,0.00045450777,-0.0016718842,3.902463e-19,-7.3752035e-06,0.0004892037,0.024239585,-0.0015594028,-1.1953296e-31,1.0902345e-10,0.05424899,-0.00034233462,-7.1208416e-30,2.2848608e-22,-1.6390154e-29,8.1039215e-19,3.0836898e-05,-1.3084108e-08,7.977074e-30,-0.000950031,9.707246e-07,-0.00039933762,0.0014521079,0.032688327,7.190574e-30,5.282548e-26,0.026564695
1132,0.21766555,0.00023980945,-1.9526888e-06,2.8407601e-28,-7.806309e-30,-8.78927e-23,-0.02849536,0.02823038,3.159754e-19,1.665881e-05,-0.0010452745,0.14559133,0.00392027,-1.1080421e-31,-6.837572e-12,0.2478216,0.0002586767,-6.527159e-30,2.199416e-22,-1.5001324e-29,7.9861336e-19,-4.0139603e-05,1.4842215e-08,1.1197312e-29,-0.050559707,-4.8798165e-07,0.0006820657,-0.004243657,0.17381287,-3.4802415e-29,3.8777e-26,0.15707624
1133,-0.29833937,-0.0011423603,1.2626697e-05,2.1427966e-28,-1.3900428e-29,-9.9668284e-24,0.05837284,-0.06151134,5.840489e-19,-5.717376e-05,0.0035917314,-0.21858604,-0.012588084,-1.5765508e-31,3.6653786e-10,-0.33352536,-0.0015682568,-8.818234e-30,2.5454396e-22,-2.0372398e-29,8.926439e-19,0.00017673365,-7.3437974e-08,3.469184e-30,0.09827164,4.05585e-06,-0.0025904924,0.012909448,-0.24975967,8.6597634e-29,7.496811e-26,-0.23466724
1134,-0.47419736,-0.001621226,1.7855396e-05,1.3909473e-28,-7.0644374e-30,2.3868962e-23,0.08806348,-0.09220353,7.014536e-19,-8.325731e-05,0.005187001,-0.34284687,-0.018251551,-1.7636447e-31,5.141143e-10,-0.5315753,-0.002202321,-1.013966e-29,2.7018812e-22,-2.2832277e-29,9.080555e-19,0.00025256514,-1.0634537e-07,1.4134626e-30,0.14915001,5.7029774e-06,-0.0037185154,0.018791236,-0.39420524,1.1729532e-28,8.01248e-26,-0.3683268
1135,-0.3589347,-0.0013094482,1.4497355e-05,1.6656778e-28,-9.037908e-30,1.3382909e-23,0.06873511,-0.072233796,6.2713784e-19,-6.639169e-05,0.0041473494,-0.2616486,-0.014562064,-1.6846393e-31,4.2476278e-10,-0.4016337,-0.0017900328,-9.425247e-30,2.6062563e-22,-2.1473138e-29,8.732964e-19,0.00020332156,-8.5653355e-08,2.6515619e-30,0.11603937,4.6505183e-06,-0.0029835682,0.01495849,-0.29969257,9.177742e-29,7.579956e-26,-0.28094694
1136,0.18686348,0.00014796061,-6.6065695e-07,2.4104978e-28,9.8673336e-30,-1.659346e-22,-0.023177814,0.022681683,3.2164246e-19,1.0628461e-05,-0.0007486162,0.123462096,0.0028927373,-1.9539566e-31,4.8537202e-11,0.21325228,0.00013640954,-7.195624e-30,2.3694989e-22,-1.4320022e-29,6.7014523e-19,-2.419258e-05,4.1978936e-09,9.953469e-30,-0.041330665,-5.2446467e-08,0.0004707023,-0.0031821998,0.14829543,-1.0530142e-28,2.1959694e-26,0.13327393
1137,0.22684735,0.00027218793,-2.3726634e-06,3.343258e-28,-6.662186e-30,-1.3420718e-22,-0.029982198,0.029754434,2.6077068e-19,1.8494393e-05,-0.0011406769,0.15183114,0.004240987,-1.517191e-31,-2.1397162e-11,0.25828698,0.00030253828,-6.1096373e-30,2.2136634e-22,-1.323654e-29,6.9846397e-19,-4.5447152e-05,1.7425432e-08,9.441786e-30,-0.05302716,-6.238222e-07,0.00075216335,-0.004575704,0.1811899,-7.4631284e-29,3.574908e-26,0.16382673
1138,0.81060314,0.0017972554,-1.8218632e-05,4.294025e-28,2.5786797e-29,-1.847906e-22,-0.12755519,0.13052121,3.660388e-20,9.908863e-05,-0.0062853103,0.56369483,0.02262066,3.7863202e-32,-4.1318932e-10,0.91600907,0.002318145,-4.800792e-30,1.6350864e-22,-1.3394271e-30,5.4849416e-19,-0.00028339968,1.1231914e-07,7.998005e-30,-0.2206378,-5.543129e-06,0.004377174,-0.023679748,0.66034555,-2.0520805e-28,-1.5432813e-26,0.6069133
1139,0.43198657,0.00078611745,-7.702662e-06,3.4372072e-28,2.5486974e-31,-5.832883e-23,-0.06375335,0.06463994,2.4309086e-19,4.574277e-05,-0.002887664,0.29636127,0.010510891,2.0613927e-32,-1.5375864e-10,0.48949012,0.0009805991,-5.9791635e-30,1.8417833e-22,-8.2007045e-30,7.4376276e-19,-0.00012562438,4.993692e-08,5.269415e-30,-0.11137121,-2.282219e-06,0.0019799408,-0.011096151,0.3494575,-5.496205e-29,3.2111125e-26,0.31938723
1140,0.65135413,0.0013744344,-1.39410095e-05,4.2561747e-28,1.5363826e-29,-1.0116925e-22,-0.100602835,0.10269734,1.1784359e-19,7.713461e-05,-0.0048574503,0.45117903,0.017514288,6.944306e-32,-3.1324887e-10,0.73670447,0.0017595165,-5.245448e-30,1.6396456e-22,-3.1017974e-30,6.1027607e-19,-0.00021796723,8.7805645e-08,4.738247e-30,-0.17453724,-4.227055e-06,0.0033711384,-0.01837106,0.52952915,-1.3047475e-28,7.356381e-27,0.4859449
1141,0.18457481,0.0001553151,-1.215757e-06,2.9513954e-28,-1.3414253e-29,-2.8145746e-23,-0.022849198,0.022415705,3.3573268e-19,1.2682849e-05,-0.00075433357,0.122200415,0.002862881,-6.7275987e-32,4.4514392e-12,0.21062067,0.0001473102,-6.541211e-30,2.131076e-22,-1.5464745e-29,8.307566e-19,-2.7670678e-05,1.1589847e-08,1.0103986e-29,-0.040944733,-2.7233477e-07,0.00047812494,-0.0031418568,0.14661244,5.0287957e-30,4.900524e-26,0.13196096
1142,0.055153728,-0.00018672948,2.3036505e-06,2.9345274e-28,-2.2394421e-29,-1.6010407e-23,-0.0009844489,-0.00017006323,3.7537012e-19,-5.328793e-06,0.00040239212,0.030649751,-0.0012681363,-1.0308114e-31,8.901177e-11,0.064894855,-0.00030460814,-6.685392e-30,2.2193235e-22,-1.6800967e-29,8.4115314e-19,2.5619702e-05,-9.329195e-09,7.9972676e-30,-0.0034562722,8.164411e-07,-0.00033649802,0.0011509368,0.0402328,3.307581e-29,6.457651e-26,0.033518665
1143,0.24891496,0.0003208826,-2.8712666e-06,2.3710174e-28,-1.4414576e-29,1.1645329e-23,-0.033571515,0.033492018,3.381716e-19,2.139985e-05,-0.0013189509,0.16745748,0.004882453,-4.3682228e-32,-3.0230235e-11,0.28318503,0.00036456797,-6.5707915e-30,2.0859916e-22,-1.6779862e-29,8.757109e-19,-5.344986e-05,2.1179108e-08,1.2922421e-29,-0.059348434,-7.8048265e-07,0.0008746232,-0.0052424883,0.19932732,1.5982697e-29,4.8515636e-26,0.18066788
1144,-0.5118589,-0.0017095087,1.877347e-05,3.6467676e-29,-5.960407e-30,1.148432e-22,0.09452889,-0.098917395,7.0031323e-19,-8.7810884e-05,0.0054940265,-0.37011504,-0.019396773,-1.713176e-31,5.470927e-10,-0.57353044,-0.0023216517,-1.0540739e-29,2.650689e-22,-2.2870197e-29,7.876597e-19,0.0002658418,-1.1225357e-07,1.3745723e-31,0.16046757,5.9905174e-06,-0.0039331997,0.019979078,-0.42559505,1.1369679e-28,9.2307e-26,-0.3975455
1145,-1.0707648,-0.0031929472,3.4751443e-05,-2.780591e-28,3.3544132e-30,2.7368632e-22,0.18828715,-0.19586267,9.92735e-19,-0.00016791878,0.010462869,-0.7650002,-0.03712424,-2.3784946e-31,9.87206e-10,-1.2028493,-0.0042884722,-1.4136115e-29,3.0086791e-22,-2.7577602e-29,6.8396194e-19,0.00049928017,-2.1166053e-07,-7.462087e-30,0.32164767,1.1000777e-05,-0.0074417004,0.0383885,-0.88468015,1.8667834e-28,1.3300523e-25,-0.82234025
1146,-1.2127491,-0.0035935636,3.925363e-05,-3.0295492e-28,1.8622018e-29,2.5900502e-22,0.2122791,-0.22065495,1.1244661e-18,-0.00019018694,0.011782831,-0.8650089,-0.04176893,-2.4844586e-31,1.1190545e-09,-1.3629571,-0.004817602,-1.5594468e-29,3.2053885e-22,-3.0252002e-29,7.5382536e-19,0.00056354736,-2.406015e-07,-8.510209e-30,0.36259103,1.2431204e-05,-0.008377697,0.043212958,-1.0010775,2.1104511e-28,1.2160547e-25,-0.92996514
1147,-0.99266624,-0.0030102683,3.3011587e-05,-1.7299244e-28,1.9248704e-29,1.8022676e-22,0.1752429,-0.18236002,1.0165543e-18,-0.00015884395,0.009825134,-0.709302,-0.03477645,-2.202926e-31,9.484098e-10,-1.1152518,-0.004043944,-1.4329184e-29,3.0813114e-22,-2.8165284e-29,7.962494e-19,0.00047199547,-2.0195162e-07,-5.3631973e-30,0.29892513,1.0477435e-05,-0.006996041,0.035951655,-0.8201601,1.7588095e-28,1.00195744e-25,-0.7625068
1148,-0.5865277,-0.0019262384,2.1378295e-05,3.4512135e-29,1.949606e-29,6.463407e-23,0.10687299,-0.11167787,8.027375e-19,-0.000100458754,0.0061931335,-0.42215073,-0.021828156,-1.661291e-31,6.315845e-10,-0.65799236,-0.0026070946,-1.1986423e-29,2.8143498e-22,-2.3883496e-29,8.233948e-19,0.00030150928,-1.2985888e-07,9.815773e-32,0.18151295,6.833666e-06,-0.0044315653,0.02250501,-0.48643115,1.0531531e-28,6.5816835e-26,-0.45365462
1149,-0.39681244,-0.001390295,1.5474448e-05,1.3740873e-28,-1.3727968e-31,-8.389696e-23,0.07366276,-0.07733355,6.3767157e-19,-7.129414e-05,0.0044074003,-0.28657252,-0.015476803,-1.8537708e-31,4.4334791e-10,-0.44521073,-0.0018972658,-9.815411e-30,2.668372e-22,-1.8143234e-29,8.5534337e-19,0.00021670092,-9.177601e-08,3.506097e-30,0.124880694,4.9577347e-06,-0.0031691804,0.015906282,-0.3295936,4.8706016e-29,6.784793e-26,-0.30816573
1150,0.36984253,0.0006674601,-6.5738996e-06,3.539321e-28,1.4479069e-29,-1.0633373e-22,-0.054261405,0.05482809,1.9318596e-19,3.969383e-05,-0.0024621622,0.25291306,0.008906229,-7.9953323e-32,-1.2230383e-10,0.4195231,0.0008255581,-6.1982884e-30,2.045839e-22,-1.05780845e-29,5.6578244e-19,-0.00010784284,4.3026386e-08,1.0554148e-29,-0.09450484,-1.9306042e-06,0.0016862028,-0.009418041,0.29865098,-1.2392413e-28,1.1419341e-26,0.27256492
1151,0.56721556,0.0011413256,-1.081427e-05,1.8901068e-28,5.7780817e-30,-2.3462162e-22,-0.08740598,0.089045346,2.1260139e-19,6.2862586e-05,-0.004118007,0.3925146,0.014974014,-1.6078506e-31,-2.0313093e-10,0.6412568,0.0014468366,-5.89131e-30,2.200213e-22,-1.3425303e-29,8.315974e-19,-0.0001785488,6.4399885e-08,2.0152474e-29,-0.15152395,-3.1965071e-06,0.0028408405,-0.015744235,0.4609538,-1.4829162e-28,5.9912753e-28,0.42252383
1152,0.38848907,0.0006826615,-6.39865e-06,2.3451933e-28,-5.679781e-30,-1.1392652e-22,-0.05721869,0.0578946,2.7160615e-19,3.97156e-05,-0.0025505149,0.26619226,0.009320733,-1.0476095e-31,-1.09534104e-10,0.44016728,0.00084224343,-6.15287e-30,2.141561e-22,-1.4827169e-29,8.427314e-19,-0.00010865929,4.0497223e-08,1.5737643e-29,-0.099822916,-1.8558524e-06,0.0017403101,-0.009860667,0.31408176,-6.424595e-29,2.654978e-26,0.28676227
1153,0.14824319,4.1757943e-05,3.2862317e-07,2.5202652e-28,-1.5096974e-29,-1.6323673e-22,-0.016859002,0.016196571,3.521193e-19,5.428785e-06,-0.0003941597,0.09670937,0.0016532708,-1.9073944e-31,5.4435345e-11,0.1693519,-3.9653387e-06,-6.583068e-30,2.3683992e-22,-1.5935668e-29,8.630036e-19,-7.953313e-06,-2.577316e-10,1.12761566e-29,-0.030631967,2.3562393e-07,0.00021964055,-0.0018951129,0.1169324,-3.864284e-29,4.4987835e-26,0.10440744
1154,-0.18472528,-0.000831118,9.228034e-06,2.677139e-28,-1.6008915e-29,-4.1156546e-23,0.039311033,-0.04181899,4.892368e-19,-4.0256597e-05,0.002559709,-0.13858506,-0.008933669,-1.6517567e-31,2.7309535e-10,-0.20542458,-0.0011560844,-7.920114e-30,2.4567199e-22,-1.8271258e-29,8.2382484e-19,0.00012743655,-5.2351588e-08,3.9188826e-30,0.06564805,2.987126e-06,-0.0018597111,0.009113984,-0.15662375,4.7498997e-29,6.994815e-26,-0.14856946
1155,-0.73682874,-0.0023160488,2.538525e-05,-5.9744273e-30,-8.751576e-31,6.305194e-23,0.13170804,-0.13732687,8.4683463e-19,-0.000120974,0.007507726,-0.52777773,-0.026516944,-2.0714724e-31,7.1860873e-10,-0.82763064,-0.003123385,-1.1892723e-29,2.890376e-22,-2.4359185e-29,8.889873e-19,0.00036221478,-1.5318487e-07,-1.3885827e-30,0.22423616,8.065135e-06,-0.0053584604,0.027373977,-0.60951376,1.45451e-28,9.5403574e-26,-0.56739753
1156,-0.43420422,-0.0015004885,1.6527349e-05,1.2645983e-28,-9.187402e-30,1.3866547e-23,0.0808837,-0.08478859,6.612972e-19,-7.6668526e-05,0.004786846,-0.31420273,-0.016846433,-1.7093375e-31,4.7390425e-10,-0.48669377,-0.002043291,-9.816466e-30,2.6399903e-22,-2.1032047e-29,8.739884e-19,0.00023329406,-9.781094e-08,2.1385962e-30,0.13703561,5.2810865e-06,-0.0034352243,0.017330889,-0.3611105,9.8234344e-29,8.229826e-26,-0.33760938
1157,-0.5015135,-0.0017057047,1.8967747e-05,1.0795141e-28,-9.818812e-31,-1.4015908e-23,0.09223236,-0.09650326,7.709644e-19,-8.84544e-05,0.00544569,-0.3612628,-0.019118834,-1.6893819e-31,5.4808175e-10,-0.562858,-0.002314326,-1.0776928e-29,2.7889007e-22,-2.3747076e-29,1.0195495e-18,0.0002669654,-1.1393202e-07,3.3592894e-30,0.15624428,6.065407e-06,-0.0039059487,0.019689405,-0.4160412,1.3003345e-28,7.1669055e-26,-0.38832492
1158,-0.28729892,-0.0011241356,1.2655404e-05,1.9210471e-28,-7.4220254e-30,-5.733104e-23,0.05602277,-0.059072964,6.370638e-19,-5.688832e-05,0.0035046437,-0.20981155,-0.012221318,-1.4314848e-31,3.7168377e-10,-0.32165778,-0.0015443852,-9.2901474e-30,2.606916e-22,-2.0873033e-29,1.0101084e-18,0.00017504177,-7.437886e-08,6.1662025e-30,0.09419067,4.0799787e-06,-0.0025341304,0.012525569,-0.24003062,9.274744e-29,6.3346665e-26,-0.22543806
1159,-0.030394115,-0.00046611764,6.235764e-06,1.0972507e-28,-2.2541535e-30,-1.9284693e-22,0.012698378,-0.014347058,5.614634e-19,-2.333166e-05,0.0012570699,-0.028240822,-0.004116181,-2.0289672e-31,2.2841339e-10,-0.03262019,-0.00067735626,-8.61728e-30,2.6515051e-22,-1.9737363e-29,1.0705841e-18,7.43457e-05,-3.874927e-08,1.3078632e-29,0.019914076,2.119968e-06,-0.0009561565,0.0040904908,-0.028922737,9.193836e-30,3.8425825e-26,-0.030282438
1160,0.66028404,0.0013834988,-1.3403451e-05,7.995402e-29,2.8101093e-30,-2.149058e-22,-0.102800235,0.10495314,1.5925062e-19,7.5867254e-05,-0.0049309367,0.45797032,0.01787246,-1.508938e-31,-2.7035835e-10,0.74628615,0.001767453,-4.926413e-30,2.2202388e-22,-1.0650702e-29,8.206981e-19,-0.00021661606,8.031543e-08,1.8416717e-29,-0.17803335,-4.0072227e-06,0.0034143275,-0.018755812,0.5371924,-1.5723944e-28,5.5756566e-27,0.49299255
1161,1.0703827,0.0024353233,-2.3450075e-05,9.929132e-31,3.0451935e-29,-5.7565586e-22,-0.17204498,0.176385,-1.3831184e-20,0.00012856015,-0.008523636,0.7476607,0.030842453,-3.534924e-31,-4.8085735e-10,1.2076848,0.0031541993,-4.0646575e-30,2.4391594e-22,-6.209523e-30,7.235869e-19,-0.0003763244,1.3366746e-07,2.767148e-29,-0.29654762,-7.049586e-06,0.0059371768,-0.032257162,0.8741072,-3.9908246e-28,-5.896097e-26,0.80431557
1162,0.15650922,5.2548712e-05,4.965832e-07,1.4630096e-28,5.034366e-30,-1.2524637e-22,-0.017945554,0.017277252,3.8492938e-19,5.2113137e-06,-0.0004450099,0.101995975,0.0018441072,-1.8633502e-31,8.596496e-11,0.17901942,8.489587e-06,-7.5645194e-30,2.4192794e-22,-1.6451297e-29,7.7508576e-19,-8.652882e-06,-3.480352e-09,1.1191799e-29,-0.03246405,3.189623e-07,0.00025285548,-0.0020970395,0.12336104,-6.5993476e-29,3.0730964e-26,0.11017441
1163,-0.53866434,-0.0018223855,2.0639705e-05,-5.149997e-29,2.2453716e-29,2.6173351e-23,0.09940216,-0.104004785,7.986044e-19,-9.594631e-05,0.0058261557,-0.38926393,-0.020470433,-2.4098633e-31,6.365414e-10,-0.6037849,-0.0024723595,-1.21138315e-29,2.9273972e-22,-2.521131e-29,8.0195016e-19,0.00028679124,-1.2826547e-07,1.6261727e-30,0.1686557,6.6368257e-06,-0.0041764732,0.021084286,-0.4476948,6.685482e-29,5.991887e-26,-0.41818395
1164,-0.30469838,-0.0011771307,1.3368894e-05,9.4087e-29,3.0602816e-30,1.9089582e-23,0.059671868,-0.06289303,6.4749723e-19,-6.006256e-05,0.0036838972,-0.22344598,-0.012882175,-1.5945676e-31,4.1479342e-10,-0.34049872,-0.0016168538,-9.991263e-30,2.623671e-22,-2.214365e-29,8.728193e-19,0.00018361644,-8.053462e-08,4.822342e-30,0.10050196,4.3239934e-06,-0.0026603127,0.013208597,-0.255209,7.34755e-29,6.26291e-26,-0.23986721
1165,-0.2512455,-0.0010301808,1.17769705e-05,1.1232965e-28,6.400687e-30,1.9540697e-23,0.050721906,-0.053650334,6.0888873e-19,-5.2100477e-05,0.0031961964,-0.18584935,-0.011160732,-1.5047473e-31,3.74198e-10,-0.2801681,-0.0014223054,-9.7717766e-30,2.570869e-22,-2.1182518e-29,8.2170866e-19,0.00016033271,-7.076459e-08,4.9168615e-30,0.08519306,3.8259445e-06,-0.002314967,0.011421386,-0.21142226,5.3786613e-29,5.724479e-26,-0.19939074
1166,0.5622078,0.001152144,-1.1327476e-05,2.6107697e-28,1.2460767e-29,-1.1446601e-22,-0.08657633,0.0882179,1.9741242e-19,6.471049e-05,-0.004126848,0.38894707,0.014916697,-4.718305e-32,-2.28634e-10,0.6359446,0.0014633478,-6.0135613e-30,1.9985265e-22,-1.2498762e-29,7.513715e-19,-0.00018233497,7.019362e-08,1.7833795e-29,-0.15008259,-3.385698e-06,0.0028529486,-0.015671808,0.4567683,-1.1568532e-28,7.4367397e-28,0.4188055
1167,-0.27490735,-0.0010957645,1.25015795e-05,1.2102499e-28,5.3315158e-30,-5.1262485e-24,0.054417696,-0.057454683,6.382805e-19,-5.5731693e-05,0.003408243,-0.20198742,-0.011893886,-1.4608371e-31,3.8881506e-10,-0.3071509,-0.0015085912,-9.889309e-30,2.6059627e-22,-2.1424123e-29,8.924852e-19,0.00017091137,-7.4994176e-08,5.559971e-30,0.09149481,4.0516425e-06,-0.0024662074,0.012183009,-0.23046902,6.756666e-29,5.656177e-26,-0.21686006
1168,-0.52707124,-0.0017862704,2.0088906e-05,3.834505e-29,1.1069231e-29,-1.8075302e-23,0.09653132,-0.10096742,8.260637e-19,-9.355441e-05,0.005696633,-0.37927252,-0.019979205,-1.7738443e-31,5.9456e-10,-0.5916867,-0.002422186,-1.1641801e-29,2.875419e-22,-2.4812776e-29,1.0250717e-18,0.0002807554,-1.2248438e-07,4.1638677e-30,0.16361469,6.4401147e-06,-0.0040867887,0.020579027,-0.43698773,1.2119068e-28,6.1931436e-26,-0.40773705
1169,-1.0813477,-0.0032814469,3.617732e-05,-1.5007845e-28,3.031142e-29,1.2526191e-22,0.19033197,-0.19792983,1.1484488e-18,-0.00017429193,0.01070066,-0.77141345,-0.03779829,-2.252947e-31,1.0416714e-09,-1.2155528,-0.004400905,-1.5418019e-29,3.2873275e-22,-3.152791e-29,9.773859e-19,0.000516355,-2.2264146e-07,-4.5738354e-30,0.32440153,1.1491755e-05,-0.0076204436,0.039090108,-0.8926032,2.1347434e-28,8.3431187e-26,-0.8294065
1170,-0.49267006,-0.0017160014,1.9850497e-05,-6.6140214e-29,2.922712e-29,-8.777366e-23,0.090961255,-0.09527572,8.393601e-19,-9.136446e-05,0.005433504,-0.3554433,-0.018983252,-2.546859e-31,6.209836e-10,-0.55282426,-0.0023319013,-1.23909465e-29,3.0361446e-22,-2.509812e-29,9.500544e-19,0.00027197032,-1.2485714e-07,5.6116283e-30,0.15413773,6.413152e-06,-0.0039064335,0.019533433,-0.4090081,5.121039e-29,4.1878237e-26,-0.38211548
1171,0.14921096,1.3962679e-05,1.3434719e-06,5.8938464e-29,2.0108252e-29,-1.6995245e-22,-0.016588256,0.015825856,4.2837887e-19,1.8229039e-06,-0.00034151808,0.09656973,0.0015285462,-2.4210247e-31,1.3568721e-10,0.17082953,-4.498905e-05,-8.521316e-30,2.559118e-22,-1.7722383e-29,7.434904e-19,-6.831615e-07,-1.1799681e-08,1.2752482e-29,-0.030086085,6.2381855e-07,0.00017472438,-0.0017782832,0.11722068,-1.0747549e-28,1.5566814e-26,0.10431015
1172,1.1499118,0.0026633763,-2.6341238e-05,2.911512e-28,5.455359e-29,-4.5014685e-22,-0.1848799,0.18964952,-7.030363e-20,0.00014213557,-0.009255031,0.8033546,0.03334986,-1.2213342e-31,-5.699427e-10,1.2978125,0.0034587218,-4.626474e-30,1.856299e-22,3.5525132e-31,4.926754e-19,-0.00041445033,1.5441682e-07,1.8131291e-29,-0.31871897,-7.986434e-06,0.0064604282,-0.034849863,0.9390827,-3.9776012e-28,-7.366111e-26,0.86446434
1173,0.44606793,0.00079939904,-7.4808067e-06,2.5938092e-28,3.2545207e-32,-1.2742434e-22,-0.06604546,0.066957235,2.5662477e-19,4.52402e-05,-0.0029588751,0.30634117,0.010839404,-1.17325386e-32,-1.3745599e-10,0.5050919,0.0009950153,-6.1440667e-30,1.8551312e-22,-4.550813e-30,7.3827607e-19,-0.00012587299,4.6389285e-08,1.843829e-30,-0.11532412,-2.1903495e-06,0.0020242054,-0.011452922,0.3611033,-8.9490796e-29,3.8476783e-26,0.33001092
1174,1.2573617,0.002874885,-2.884121e-05,4.22095e-28,5.271069e-29,-1.889203e-22,-0.20051512,0.20580865,5.4764526e-22,0.00015423798,-0.009982301,0.87792283,0.03600613,3.0112775e-31,-6.534123e-10,1.4194382,0.0037381586,-4.8173376e-30,9.9272793e-23,1.3920543e-29,5.5954545e-19,-0.0004484323,1.7303724e-07,-6.968414e-30,-0.34684896,-8.803516e-06,0.0069683716,-0.03761821,1.0265428,-2.5209027e-28,-3.4483156e-26,0.9450911
1175,0.37280905,0.0005928906,-5.3776075e-06,3.0638457e-28,3.1292119e-30,-7.3599605e-23,-0.05338714,0.053909462,3.3292226e-19,3.4490284e-05,-0.0022688792,0.2545998,0.008390901,4.49403e-32,-8.515888e-11,0.4226236,0.0007237984,-6.719152e-30,1.857689e-22,-6.5860876e-30,8.2436386e-19,-9.372556e-05,3.442943e-08,2.9915673e-31,-0.093912296,-1.5385342e-06,0.0015368841,-0.008903536,0.3009397,-3.0946402e-29,3.7843235e-26,0.27442697
1176,0.28644124,0.00038538763,-3.2825337e-06,2.6257245e-28,-2.7183358e-30,-4.458177e-23,-0.039442893,0.039529074,3.6648413e-19,2.3836212e-05,-0.001563064,0.19401972,0.0058364207,2.7456962e-33,-3.3527014e-11,0.32524288,0.00044956803,-6.9510874e-30,2.0056073e-22,-1.16979194e-29,8.796392e-19,-6.189437e-05,2.230352e-08,6.2607958e-30,-0.06975283,-8.906716e-07,0.0010410356,-0.0062431367,0.23024693,-2.9521497e-30,4.1104368e-26,0.20919803
1177,0.3508072,0.00058241753,-5.456188e-06,1.858904e-28,-9.272436e-30,2.6713405e-23,-0.050759334,0.051248107,3.4118367e-19,3.4956433e-05,-0.0022146204,0.23955177,0.00810025,-6.3283796e-33,-8.6177815e-11,0.39787504,0.0007088663,-6.704826e-30,2.0325039e-22,-1.7372711e-29,9.350437e-19,-9.382667e-05,3.6057703e-08,1.6405712e-29,-0.08885994,-1.5717762e-06,0.0015030403,-0.008588792,0.2830957,1.5112357e-29,3.8697008e-26,0.25817552
1178,-0.072209015,-0.00054105243,6.3700645e-06,1.24908e-28,-1.0077907e-29,7.725248e-23,0.020641709,-0.022548767,5.0686443e-19,-2.506269e-05,0.0015690937,-0.059638515,-0.005404247,-9.10467e-32,2.213823e-10,-0.07834279,-0.000776433,-8.431802e-30,2.326239e-22,-2.0157482e-29,8.5133134e-19,8.2246675e-05,-3.613356e-08,7.925058e-30,0.033645503,2.1157375e-06,-0.001164308,0.0054423455,-0.064573795,6.5523736e-29,6.7539325e-26,-0.06356309
1179,-0.640429,-0.0020475814,2.2629301e-05,-2.5776875e-28,3.692757e-30,3.0482721e-22,0.11625232,-0.121432185,8.0543233e-19,-0.00010641114,0.006618853,-0.46175188,-0.023446448,-1.4675504e-31,6.8024136e-10,-0.7177371,-0.0027754656,-1.2430539e-29,2.6523266e-22,-2.5451736e-29,6.713729e-19,0.00031912586,-1.3783409e-07,-2.5497695e-31,0.19808143,7.220695e-06,-0.0047292598,0.02417751,-0.5317467,1.3680928e-28,1.1146412e-25,-0.49601254
1180,-1.8770723,-0.00534832,5.8000143e-05,-6.4569286e-28,2.6381927e-29,4.636144e-22,0.3239729,-0.3361495,1.4303848e-18,-0.00028449987,0.0176778,-1.3348935,-0.062836505,-3.3790006e-31,1.631238e-09,-2.110665,-0.0071436176,-1.949182e-29,3.5923383e-22,-3.5127572e-29,5.516653e-19,0.00083893084,-3.5667284e-07,-1.9327754e-29,0.5546397,1.8298982e-05,-0.012536669,0.06509342,-1.5471063,2.8814201e-28,1.7514263e-25,-1.4353245
1181,-2.0347626,-0.0057621617,6.239171e-05,-7.4011543e-28,2.910615e-29,5.4025496e-22,0.35066685,-0.3637611,1.4922524e-18,-0.0003066216,0.01907407,-1.4468116,-0.067845464,-3.5768563e-31,1.7541739e-09,-2.287912,-0.0076925782,-2.0444342e-29,3.659983e-22,-3.6281947e-29,4.544981e-19,0.0009036094,-3.8391622e-07,-2.2560521e-29,0.6005696,1.9673178e-05,-0.01352056,0.07029599,-1.6769754,3.0256032e-28,1.8987988e-25,-1.5556154
1182,-1.7216096,-0.00499424,5.4780226e-05,-5.276266e-28,5.354539e-29,3.2293103e-22,0.29803875,-0.30930722,1.5221734e-18,-0.0002672173,0.016425902,-1.224048,-0.05820357,-2.871698e-31,1.5682322e-09,-1.9363211,-0.0066718273,-2.019654e-29,3.7361518e-22,-3.817624e-29,8.5835276e-19,0.0007865517,-3.3944872e-07,-1.3030117e-29,0.5094377,1.7342927e-05,-0.011665151,0.060280103,-1.4186834,2.9663592e-28,1.1739135e-25,-1.3162661
1183,-1.7608124,-0.005080351,5.569811e-05,-5.3646817e-28,3.9509324e-29,2.060367e-22,0.3029473,-0.31434864,1.5375536e-18,-0.00027201243,0.016701782,-1.249348,-0.059150957,-3.0615623e-31,1.5661963e-09,-1.9818143,-0.006785905,-1.9804e-29,3.7860992e-22,-3.5657847e-29,1.0088424e-18,0.00080044224,-3.4383808e-07,-1.0454052e-29,0.5181484,1.7612876e-05,-0.011862795,0.061260723,-1.4492949,3.0059024e-28,1.277886e-25,-1.3439962
1184,-0.8173766,-0.0025316451,2.823764e-05,-2.0001738e-28,3.3670428e-29,4.546141e-23,0.14413065,-0.1502183,9.669456e-19,-0.00013427094,0.008189717,-0.58332366,-0.02890398,-1.9821132e-31,8.2472773e-10,-0.91894567,-0.0034120937,-1.4185891e-29,3.0350965e-22,-2.3842989e-29,8.3872154e-19,0.0003983218,-1.7377295e-07,5.82862e-31,0.2459234,9.003383e-06,-0.0058476226,0.029845279,-0.6747653,1.0242991e-28,7.209327e-26,-0.627494
1185,-0.14981683,-0.0007485246,9.37187e-06,-8.1511205e-29,1.5291833e-29,-1.3705377e-22,0.031818558,-0.034179565,5.798555e-19,-3.8906852e-05,0.0022113544,-0.1122413,-0.0075895623,-2.2274934e-31,3.25875e-10,-0.1670734,-0.001055275,-1.0009305e-29,2.658244e-22,-1.6991234e-29,8.0708493e-19,0.00011862012,-5.919401e-08,1.1033357e-29,0.053445324,3.1110767e-06,-0.0016282331,0.007693424,-0.1267986,-5.0447165e-29,4.483936e-26,-0.12078785
1186,1.1202849,0.0026208009,-2.6246891e-05,1.7282367e-28,3.389486e-29,-2.231456e-22,-0.1805903,0.18529549,-1.0299433e-20,0.0001415145,-0.009095706,0.7829078,0.03268516,-3.0925587e-32,-5.7772404e-10,1.2645215,0.0034007856,-4.7649252e-30,1.7766227e-22,-8.671409e-30,6.972827e-19,-0.00041034646,1.5691461e-07,2.9464264e-29,-0.31112355,-7.986173e-06,0.006351322,-0.034146454,0.91497356,-2.6873882e-28,-5.182359e-26,0.84247434
1187,0.8547133,0.0018656482,-1.776257e-05,-4.4704686e-30,1.0879864e-29,-2.577072e-22,-0.13573937,0.13895485,2.1598492e-19,9.975617e-05,-0.0066106576,0.595651,0.023975521,-1.3924847e-31,-3.4608866e-10,0.9648005,0.0023986201,-5.9680236e-30,2.1684883e-22,-1.57635e-29,1.0330791e-18,-0.00028929123,1.0275099e-07,3.095926e-29,-0.23451409,-5.307448e-06,0.004586989,-0.025113832,0.69715804,-1.6979273e-28,-2.0712233e-26,0.6408937
1188,0.062878475,-0.00020070671,3.126498e-06,1.312382e-28,-5.1899057e-30,-7.259138e-23,-0.0023100711,0.00115088,4.67951e-19,-8.0616755e-06,0.00039889873,0.036255583,-0.0011507696,-1.5307533e-31,1.4715985e-10,0.07333493,-0.00032681617,-7.9960865e-30,2.4230702e-22,-1.9132727e-29,9.156316e-19,3.082805e-05,-1.8578248e-08,1.188285e-29,-0.0057559833,1.1311608e-06,-0.00034411275,0.0010150825,0.046725817,4.4401713e-30,4.556028e-26,0.039410837
1189,-0.70897806,-0.0022411374,2.4684652e-05,-2.742541e-29,-1.4655575e-30,2.3616741e-23,0.1267053,-0.13216406,8.358762e-19,-0.0001172779,0.007249068,-0.507724,-0.025578856,-2.2374275e-31,7.008237e-10,-0.79650795,-0.0030250505,-1.1777469e-29,2.9080096e-22,-2.3607933e-29,9.040746e-19,0.0003509163,-1.493638e-07,-8.5961927e-32,0.21574709,7.851322e-06,-0.0051774695,0.026396204,-0.58638144,1.2792609e-28,9.3416945e-26,-0.5459348
1190,-1.6686913,-0.0047828746,5.215423e-05,-5.111034e-28,-4.3775274e-30,8.7216436e-23,0.2853226,-0.2960922,1.3946632e-18,-0.00025505276,0.015723854,-1.1818086,-0.055701904,-3.3031685e-31,1.4181283e-09,-1.8794323,-0.006393481,-1.7323832e-29,3.613866e-22,-2.9569967e-29,1.1182201e-18,0.0007521644,-3.1843305e-07,-6.806461e-30,0.48852155,1.6447098e-05,-0.011169641,0.0576744,-1.3720312,2.8876674e-28,1.643361e-25,-1.2718929
1191,-1.3109618,-0.0038711382,4.2481603e-05,-3.0283176e-28,1.6571047e-29,1.1615984e-22,0.22749685,-0.23633558,1.2540594e-18,-0.00020607533,0.012670506,-0.9318658,-0.04481319,-2.6363054e-31,1.1920893e-09,-1.4750903,-0.005183759,-1.6235576e-29,3.4191607e-22,-3.115483e-29,1.0490455e-18,0.0006090841,-2.605879e-07,-5.1023008e-30,0.38859206,1.3449564e-05,-0.009012898,0.04637106,-1.080036,2.4816375e-28,1.1536844e-25,-1.0024049
1192,-0.8545804,-0.0026682853,2.9644832e-05,-4.7301754e-29,1.1571995e-29,-4.7216272e-23,0.15069374,-0.15691195,1.049779e-18,-0.00014150029,0.008626227,-0.60884863,-0.030346394,-2.0427344e-31,8.3944374e-10,-0.9615613,-0.0035887428,-1.3534993e-29,3.1742087e-22,-2.78035e-29,1.2166434e-18,0.0004204969,-1.8107369e-07,2.5629166e-30,0.25649145,9.431978e-06,-0.0061602388,0.03134638,-0.7047761,1.9624858e-28,7.5692646e-26,-0.6550398
1193,-0.9670596,-0.0029944417,3.344397e-05,-8.611148e-29,2.4814708e-29,-8.781108e-23,0.16947411,-0.17631307,1.1885814e-18,-0.00016003361,0.009685456,-0.68757963,-0.03403617,-2.1264176e-31,9.524794e-10,-1.0887192,-0.004019874,-1.4919555e-29,3.3793526e-22,-3.0545773e-29,1.35401e-18,0.000473529,-2.0594297e-07,3.3576572e-30,0.28849047,1.0646934e-05,-0.0069145104,0.035176445,-0.79664475,2.2329718e-28,6.257887e-26,-0.73987967
1194,-0.20958932,-0.000937297,1.1008037e-05,6.5924943e-29,3.3032738e-30,-1.180416e-22,0.042661965,-0.045273274,6.548403e-19,-4.7982554e-05,0.0028449395,-0.1541968,-0.009797421,-1.4603129e-31,3.4113912e-10,-0.23455068,-0.001297559,-9.26675e-30,2.743689e-22,-1.9003661e-29,1.0888582e-18,0.00014746313,-6.5992545e-08,7.389372e-30,0.0711709,3.5912453e-06,-0.0020750389,0.010001954,-0.1757113,6.9346303e-29,4.8818725e-26,-0.16579655
1195,0.6849704,0.0013892562,-1.2652856e-05,-1.26863e-28,1.05603915e-29,-4.1881027e-22,-0.106899396,0.10912113,2.2396582e-19,7.353519e-05,-0.0050159316,0.47587895,0.01837233,-2.957689e-31,-2.2237023e-10,0.7734407,0.0017720631,-5.2783323e-30,2.6303377e-22,-1.0533482e-29,9.663702e-19,-0.0002138961,7.167084e-08,2.1670317e-29,-0.18530056,-3.7328357e-06,0.0034605933,-0.01929878,0.55786544,-2.2045482e-28,-1.09445946e-26,0.5120014
1196,0.6561736,0.0013400672,-1.3038147e-05,9.7910186e-30,9.544554e-30,-2.1675616e-22,-0.101034,0.1030674,1.3688914e-19,7.3700765e-05,-0.0047813994,0.45413476,0.017387047,-1.5474866e-31,-2.6392322e-10,0.742224,0.00171085,-4.715094e-30,2.2852846e-22,-8.126345e-30,7.3603885e-19,-0.00021183593,8.097783e-08,1.4908678e-29,-0.1754232,-3.9602282e-06,0.0033087677,-0.01825865,0.5331999,-1.7955149e-28,4.8749385e-27,0.4890931
1197,-0.25097936,-0.0010870342,1.3463953e-05,-2.4400976e-28,3.9126383e-29,-7.792783e-23,0.051215254,-0.05427551,7.0409996e-19,-5.8495138e-05,0.003318042,-0.18641697,-0.011445178,-2.9518593e-31,4.851945e-10,-0.27971393,-0.0015028438,-1.1380237e-29,3.0292988e-22,-2.1820886e-29,7.6588e-19,0.00017418264,-8.8771415e-08,5.6170996e-30,0.0860042,4.450745e-06,-0.0024146566,0.01169356,-0.21162558,-4.2085126e-29,3.0360378e-26,-0.2000474
1198,-1.0199537,-0.0031118402,3.4279237e-05,-1.4971744e-28,2.8928145e-29,1.6984192e-22,0.18038309,-0.18766163,1.092313e-18,-0.00016483932,0.010145601,-0.72881925,-0.035859186,-2.1537137e-31,9.944447e-10,-1.1459424,-0.0041770926,-1.501785e-29,3.191886e-22,-3.1016602e-29,8.924872e-19,0.0004890414,-2.1085259e-07,-5.0002957e-30,0.30738044,1.0894172e-05,-0.007225981,0.037076704,-0.8427051,2.0023677e-28,8.58213e-26,-0.7834311
1199,-1.0914059,-0.0033169487,3.6720812e-05,-1.8326352e-28,3.618431e-29,1.1194038e-22,0.19180305,-0.1994491,1.195574e-18,-0.00017668598,0.010802392,-0.77804977,-0.038126536,-2.1522382e-31,1.0623603e-09,-1.2271506,-0.0044483645,-1.593002e-29,3.336326e-22,-3.228053e-29,1.0412357e-18,0.00052272354,-2.2668459e-07,-3.1365515e-30,0.3268908,1.1674404e-05,-0.0076956498,0.039428916,-0.9005436,2.2057534e-28,7.666312e-26,-0.836649
1200,0.10700303,-8.929963e-05,2.2246136e-06,6.9126585e-29,2.4213318e-29,-4.320586e-23,-0.009757813,0.008813746,4.997915e-19,-2.903742e-06,7.445691e-06,0.06739332,0.00025011506,-1.0830835e-31,1.5013263e-10,0.123191446,-0.00018051395,-9.209774e-30,2.4178897e-22,-1.9040005e-29,8.2935594e-19,1.4319157e-05,-1.498244e-08,1.293241e-29,-0.018466704,8.8089587e-07,-7.0850714e-05,-0.00044101384,0.08294118,-3.021517e-29,1.8325584e-26,0.072903536
1201,-0.20916346,-0.00092517334,1.0879844e-05,6.212099e-29,2.3537852e-29,3.660061e-23,0.043567378,-0.046274193,6.3687417e-19,-4.7080503e-05,0.0028271484,-0.15600136,-0.009829678,-1.1585148e-31,3.679542e-10,-0.23276809,-0.0012844164,-1.052995e-29,2.564913e-22,-2.1457906e-29,8.07363e-19,0.00014465091,-6.657798e-08,6.5491376e-30,0.07293819,3.5676699e-06,-0.0020575938,0.01003705,-0.17677835,3.8938223e-29,4.0053667e-26,-0.16731742
1202,0.12586951,-4.4886197e-05,1.8311484e-06,1.0493075e-28,1.8134367e-29,-1.3263882e-22,-0.013598118,0.012813341,5.206222e-19,-8.460447e-07,-0.0001596408,0.08200742,0.00090248976,-1.115704e-31,1.2833559e-10,0.14364415,-0.0001208859,-8.928192e-30,2.4697652e-22,-1.8755007e-29,9.924847e-19,8.090166e-06,-1.2252796e-08,1.5578288e-29,-0.02511955,7.5645073e-07,4.3368433e-05,-0.0011204099,0.09930465,-1.831938e-29,1.4576892e-26,0.088358335
1203,-1.2427968,-0.003730324,4.126352e-05,-2.3528082e-28,4.2634892e-29,1.1259134e-22,0.2171505,-0.22564456,1.3047091e-18,-0.0001993311,0.012174292,-0.8846267,-0.042981617,-2.323906e-31,1.1880573e-09,-1.3978759,-0.0049953135,-1.7074792e-29,3.4924927e-22,-3.4177288e-29,1.0891123e-18,0.00058843545,-2.5524537e-07,-4.3754525e-30,0.37031677,1.3106042e-05,-0.008666735,0.044470996,-1.0246267,2.464272e-28,7.801939e-26,-0.9513673
1204,-1.293899,-0.003884611,4.3246633e-05,-2.9618682e-28,5.0905133e-29,4.7403144e-23,0.22544219,-0.23422453,1.3833155e-18,-0.00020869478,0.012661764,-0.92007416,-0.0446466,-2.6766082e-31,1.2524952e-09,-1.4558957,-0.0052003404,-1.7903836e-29,3.6599657e-22,-3.5357663e-29,1.1748287e-18,0.0006144229,-2.6925053e-07,-2.783178e-30,0.38450274,1.3752312e-05,-0.009016735,0.046194255,-1.0661355,2.409338e-28,6.829143e-26,-0.98967564
1205,-0.83054066,-0.0026386762,2.9924984e-05,-2.2830246e-28,3.7985336e-29,-4.2114696e-24,0.1480617,-0.15429753,1.075323e-18,-0.00014156333,0.008505277,-0.59423035,-0.029884487,-2.8343327e-31,9.048524e-10,-0.9333252,-0.003554122,-1.489582e-29,3.3259345e-22,-3.0534503e-29,1.0174636e-18,0.00041803287,-1.8814916e-07,2.2299019e-30,0.25195205,9.585637e-06,-0.0060790395,0.030854091,-0.6865578,1.2662781e-28,5.6731524e-26,-0.6389538
1206,0.8985404,0.0019465087,-1.775438e-05,-5.2855823e-29,4.9539507e-29,-5.334143e-22,-0.14324974,0.14660971,2.1121858e-19,0.00010101948,-0.0069309617,0.62682736,0.025252435,-3.06966e-31,-3.0388408e-10,1.0137373,0.0025042403,-6.963852e-30,2.5078817e-22,-1.1677253e-29,8.713503e-19,-0.00029745864,9.632549e-08,2.9783107e-29,-0.24728167,-5.2280247e-06,0.004803732,-0.026458465,0.7333854,-3.4108472e-28,-6.92921e-26,0.67419964
1207,0.44507015,0.00082051667,-7.1665745e-06,3.5362168e-29,-6.012955e-30,-3.2171237e-22,-0.067522496,0.06842512,2.1588052e-19,4.470968e-05,-0.003050603,0.30672508,0.011200466,-2.6192027e-31,-1.1026374e-10,0.5032084,0.0010177924,-5.992929e-30,2.2735224e-22,-7.663489e-30,7.204935e-19,-0.00012698749,4.052306e-08,1.4101692e-29,-0.116992645,-2.0518444e-06,0.0020847353,-0.011842645,0.3610066,-2.0212873e-28,3.2051674e-26,0.32998836
1208,1.1848564,0.0026813555,-2.6476928e-05,3.2560528e-28,4.417752e-29,-3.3390657e-22,-0.18901297,0.1938839,5.0475078e-21,0.0001427604,-0.009348804,0.8273456,0.0338031,1.5204498e-31,-5.885174e-10,1.3371966,0.0034797026,-4.7437084e-30,1.2359533e-22,1.4621711e-29,5.6138587e-19,-0.00041640343,1.5646137e-07,-5.6266668e-30,-0.3268047,-8.0471555e-06,0.006517752,-0.035342075,0.9674528,-3.0648568e-28,-2.644183e-26,0.8904252
1209,0.2670656,0.0002725224,-1.7771054e-06,2.4227113e-28,-7.6467544e-30,-8.218391e-23,-0.03495388,0.03480522,3.9788995e-19,1.6501162e-05,-0.0012160789,0.179639,0.0047242865,7.9848886e-32,4.212908e-12,0.30334383,0.00029674033,-7.053809e-30,1.716849e-22,1.3946802e-30,8.101646e-19,-4.2077e-05,1.1642594e-08,-1.3969125e-29,-0.062595084,-4.135784e-07,0.0007880449,-0.0051140785,0.21400866,-1.3165392e-29,7.560767e-26,0.19376782
1210,0.58908206,0.0010906728,-1.01031055e-05,3.2744656e-28,2.1263768e-29,-1.2799295e-22,-0.088304445,0.08991416,3.2780147e-19,5.9240814e-05,-0.0039928583,0.40657133,0.0146920355,1.7795245e-31,-1.8725638e-10,0.66624916,0.0013795372,-6.86955e-30,1.5208478e-22,4.5175606e-30,8.0829313e-19,-0.00016875603,6.028564e-08,-1.2657203e-29,-0.15454069,-2.9763303e-06,0.0027417184,-0.015472629,0.47816595,-7.266952e-29,2.7647498e-26,0.43797973
1211,-0.031318933,-0.00046481725,5.9162503e-06,1.7397093e-28,-1.9642259e-30,-6.587875e-23,0.013177466,-0.014815072,5.7737165e-19,-2.2254895e-05,0.0012664327,-0.02903518,-0.004193933,-6.1856893e-32,2.0769497e-10,-0.033416927,-0.0006745083,-8.765813e-30,2.388352e-22,-1.7957955e-29,1.0679471e-18,7.261157e-05,-3.437809e-08,8.519156e-30,0.020535052,1.9939953e-06,-0.0009601276,0.0041781203,-0.029795386,6.817132e-29,4.8164775e-26,-0.031010084
1212,0.17154858,9.710126e-05,-2.8627892e-07,1.8253993e-28,-1.1771558e-29,5.584403e-24,-0.020635478,0.020124793,4.3080807e-19,8.7869485e-06,-0.00059120404,0.11323266,0.0023437766,-4.0611038e-32,4.410855e-11,0.19573903,6.772578e-05,-7.381624e-30,2.1799044e-22,-1.8116993e-29,9.775729e-19,-1.7239574e-05,4.4833612e-09,1.277658e-29,-0.037285052,4.15896e-08,0.00035630807,-0.0026096208,0.13609248,4.4944536e-29,4.9775743e-26,0.12223948
1213,0.4330954,0.0008115841,-7.814659e-06,9.806876e-29,5.6415122e-30,1.1482712e-22,-0.06438731,0.065285414,2.9836462e-19,4.714473e-05,-0.0029774173,0.2968604,0.01076489,3.116869e-32,-1.2792553e-10,0.4911656,0.0010094536,-7.1035105e-30,1.9066365e-22,-1.6412309e-29,7.6164795e-19,-0.00013008932,4.9448698e-08,1.668503e-29,-0.11200575,-2.2950942e-06,0.0020427105,-0.011358137,0.35011452,-2.3301995e-29,3.091424e-26,0.31996542
1214,-0.8055143,-0.0024892602,2.7177504e-05,-2.0013886e-28,1.600174e-30,2.942579e-22,0.14438862,-0.15049891,8.5142564e-19,-0.00012977785,0.00811371,-0.57871413,-0.028779343,-1.9367739e-31,7.922333e-10,-0.9035156,-0.0033573762,-1.2744345e-29,2.7851483e-22,-2.6456265e-29,6.3983366e-19,0.00038813555,-1.6512077e-07,-4.7752342e-30,0.24621344,8.632018e-06,-0.005781469,0.029721651,-0.6675561,1.5524183e-28,1.1969066e-25,-0.62172467
1215,-1.4700716,-0.0042121606,4.5309513e-05,-5.326134e-28,-1.4166298e-30,5.0077996e-22,0.25565287,-0.26555735,1.0714879e-18,-0.00022162398,0.013930641,-1.0486449,-0.04964012,-3.017154e-31,1.2709929e-09,-1.6514586,-0.005641531,-1.5831954e-29,3.073819e-22,-2.8115586e-29,3.088313e-19,0.0006571121,-2.7590468e-07,-1.7399688e-29,0.43788078,1.4280582e-05,-0.009879821,0.05138902,-1.2137269,2.0437605e-28,1.8939378e-25,-1.127168
1216,-1.8142011,-0.005188021,5.620039e-05,-5.800433e-28,3.4726717e-29,5.1130935e-22,0.31449592,-0.32636994,1.3779009e-18,-0.00027557206,0.017156698,-1.2920358,-0.06101326,-3.2940112e-31,1.5947461e-09,-2.0389793,-0.00693023,-1.928374e-29,3.530124e-22,-3.5624465e-29,4.2742666e-19,0.0008132083,-3.459592e-07,-2.1410744e-29,0.53818774,1.7740113e-05,-0.012165252,0.063204065,-1.4965037,2.6989002e-28,1.6466993e-25,-1.388877
1217,-1.9720266,-0.005641556,6.151577e-05,-6.6404254e-28,5.344936e-29,4.562748e-22,0.34067082,-0.35341772,1.5701127e-18,-0.00030143608,0.018628284,-1.4023843,-0.06614297,-3.4378983e-31,1.7540083e-09,-2.2174528,-0.007530519,-2.1284195e-29,3.8123282e-22,-3.906033e-29,6.0430827e-19,0.00088701793,-3.8091287e-07,-1.9999955e-29,0.58288175,1.944128e-05,-0.013213495,0.068527296,-1.6253303,3.0097388e-28,1.480455e-25,-1.507828
1218,-1.9882698,-0.00572407,6.2911924e-05,-6.7824647e-28,6.950108e-29,3.4819715e-22,0.3425868,-0.35535714,1.7379838e-18,-0.00030747318,0.01883971,-1.4117078,-0.06674112,-3.0419626e-31,1.8012223e-09,-2.2370446,-0.0076388447,-2.2635285e-29,4.0103172e-22,-4.1934874e-29,9.433846e-19,0.00090289966,-3.9117478e-07,-1.4312581e-29,0.58581793,1.9914874e-05,-0.013375449,0.0691442,-1.6372007,3.432067e-28,1.1830897e-25,-1.5182891
1219,-2.1109967,-0.0060082874,6.577016e-05,-7.7943415e-28,4.1431306e-29,2.911119e-22,0.36136293,-0.37475455,1.727759e-18,-0.00032234335,0.019802853,-1.4963871,-0.07020226,-3.5863881e-31,1.8431339e-09,-2.376353,-0.008017483,-2.2050323e-29,4.0249895e-22,-3.8420906e-29,9.766164e-19,0.0009467778,-4.067587e-07,-1.3982682e-29,0.61867315,2.0773585e-05,-0.014054086,0.072733544,-1.7366823,3.452693e-28,1.5789413e-25,-1.6098524
1220,-0.070013136,-0.00055199425,7.5166754e-06,-1.8641834e-28,3.9253356e-29,8.628472e-24,0.019307435,-0.021290094,6.100432e-19,-2.8794824e-05,0.0015409614,-0.057267085,-0.0052182954,-1.4523885e-31,3.139865e-10,-0.07629052,-0.00079782004,-1.1172001e-29,2.5619617e-22,-1.939795e-29,7.147734e-19,8.814055e-05,-4.9841535e-08,1.2177785e-29,0.031881914,2.564303e-06,-0.00115701,0.00522935,-0.06219002,-5.0384693e-29,2.720656e-26,-0.061362557
1221,0.9205556,0.0020207826,-1.87061e-05,-2.6622994e-28,3.651298e-29,-2.1846782e-22,-0.14706407,0.15058438,2.9337193e-19,0.00010615765,-0.0071796007,0.6421965,0.026060287,-1.2666488e-31,-3.2338943e-10,1.0389448,0.0025974086,-7.6882935e-30,2.2280918e-22,-1.7309709e-29,1.0193661e-18,-0.00031109966,1.0412978e-07,3.6114268e-29,-0.25371048,-5.540275e-06,0.0049787844,-0.027294382,0.7512798,-2.070896e-28,-3.9965197e-26,0.6908392
1222,1.2053617,0.0027850124,-2.7090113e-05,-7.943315e-29,2.8024836e-29,-2.7610475e-22,-0.19467868,0.19981931,1.129648e-19,0.00014788921,-0.009724611,0.8430729,0.035107464,-9.0422434e-32,-5.595221e-10,1.3598596,0.003611137,-5.5373495e-30,1.9955872e-22,-1.4383194e-29,1.0195847e-18,-0.00043211543,1.5700968e-07,3.8666974e-29,-0.33553874,-8.180715e-06,0.0067787617,-0.036686946,0.98497695,-2.447233e-28,-5.512222e-26,0.90701747
1223,-0.26972565,-0.0011244414,1.39965505e-05,-3.096687e-28,1.5377639e-29,-6.5234114e-23,0.052542754,-0.05560357,8.087624e-19,-6.0623563e-05,0.0034109843,-0.19713014,-0.011731287,-2.220373e-31,4.8195836e-10,-0.3022709,-0.0015571984,-1.19453224e-29,2.8897103e-22,-2.4978842e-29,1.1061236e-18,0.00018036208,-9.081812e-08,1.5372922e-29,0.08859403,4.607454e-06,-0.0024876338,0.011982331,-0.22534597,4.529927e-29,5.1713894e-26,-0.21211943
1224,-1.1993558,-0.0035384975,3.8709433e-05,-3.7088266e-28,-1.2590948e-30,1.6595338e-22,0.20877756,-0.21704017,1.0832596e-18,-0.00018744601,0.011593254,-0.8541648,-0.041079372,-3.055359e-31,1.0873824e-09,-1.3487232,-0.0047471933,-1.4771197e-29,3.2216746e-22,-2.7544403e-29,8.129613e-19,0.0005551549,-2.3692259e-07,-5.8959178e-30,0.35699046,1.22495085e-05,-0.008245524,0.042488202,-0.9891575,1.8791876e-28,1.4029302e-25,-0.91866434
