-7.94E-17,2.940251,0.001078388,-2.703064,-1.4715489,-1.3278846,3.89E-23,0.08865334,-0.39604914,-2.9157784,-0.96736604,-7.18E-17,-3.60E-20,0.2934503,1.59E-21,0.000356831,0.7263947,1.02E-23,-0.002189579,-0.001115379,0.003133091,2.8548388,-2.7202353,3.39E-19,1.8382481,-2.66E-07,-1.90E-05,-0.010979656,-2.5305004,-2.83E-18,0.9269323,1.0974205
-8.67E-17,3.0584843,0.001186831,-2.8141263,-1.5369695,-1.3856807,3.99E-23,0.0915778,-0.41419175,-3.0331872,-1.0121298,9.18E-17,-3.99E-20,0.3067348,1.70E-21,0.000389475,0.7615367,1.07E-23,-0.001162407,-0.001224131,0.003559549,2.9692562,-2.8303518,3.70E-19,1.9163487,-2.88E-07,-2.08E-05,-0.013069605,-2.6331985,-3.20E-18,0.9701925,1.1468151
-7.01E-17,2.3608012,0.000927232,-2.171709,-1.1853223,-1.0684916,3.88E-23,0.07084973,-0.3191372,-2.3412545,-0.78025585,-3.12E-16,-3.30E-20,0.23643747,1.50E-21,0.000310597,0.5868592,9.82E-24,-0.001070799,-0.00099952,0.002693054,2.2918706,-2.1844425,3.04E-19,1.4784346,-2.28E-07,-1.73E-05,-0.010410901,-2.0320566,-2.53E-18,0.7480251,0.8843734
-6.60E-17,2.121236,0.000849159,-1.9512411,-1.0640181,-0.95833313,3.88E-23,0.06311666,-0.28519908,-2.1036727,-0.6998303,-3.53E-16,-3.12E-20,0.21115993,1.45E-21,0.000286441,0.52629375,9.61E-24,-0.000677909,-0.000923426,0.002461397,2.0590067,-1.9623857,2.86E-19,1.3273208,-2.09E-07,-1.61E-05,-0.009949757,-1.8250806,-2.36E-18,0.6711109,0.79341936
-2.17E-17,0.2861312,2.64E-05,-0.25852388,-0.13374454,-0.1250224,4.05E-23,0.013563857,-0.03987607,-0.28321487,-0.08648421,-1.86E-15,-1.36E-20,0.030998752,1.06E-21,4.68E-05,0.061911356,8.09E-24,-0.004096548,-0.000254037,-0.000605423,0.27888268,-0.26389426,1.23E-19,0.17341295,-3.84E-08,-5.71E-06,0.001756246,-0.24537379,-4.86E-19,0.08170329,0.10017123
-2.67E-18,-0.56969416,-0.000342715,0.53051656,0.2994249,0.26359162,4.18E-23,-0.009645913,0.074697435,0.5657772,0.19895081,-2.56E-15,-6.15E-21,-0.053160705,9.16E-22,-5.95E-05,-0.15383351,7.56E-24,-0.005471222,4.20E-05,-0.001982449,-0.5514666,0.52822155,5.61E-20,-0.3645198,3.71E-08,-1.13E-06,0.006804888,0.49148053,3.28E-19,-0.19244981,-0.22270367
9.38E-19,-0.83884937,-0.000589451,0.7812012,0.44092518,0.38546768,4.73E-23,-0.012539803,0.10655413,0.8332592,0.2922046,-2.90E-15,-5.94E-21,-0.0754205,1.05E-21,-0.000126577,-0.22640507,8.60E-24,-0.009092622,0.000232233,-0.00311287,-0.81153643,0.77731645,6.12E-20,-0.53628916,7.42E-08,1.87E-06,0.012807183,0.7225758,4.93E-19,-0.2836392,-0.32746667
-2.88E-17,0.5833182,0.000251081,-0.53422254,-0.2875098,-0.25910038,3.91E-23,0.019038584,-0.07652668,-0.5782611,-0.18795505,-1.66E-15,-1.61E-20,0.057249866,1.09E-21,0.000113368,0.14034094,8.09E-24,-0.001574608,-0.000441479,0.000319097,0.56642175,-0.5388444,1.47E-19,0.36140767,-8.00E-08,-8.73E-06,-0.003227828,-0.5005339,-7.81E-19,0.1802757,0.21418515
-8.25E-17,2.7548025,0.001094703,-2.5345988,-1.3819462,-1.2439686,3.98E-23,0.08106195,-0.3693227,-2.7320197,-0.9086883,1.77E-16,-3.78E-20,0.27313033,1.64E-21,0.000359449,0.6836412,1.05E-23,-0.000281294,-0.001116852,0.003326443,2.673711,-2.5484,3.52E-19,1.7233928,-2.65E-07,-1.91E-05,-0.012865504,-2.3699164,-3.02E-18,0.8714627,1.0299963
-5.06E-17,1.4850755,0.000637816,-1.3657393,-0.74436677,-0.6693815,3.88E-23,0.043998703,-0.19809318,-1.4727806,-0.48924193,-9.64E-16,-2.49E-20,0.14667258,1.30E-21,0.000227104,0.36801574,8.93E-24,-0.000370968,-0.000764237,0.001730282,1.4414511,-1.373681,2.27E-19,0.92868173,-1.62E-07,-1.38E-05,-0.008350002,-1.2772901,-1.69E-18,0.4695093,0.55488276
-4.26E-17,1.2179226,0.000525722,-1.1196797,-0.6104719,-0.5493231,3.76E-23,0.036739532,-0.16322243,-1.2078259,-0.40151632,-1.18E-15,-2.16E-20,0.121095896,1.19E-21,0.000192264,0.3020236,8.39E-24,-0.000689103,-0.00067128,0.001335347,1.1822953,-1.1266009,1.96E-19,0.7618352,-1.36E-07,-1.23E-05,-0.006799741,-1.0476133,-1.39E-18,0.3853398,0.4554369
-7.91E-18,-0.09606512,1.96E-05,0.090959504,0.05259699,0.04800665,3.55E-23,-0.001568816,0.01544433,0.09537691,0.035672806,-2.26E-15,-7.00E-21,-0.010838477,7.82E-22,4.24E-05,-0.027570339,6.48E-24,-0.001121874,-0.000253483,-0.000426385,-0.09297596,0.089655936,5.86E-20,-0.063055724,-2.21E-08,-5.83E-06,-0.001297219,0.08402157,6.88E-20,-0.033703156,-0.039152928
-1.98E-17,0.47913057,0.000250395,-0.43947172,-0.2411515,-0.21723302,3.57E-23,0.016292453,-0.065805025,-0.47514027,-0.15964016,-2.14E-15,-1.23E-20,0.049517617,9.30E-22,0.000113708,0.12050605,7.13E-24,-0.001261067,-0.000477264,0.000319886,0.46575272,-0.44360125,1.10E-19,0.30102187,-7.58E-08,-9.40E-06,-0.003686481,-0.41283005,-4.48E-19,0.15351376,0.18107426
-2.53E-17,1.1459659,0.000442939,-1.0527242,-0.58210564,-0.5302419,3.69E-23,0.04048182,-0.16586167,-1.1364177,-0.38766396,-2.84E-15,-1.56E-20,0.12471226,1.06E-21,0.000184701,0.29195902,7.78E-24,-0.003987993,-0.000751036,0.000684207,1.1155517,-1.0634482,1.39E-19,0.72599065,-1.30E-07,-1.41E-05,-0.003764949,-0.99242824,-6.21E-19,0.37085652,0.4386865
-3.07E-17,1.4874493,0.000577689,-1.3676127,-0.757547,-0.6892887,3.71E-23,0.051694945,-0.21543229,-1.4751232,-0.50487703,-2.98E-15,-1.82E-20,0.1617022,1.14E-21,0.000228908,0.38090906,8.14E-24,-0.004395545,-0.000901766,0.001075811,1.4476111,-1.3804537,1.64E-19,0.9432862,-1.63E-07,-1.66E-05,-0.005000757,-1.2882048,-8.48E-19,0.48309845,0.57070655
-1.38E-17,0.1734356,-2.94E-05,-0.15502469,-0.08219056,-0.08124487,4.01E-23,0.013388111,-0.031228945,-0.17142735,-0.055309292,-2.74E-15,-1.08E-20,0.025523864,1.01E-21,4.01E-05,0.039116796,7.82E-24,-0.005606157,-0.000290297,-0.000979737,0.1708724,-0.1614416,9.87E-20,0.108039,-3.45E-08,-6.58E-06,0.003306771,-0.15173501,-1.04E-19,0.05138459,0.063960694
-3.96E-18,-0.7778545,-0.000438853,0.72213525,0.40529555,0.35863632,4.23E-23,-0.015147465,0.10277803,0.7723262,0.26908684,-2.45E-15,-6.14E-21,-0.07377892,9.33E-22,-8.86E-05,-0.2070295,7.65E-24,-0.005793893,0.000138292,-0.002311266,-0.75363827,0.7209843,5.89E-20,-0.4958675,5.35E-08,4.47E-07,0.008401059,0.6710015,3.54E-19,-0.25984937,-0.30196965
-1.46E-18,-1.2764517,-0.000769384,1.1841906,0.6654804,0.58843535,4.87E-23,-0.026322883,0.1692189,1.2673777,0.44233385,-2.38E-15,-5.98E-21,-0.12210132,1.07E-21,-0.000185255,-0.3406803,8.76E-24,-0.008747557,0.000445923,-0.003630661,-1.2370794,1.183312,6.22E-20,-0.8143574,1.12E-07,5.38E-06,0.014971759,1.1012686,4.89E-19,-0.4276327,-0.4965531
-3.39E-17,0.23262721,0.000117245,-0.21073852,-0.10172349,-0.08860077,4.08E-23,0.004923161,-0.019479863,-0.23037045,-0.060851973,-5.97E-16,-1.74E-20,0.013906206,1.12E-21,6.19E-05,0.042765204,8.35E-24,3.42E-05,-0.000214488,9.16E-05,0.22404714,-0.21155244,1.55E-19,0.13283607,-4.34E-08,-4.81E-06,-0.002597297,-0.19352871,-9.83E-19,0.0587487,0.072048746
-8.83E-18,-0.23213744,-0.000134954,0.21836425,0.12657432,0.110812366,4.05E-23,-0.002575439,0.031758428,0.23072882,0.08509435,-2.29E-15,-8.41E-21,-0.022185445,9.32E-22,1.32E-07,-0.06688772,7.54E-24,-0.003497016,-0.000124155,-0.001134342,-0.22440127,0.2158766,7.44E-20,-0.15151277,4.36E-10,-3.80E-06,0.002618961,0.201204,3.68E-20,-0.08242625,-0.094233006
-3.06E-17,0.92170817,0.000400837,-0.84651995,-0.46243912,-0.41705766,3.66E-23,0.02930957,-0.12519175,-0.91403264,-0.30489215,-1.80E-15,-1.67E-20,0.0933732,1.06E-21,0.000158941,0.22939788,7.75E-24,-0.001451877,-0.000598354,0.000822384,0.89543426,-0.8530654,1.52E-19,0.5775507,-1.11E-07,-1.13E-05,-0.005050895,-0.7937677,-8.70E-19,0.29256594,0.34588936
-2.06E-17,0.77812785,0.000294739,-0.71341443,-0.3912893,-0.35612223,3.54E-23,0.027611025,-0.11038851,-0.77156913,-0.25940582,-2.36E-15,-1.27E-20,0.08314714,9.44E-22,0.00013024,0.19471918,7.17E-24,-0.00309317,-0.000545783,0.000326894,0.75726306,-0.7211942,1.14E-19,0.48983315,-9.11E-08,-1.05E-05,-0.002513706,-0.672326,-4.54E-19,0.24830736,0.29437944
-1.41E-17,-0.32040617,-0.000354628,0.3020088,0.16916788,0.13763043,4.55E-23,0.00353823,0.029242931,0.31881076,0.109772205,-2.63E-15,-9.18E-21,-0.018210612,1.14E-21,-5.84E-05,-0.088032216,8.70E-24,-0.008866193,4.45E-05,-0.002264945,-0.30621725,0.29417795,1.02E-19,-0.20059976,2.01E-08,-1.44E-06,0.010446819,0.26987132,9.62E-20,-0.108971454,-0.12196747
-4.48E-18,-0.91090256,-0.000700729,0.84775776,0.46796042,0.39990368,4.98E-23,-0.008557845,0.10172048,0.90479404,0.3054475,-3.11E-15,-6.21E-21,-0.07047433,1.17E-21,-0.000155163,-0.2376418,9.15E-24,-0.012392146,0.000308382,-0.003712997,-0.87737197,0.8392805,7.74E-20,-0.5691687,8.10E-08,2.50E-06,0.017476302,0.77500063,5.28E-19,-0.29832357,-0.3427474
-7.01E-18,-0.64681137,-0.000601582,0.6044772,0.3310017,0.2743911,5.01E-23,0.000344737,0.061972745,0.6428209,0.21343504,-3.31E-15,-6.96E-21,-0.040830504,1.21E-21,-0.000122722,-0.1680901,9.34E-24,-0.012936316,0.000199883,-0.003440339,-0.6198366,0.5934085,8.72E-20,-0.39925757,5.73E-08,5.61E-07,0.01674703,0.5446919,4.60E-19,-0.21047899,-0.23902586
-8.06E-18,0.36438233,-3.57E-06,-0.33032548,-0.18525408,-0.18003543,3.83E-23,0.022505578,-0.066907026,-0.36095345,-0.1268029,-3.21E-15,-8.99E-21,0.052835636,9.32E-22,5.07E-05,0.09275101,7.32E-24,-0.007614483,-0.000367761,-0.001052563,0.35886073,-0.34107715,7.83E-20,0.23638865,-4.16E-08,-8.09E-06,0.004770458,-0.3222077,6.80E-20,0.11900602,0.14464927
-6.23E-18,0.3347331,-4.87E-05,-0.3023132,-0.16920643,-0.1670988,3.99E-23,0.02309312,-0.06450595,-0.33143115,-0.11643143,-3.43E-15,-9.21E-21,0.051460914,9.71E-22,4.15E-05,0.08439767,7.63E-24,-0.008652039,-0.000357005,-0.00131015,0.3304497,-0.31374398,7.86E-20,0.21742138,-3.61E-08,-7.98E-06,0.006042865,-0.29702747,1.14E-19,0.10860565,0.13307804
-3.70E-17,1.028678,0.000423335,-0.94439,-0.5121763,-0.4615201,3.75E-23,0.031354487,-0.13653803,-1.0200632,-0.33579844,-1.31E-15,-1.90E-20,0.1013842,1.12E-21,0.00016193,0.2515746,8.09E-24,-0.001199114,-0.000578192,0.000959827,0.9987807,-0.9511381,1.71E-19,0.64124906,-1.14E-07,-1.08E-05,-0.005254573,-0.88429356,-1.12E-18,0.3220796,0.3817722
-5.72E-17,1.7476716,0.000664326,-1.6058149,-0.87126076,-0.7854779,3.88E-23,0.052287035,-0.23266739,-1.7330713,-0.5713032,-4.50E-16,-2.72E-20,0.17232573,1.35E-21,0.000230135,0.42816168,9.15E-24,-0.001305248,-0.000745605,0.001811289,1.6964904,-1.616013,2.50E-19,1.08988,-1.69E-07,-1.33E-05,-0.007334785,-1.5025296,-1.96E-18,0.5476096,0.6490039
-5.17E-17,1.364999,0.000563826,-1.2538205,-0.6757945,-0.6057352,3.81E-23,0.0382938,-0.17485273,-1.3535968,-0.4406111,-3.06E-16,-2.42E-20,0.12885317,1.25E-21,0.000195686,0.33003843,8.67E-24,0.000292592,-0.00061548,0.00161061,1.3237296,-1.260432,2.24E-19,0.84615946,-1.41E-07,-1.11E-05,-0.00768821,-1.1701164,-1.72E-18,0.42311692,0.5013107
-2.83E-17,0.4164657,0.000174066,-0.38022625,-0.199697,-0.17898692,3.74E-23,0.012745253,-0.050471395,-0.41278237,-0.12821719,-1.20E-15,-1.50E-20,0.037593547,1.01E-21,8.26E-05,0.09455764,7.61E-24,-0.001040219,-0.000321289,0.000171555,0.40371478,-0.3833303,1.35E-19,0.25338754,-5.84E-08,-6.57E-06,-0.002409705,-0.354874,-7.55E-19,0.12317912,0.14738765
-5.97E-18,-0.5330092,-0.000217736,0.49443954,0.27806342,0.24963948,3.73E-23,-0.012829456,0.07505253,0.5290211,0.18570271,-2.12E-15,-6.12E-21,-0.05451893,8.02E-22,-2.93E-05,-0.14215136,6.70E-24,-0.00241877,-2.61E-05,-0.001290078,-0.5173243,0.49487704,5.25E-20,-0.34110022,2.20E-08,-2.07E-06,0.002854396,0.46166372,2.12E-19,-0.17819111,-0.20814735
-1.79E-17,-0.2541754,-0.000156485,0.23845053,0.14203301,0.12672329,3.84E-23,-0.004440773,0.038924105,0.25264108,0.09756842,-1.51E-15,-1.07E-20,-0.02780664,9.37E-22,-1.44E-05,-0.07681261,7.35E-24,-0.002814536,-4.06E-05,-0.001065397,-0.24708854,0.23769832,9.74E-20,-0.16979557,4.83E-09,-2.05E-06,0.003013477,0.22311747,-2.49E-19,-0.09401163,-0.107662305
-3.76E-17,1.2170682,0.0004198,-1.1164678,-0.60552156,-0.5486288,3.70E-23,0.03956919,-0.16537964,-1.2067354,-0.3978373,-1.46E-15,-1.91E-20,0.12344904,1.13E-21,0.000162774,0.2975221,8.08E-24,-0.003034919,-0.000591552,0.00081438,1.1825649,-1.1259334,1.77E-19,0.7593644,-1.21E-07,-1.10E-05,-0.003422908,-1.047636,-1.11E-18,0.38082832,0.45232445
-9.18E-17,3.3773966,0.001215042,-3.1052167,-1.6898819,-1.5252434,3.93E-23,0.101609334,-0.45512688,-3.34927,-1.1106559,4.99E-16,-4.10E-20,0.3371167,1.72E-21,0.000393911,0.83372366,1.08E-23,-0.002402622,-0.001205346,0.003620528,3.2790403,-3.1244814,3.85E-19,2.1110995,-2.97E-07,-2.02E-05,-0.011874616,-2.9064183,-3.36E-18,1.0640348,1.2599863
-7.56E-17,2.5604303,0.000994125,-2.354661,-1.2815242,-1.1538975,3.90E-23,0.0755944,-0.34202805,-2.5391853,-0.84182537,7.02E-18,-3.45E-20,0.2530236,1.55E-21,0.000328971,0.63271546,1.00E-23,-0.000724325,-0.001023651,0.002960947,2.485168,-2.3681772,3.23E-19,1.5997491,-2.43E-07,-1.75E-05,-0.011398485,-2.2020962,-2.71E-18,0.8072554,0.9548392
-5.63E-17,1.8143682,0.00073634,-1.6685191,-0.9097345,-0.8191372,3.79E-23,0.05434923,-0.24366316,-1.7993329,-0.5984096,-7.51E-16,-2.70E-20,0.18056363,1.34E-21,0.000254389,0.45017406,9.04E-24,-0.000803702,-0.000839193,0.002050797,1.7612711,-1.6784638,2.50E-19,1.1350546,-1.85E-07,-1.48E-05,-0.00881787,-1.560977,-1.94E-18,0.5740122,0.67851055
-8.37E-17,2.7631843,0.001134348,-2.543536,-1.390338,-1.2512902,4.05E-23,0.081457324,-0.37260202,-2.7404175,-0.91560286,3.85E-17,-3.89E-20,0.27561545,1.68E-21,0.000373909,0.6897645,1.07E-23,5.65E-05,-0.001177872,0.003456161,2.6819344,-2.5568838,3.59E-19,1.7317866,-2.74E-07,-2.02E-05,-0.013747701,-2.3782694,-3.10E-18,0.8782292,1.0369747
-7.21E-17,2.3169491,0.000910962,-2.130991,-1.160182,-1.0448812,3.95E-23,0.06837119,-0.30999997,-2.2977345,-0.76216996,-5.04E-17,-3.36E-20,0.2293102,1.52E-21,0.000303758,0.57262933,9.95E-24,-0.000619748,-0.000957797,0.002692277,2.2487998,-2.143056,3.08E-19,1.4481661,-2.23E-07,-1.66E-05,-0.010556389,-1.9928358,-2.59E-18,0.73078525,0.86451304
-5.47E-17,1.6621218,0.000662792,-1.5278121,-0.83023137,-0.74747163,3.82E-23,0.049290806,-0.22115144,-1.6482947,-0.54481465,-5.89E-16,-2.62E-20,0.16372077,1.31E-21,0.000229841,0.40898564,8.95E-24,-0.000762671,-0.000752558,0.001833799,1.6132258,-1.5369611,2.40E-19,1.0373573,-1.67E-07,-1.34E-05,-0.007909639,-1.428896,-1.87E-18,0.5225227,0.61847544
-1.66E-18,-0.5938033,-0.000394107,0.55352753,0.31284493,0.27381787,4.28E-23,-0.008904707,0.07624679,0.5898137,0.20767002,-2.68E-15,-6.01E-21,-0.05393392,9.40E-22,-7.30E-05,-0.16110699,7.75E-24,-0.006537964,7.61E-05,-0.002239883,-0.5743883,0.5503614,5.54E-20,-0.3799559,4.42E-08,-6.09E-07,0.008347759,0.51170075,3.77E-19,-0.20134644,-0.23231483
-1.36E-18,-0.6784163,-0.000375798,0.63042766,0.35290843,0.31147859,4.17E-23,-0.012860171,0.08886343,0.67358047,0.2338436,-2.61E-15,-4.90E-21,-0.063677475,8.94E-22,-6.99E-05,-0.18001194,7.44E-24,-0.005374357,7.95E-05,-0.002081914,-0.65670186,0.6284163,4.81E-20,-0.431428,4.41E-08,-6.15E-07,0.007102109,0.5842695,4.36E-19,-0.22591354,-0.26231578
-2.89E-17,0.48451465,0.000109128,-0.44143653,-0.23347749,-0.21425076,4.13E-23,0.019185025,-0.0661084,-0.4799462,-0.15204984,-1.63E-15,-1.66E-20,0.050329387,1.16E-21,7.15E-05,0.111509606,8.56E-24,-0.00385912,-0.000316892,-0.000308901,0.47117168,-0.4472921,1.54E-19,0.29729453,-5.81E-08,-6.65E-06,0.000709072,-0.41570342,-7.78E-19,0.14466278,0.17426682
-4.24E-17,1.3065536,0.00054214,-1.2008661,-0.6556798,-0.5917648,3.87E-23,0.04044971,-0.17724776,-1.2956893,-0.43181548,-1.47E-15,-2.18E-20,0.13172422,1.22E-21,0.000202816,0.32438686,8.61E-24,-0.001492554,-0.000721305,0.001297772,1.2690855,-1.2093275,1.96E-19,0.81878185,-1.44E-07,-1.33E-05,-0.006499984,-1.1253908,-1.34E-18,0.41395783,0.48986125
-7.32E-17,2.538746,0.000995792,-2.3359091,-1.2779672,-1.1536018,4.02E-23,0.07725945,-0.34667596,-2.5177479,-0.84263235,-5.48E-16,-3.50E-20,0.25708723,1.58E-21,0.000336901,0.6339025,1.03E-23,-0.001651765,-0.001103206,0.002842549,2.4653454,-2.3502126,3.18E-19,1.5932177,-2.47E-07,-1.92E-05,-0.010853378,-2.1873324,-2.65E-18,0.80744934,0.95459664
-2.83E-17,0.70538,0.000345978,-0.64799863,-0.35439086,-0.31879047,3.71E-23,0.022197805,-0.095183216,-0.69953084,-0.23364297,-1.82E-15,-1.60E-20,0.07097813,1.04E-21,0.000142251,0.17598937,7.73E-24,-0.000870738,-0.000549433,0.000677596,0.6851051,-0.652765,1.42E-19,0.44218197,-9.69E-08,-1.06E-05,-0.005018931,-0.6071902,-7.91E-19,0.22446336,0.26503205
-3.41E-17,0.918111,0.00042895,-0.84411407,-0.46179938,-0.41519165,3.68E-23,0.028263483,-0.12394526,-0.9105275,-0.30449226,-1.54E-15,-1.83E-20,0.092205845,1.09E-21,0.000164426,0.22961877,7.91E-24,-0.00064452,-0.000605927,0.000992434,0.8913785,-0.8495099,1.65E-19,0.57553,-1.14E-07,-1.13E-05,-0.005937678,-0.7900536,-1.05E-18,0.29248703,0.34507647
-2.35E-17,0.58220804,0.000321401,-0.53509325,-0.29472667,-0.26446995,3.63E-23,0.018822014,-0.07946289,-0.5774236,-0.19528422,-2.12E-15,-1.40E-20,0.05948575,9.85E-22,0.000136613,0.14800797,7.41E-24,-0.000716983,-0.00054609,0.000579265,0.5656129,-0.53912395,1.27E-19,0.3665335,-9.15E-08,-1.05E-05,-0.00507683,-0.5016241,-5.95E-19,0.18796407,0.22100705
-3.77E-17,1.5246884,0.000660429,-1.4035541,-0.7773664,-0.703022,3.63E-23,0.050224777,-0.21667525,-1.5121871,-0.51743585,-2.37E-15,-2.08E-20,0.16198918,1.18E-21,0.00024593,0.3918765,8.25E-24,-0.002324994,-0.000919635,0.001543456,1.4822047,-1.4138817,1.92E-19,0.9654012,-1.75E-07,-1.66E-05,-0.007469414,-1.317835,-1.21E-18,0.49617416,0.5842205
-3.10E-17,1.3617115,0.000559106,-1.2524108,-0.6936608,-0.62957406,3.65E-23,0.046529192,-0.19570291,-1.3504691,-0.46209332,-2.71E-15,-1.81E-20,0.14674437,1.12E-21,0.000218832,0.34918347,8.01E-24,-0.003364955,-0.000852534,0.001113325,1.3247012,-1.263333,1.64E-19,0.86293364,-1.55E-07,-1.57E-05,-0.00557263,-1.178329,-8.88E-19,0.44259804,0.5221544
-2.29E-17,0.7252715,0.000319334,-0.66608137,-0.3681004,-0.33406398,3.67E-23,0.026012782,-0.10417656,-0.7191921,-0.24518546,-2.46E-15,-1.42E-20,0.07857497,1.01E-21,0.000140732,0.18515606,7.57E-24,-0.002547681,-0.0005873,0.000412981,0.7056875,-0.67263746,1.29E-19,0.45870706,-9.84E-08,-1.13E-05,-0.003440324,-0.6271338,-5.59E-19,0.23499174,0.2773474
-1.20E-17,-0.3335095,-0.000199531,0.31174532,0.17926636,0.15801507,4.06E-23,-0.004772618,0.04537727,0.33138436,0.12028547,-2.10E-15,-9.47E-21,-0.032035626,9.65E-22,-2.02E-05,-0.093767375,7.67E-24,-0.003930347,-5.62E-05,-0.001359475,-0.3230859,0.31003314,8.59E-20,-0.21651685,9.86E-09,-2.58E-06,0.004044758,0.28921953,-4.62E-20,-0.11632447,-0.133923
-3.64E-17,0.19840786,0.000113602,-0.17939682,-0.08275892,-0.070167765,4.07E-23,0.002857769,-0.012356278,-0.19642828,-0.047328908,-3.20E-16,-1.81E-20,0.008346087,1.13E-21,5.80E-05,0.032486293,8.39E-24,0.000630176,-0.00018564,0.000147531,0.19016789,-0.17916498,1.62E-19,0.109357394,-4.09E-08,-4.24E-06,-0.002927173,-0.16261074,-1.08E-18,0.046026416,0.056955338
-2.95E-17,0.25565112,0.000146282,-0.23228805,-0.11571096,-0.10090648,3.91E-23,0.005507499,-0.023521848,-0.2533098,-0.07093193,-8.71E-16,-1.55E-20,0.016921334,1.04E-21,7.15E-05,0.05106427,7.88E-24,0.00024935,-0.000258925,0.000188095,0.24662204,-0.23332089,1.37E-19,0.14917964,-4.73E-08,-5.58E-06,-0.003296244,-0.21414062,-8.15E-19,0.06865039,0.08304993
-3.72E-17,0.7744212,0.000351177,-0.71032774,-0.38006645,-0.3396672,3.79E-23,0.021300443,-0.096165635,-0.7679042,-0.24639055,-8.60E-16,-1.85E-20,0.07080031,1.10E-21,0.000134612,0.18387085,8.03E-24,0.000142064,-0.000458816,0.00085743,0.75070864,-0.714286,1.67E-19,0.47735474,-9.31E-08,-8.77E-06,-0.005484924,-0.66237354,-1.13E-18,0.23688729,0.28120705
-2.17E-17,0.7816126,0.000297977,-0.7165958,-0.392021,-0.3560956,3.50E-23,0.027168732,-0.10954223,-0.7750264,-0.25937703,-2.19E-15,-1.30E-20,0.08237903,9.41E-22,0.000128785,0.19468929,7.12E-24,-0.002794928,-0.000530083,0.000377019,0.7603117,-0.7240016,1.17E-19,0.49086663,-9.03E-08,-1.02E-05,-0.002703268,-0.67451984,-5.07E-19,0.24842487,0.2944693
-3.24E-17,1.2110717,0.00032211,-1.1099583,-0.60786486,-0.5581013,3.95E-23,0.045975365,-0.1770739,-1.2005343,-0.4036666,-2.36E-15,-1.80E-20,0.13387448,1.20E-21,0.000144335,0.30163813,8.56E-24,-0.006738242,-0.000593853,0.000138056,1.1795039,-1.1232307,1.73E-19,0.76272035,-1.16E-07,-1.13E-05,0.000781787,-1.0482706,-8.62E-19,0.38474733,0.45798272
-4.37E-18,-0.6195984,-0.000621464,0.5802375,0.3210817,0.26599634,5.01E-23,0.001732519,0.05956666,0.6159241,0.20778662,-3.40E-15,-7.78E-21,-0.038766634,1.21E-21,-0.000126051,-0.16415678,9.37E-24,-0.013519464,0.000187879,-0.003573677,-0.5940811,0.5693353,8.76E-20,-0.3857691,6.08E-08,5.76E-07,0.017349029,0.52339303,4.33E-19,-0.20502771,-0.23223206
4.61E-18,-2.3145068,-0.001563769,2.1461256,1.1866806,1.0322139,6.57E-23,-0.03786424,0.27962542,2.2981024,0.7791522,-3.60E-15,-3.83E-21,-0.19916525,1.51E-21,-0.000399505,-0.6010281,1.18E-23,-0.020842627,0.001048756,-0.007270264,-2.2361817,2.13704,7.71E-20,-1.4532363,2.26E-07,1.39E-05,0.035044763,1.9795079,1.13E-18,-0.75704515,-0.87655854
6.40E-18,-1.4831388,-0.001050508,1.3772014,0.7578809,0.653304,5.70E-23,-0.018847715,0.17040738,1.4727045,0.4948665,-3.84E-15,-5.23E-21,-0.11954978,1.30E-21,-0.000245094,-0.3827069,1.03E-23,-0.016722899,0.000522875,-0.005301925,-1.4305383,1.3673732,6.62E-20,-0.9262198,1.39E-07,5.55E-06,0.024807703,1.2641157,8.74E-19,-0.48185784,-0.5563099
6.64E-18,-0.8359419,-0.000646726,0.7785703,0.42490864,0.3598218,4.98E-23,-0.004747141,0.08682246,0.8301901,0.27458903,-3.93E-15,-5.71E-21,-0.058853123,1.12E-21,-0.000126526,-0.21348304,8.98E-24,-0.01312829,0.000136871,-0.003705321,-0.8036343,0.7685371,5.63E-20,-0.5170074,7.16E-08,-5.23E-07,0.016579866,0.70785624,6.98E-19,-0.26854956,-0.3082201
-1.28E-17,-0.18279126,-0.000124148,0.17251043,0.096609384,0.08050835,4.28E-23,0.001404887,0.018865492,0.18171756,0.06309196,-2.40E-15,-1.14E-20,-0.012010337,1.05E-21,1.02E-05,-0.050326694,8.19E-24,-0.004651909,-0.000181951,-0.001222606,-0.17506413,0.16825238,1.01E-19,-0.11476933,-8.90E-09,-5.00E-06,0.003424975,0.15490586,-1.65E-19,-0.06181348,-0.06957897
-9.17E-18,-0.12039527,-0.000100346,0.11509225,0.06458381,0.05184505,4.07E-23,0.003240774,0.010058541,0.1198098,0.041628905,-2.61E-15,-9.46E-21,-0.005448756,9.68E-22,1.68E-05,-0.033796854,7.68E-24,-0.004650051,-0.000211113,-0.001143156,-0.11443622,0.11043494,8.28E-20,-0.075262144,-1.23E-08,-5.43E-06,0.0031097,0.101081975,-2.74E-21,-0.041153423,-0.045528308
-2.81E-17,0.46023327,0.000231899,-0.42119747,-0.22475456,-0.20096855,3.81E-23,0.013630862,-0.056901596,-0.45630848,-0.14557885,-1.38E-15,-1.54E-20,0.042239834,1.04E-21,0.000103545,0.10840148,7.75E-24,-0.00054627,-0.000394266,0.000362041,0.44641978,-0.4244321,1.39E-19,0.28318366,-7.01E-08,-7.91E-06,-0.003829353,-0.39356306,-7.64E-19,0.14011635,0.16660106
-1.95E-17,0.24571419,6.94E-05,-0.22244446,-0.118895665,-0.11130975,3.93E-23,0.011828308,-0.035950046,-0.24342363,-0.07809967,-1.99E-15,-1.30E-20,0.027960405,1.01E-21,6.21E-05,0.056601163,7.74E-24,-0.003339,-0.000315682,-0.000429909,0.24022637,-0.2277511,1.16E-19,0.15292218,-4.42E-08,-6.90E-06,0.000334248,-0.21282345,-4.28E-19,0.07421723,0.090323575
-7.09E-18,-0.14809453,-3.52E-05,0.1394451,0.07837568,0.0687938,3.69E-23,-0.001237155,0.019443639,0.1470485,0.051940978,-2.40E-15,-7.27E-21,-0.013320057,8.22E-22,2.96E-05,-0.04040726,6.75E-24,-0.002299557,-0.000228298,-0.00071495,-0.1426434,0.13708849,6.15E-20,-0.09423924,-1.52E-08,-5.54E-06,0.000318538,0.12724397,9.69E-20,-0.049837828,-0.057376083
-6.05E-18,-0.42824784,-0.000167748,0.39780384,0.22392498,0.20078939,3.69E-23,-0.009800216,0.060186878,0.425062,0.14954701,-2.20E-15,-6.23E-21,-0.04353366,7.96E-22,-1.35E-05,-0.1146438,6.64E-24,-0.002326197,-8.02E-05,-0.001124701,-0.41543525,0.39759192,5.27E-20,-0.27417466,1.21E-08,-2.98E-06,0.002124751,0.37084293,1.96E-19,-0.14347073,-0.16739342
-8.07E-18,-0.18892539,-8.61E-05,0.17761719,0.10212883,0.08990838,3.69E-23,-0.002010171,0.025848497,0.1876974,0.06855956,-2.34E-15,-7.19E-21,-0.017948486,8.24E-22,1.36E-05,-0.053652074,6.76E-24,-0.002798849,-0.000174171,-0.00090251,-0.18255426,0.17548844,6.10E-20,-0.12248233,-7.34E-09,-4.57E-06,0.001535481,0.16353124,1.22E-19,-0.06605903,-0.07581997
-3.93E-17,0.8712306,0.000272072,-0.7975922,-0.4255525,-0.38510486,3.86E-23,0.028170284,-0.113807686,-0.86359656,-0.27666053,-9.63E-16,-1.94E-20,0.084925234,1.16E-21,0.000113936,0.20511495,8.32E-24,-0.002624075,-0.000408643,0.000396965,0.8457469,-0.80427074,1.80E-19,0.5370796,-8.85E-08,-7.86E-06,-0.001802221,-0.7468483,-1.14E-18,0.2646891,0.31607264
-4.78E-17,1.7487893,0.000631312,-1.6059375,-0.8728353,-0.7887385,3.67E-23,0.054304942,-0.23591936,-1.7341396,-0.5736007,-1.12E-15,-2.30E-20,0.17533898,1.22E-21,0.000224749,0.43006584,8.45E-24,-0.002558099,-0.000759439,0.001570355,1.698598,-1.6178539,2.16E-19,1.0922753,-1.65E-07,-1.35E-05,-0.006138056,-1.505159,-1.53E-18,0.5495309,0.65143025
-1.92E-17,0.3736152,0.000186687,-0.3411324,-0.18217005,-0.16319421,3.56E-23,0.011924004,-0.04682827,-0.37040925,-0.11836216,-1.84E-15,-1.13E-20,0.03509397,8.97E-22,9.08E-05,0.08827548,6.98E-24,-0.00103638,-0.000376594,0.000160845,0.3627587,-0.3446361,1.03E-19,0.22993842,-5.97E-08,-7.63E-06,-0.003028775,-0.31970015,-3.84E-19,0.11399235,0.13550091
-3.71E-17,1.0110855,0.000460764,-0.92925864,-0.5063719,-0.45492128,3.75E-23,0.030428197,-0.1344533,-1.0027026,-0.3328604,-1.43E-15,-1.93E-20,0.09977873,1.13E-21,0.00017474,0.2505304,8.13E-24,-0.000526616,-0.000623998,0.001107743,0.9814825,-0.93513745,1.75E-19,0.6319873,-1.22E-07,-1.16E-05,-0.006443705,-0.8693777,-1.14E-18,0.3197009,0.3776691
-4.50E-17,1.2599599,0.000543109,-1.1581427,-0.6297732,-0.5660642,3.81E-23,0.037265595,-0.16687399,-1.2494988,-0.41331622,-1.02E-15,-2.24E-20,0.12357196,1.22E-21,0.000196992,0.31059405,8.54E-24,-0.000418533,-0.000671883,0.001420768,1.2228261,-1.1650414,2.04E-19,0.7864996,-1.40E-07,-1.23E-05,-0.007222423,-1.0829545,-1.47E-18,0.3967328,0.4691614
-7.87E-17,2.4939535,0.00100275,-2.2942502,-1.2481823,-1.1221688,3.97E-23,0.072220996,-0.33098236,-2.473309,-0.8193053,2.85E-16,-3.59E-20,0.24445659,1.58E-21,0.000329125,0.6160406,1.02E-23,0.000264306,-0.001010281,0.00307681,2.41993,-2.3061855,3.34E-19,1.5573723,-2.42E-07,-1.73E-05,-0.012291294,-2.143792,-2.86E-18,0.7860127,0.9292196
-4.00E-17,1.1114664,0.000458109,-1.0207256,-0.5535075,-0.49828163,3.74E-23,0.03341274,-0.14705288,-1.1021774,-0.36279145,-1.12E-15,-2.02E-20,0.109057456,1.15E-21,0.000170471,0.2719768,8.19E-24,-0.000948382,-0.000594593,0.001109026,1.0788994,-1.0275202,1.82E-19,0.69262064,-1.21E-07,-1.10E-05,-0.005747309,-0.95509857,-1.26E-18,0.34805775,0.41233623
-2.43E-17,0.34394076,0.000154717,-0.31382918,-0.1680492,-0.15239435,3.78E-23,0.012060343,-0.04508531,-0.3408879,-0.10952856,-1.66E-15,-1.30E-20,0.03397072,9.98E-22,8.08E-05,0.08106907,7.55E-24,-0.001606237,-0.000333338,2.78E-05,0.3345183,-0.3178134,1.22E-19,0.21276295,-5.74E-08,-7.05E-06,-0.001922766,-0.2955147,-5.30E-19,0.10496698,0.12548232
-3.44E-18,-0.8436561,-0.00048395,0.78330606,0.43879163,0.3872874,4.38E-23,-0.016570006,0.11076073,0.83765364,0.29104635,-2.46E-15,-5.50E-21,-0.07963098,9.63E-22,-0.00010254,-0.22415695,7.89E-24,-0.006268209,0.000192286,-0.002493172,-0.816921,0.7815231,5.74E-20,-0.53668106,6.19E-08,1.20E-06,0.00934488,0.7266992,4.10E-19,-0.28133032,-0.32660365
-1.06E-17,-0.06884433,-2.96E-05,0.066884875,0.039550334,0.03276926,3.81E-23,0.001565174,0.008214004,0.06856986,0.026525367,-2.33E-15,-8.05E-21,-0.00496088,8.80E-22,3.07E-05,-0.021814832,7.09E-24,-0.002742625,-0.000219231,-0.000716784,-0.0654777,0.0636962,7.20E-20,-0.045072433,-1.94E-08,-5.42E-06,0.000791819,0.058772504,2.41E-20,-0.025911052,-0.028505553
-4.64E-17,1.447786,0.000539571,-1.3299946,-0.725075,-0.6569034,4.03E-23,0.046132997,-0.19857302,-1.4356176,-0.47749725,-1.35E-15,-2.40E-20,0.14784436,1.31E-21,0.000202542,0.35760692,9.12E-24,-0.002722215,-0.000722065,0.001212058,1.406723,-1.3402305,2.13E-19,0.9069828,-1.48E-07,-1.33E-05,-0.005173692,-1.247688,-1.51E-18,0.4569589,0.54203755
-2.96E-17,0.9490425,0.000395541,-0.8716975,-0.47865582,-0.43413755,3.79E-23,0.03168569,-0.13290295,-0.94112664,-0.31683847,-2.15E-15,-1.70E-20,0.09945956,1.09E-21,0.000163195,0.23801388,8.00E-24,-0.002414465,-0.000641865,0.000699494,0.9229225,-0.87951833,1.48E-19,0.5978123,-1.14E-07,-1.22E-05,-0.004332069,-0.8196158,-8.13E-19,0.30342072,0.3592449
-4.12E-17,1.3578187,0.000564834,-1.2486849,-0.68531954,-0.6194781,3.80E-23,0.043167185,-0.18795037,-1.3465778,-0.45312262,-1.68E-15,-2.18E-20,0.14001891,1.21E-21,0.000210726,0.34116578,8.52E-24,-0.001871978,-0.000767554,0.001331285,1.3193123,-1.2576668,1.95E-19,0.85426855,-1.50E-07,-1.41E-05,-0.006420581,-1.1711375,-1.33E-18,0.43428075,0.51320875
-2.47E-17,0.5699137,0.000322671,-0.52384204,-0.2877549,-0.25753,3.63E-23,0.01787322,-0.076546855,-0.5652351,-0.19020776,-1.97E-15,-1.44E-20,0.05716385,9.92E-22,0.000135346,0.1441508,7.45E-24,-0.000386677,-0.000532609,0.00061997,0.55337036,-0.52740264,1.30E-19,0.35789943,-9.06E-08,-1.03E-05,-0.005313756,-0.49036175,-6.51E-19,0.18322207,0.21536654
-3.31E-17,0.8884,0.00041619,-0.8170405,-0.44994754,-0.4057338,3.70E-23,0.02878343,-0.12317669,-0.8810435,-0.29824373,-1.78E-15,-1.76E-20,0.092018045,1.10E-21,0.000162751,0.22547923,7.95E-24,-0.00117047,-0.000609367,0.0008897,0.8632356,-0.822987,1.65E-19,0.5598428,-1.16E-07,-1.15E-05,-0.005377148,-0.7662871,-9.73E-19,0.286318,0.33736926
-2.80E-17,0.68885833,0.000292536,-0.63252044,-0.34991556,-0.3185977,3.93E-23,0.02584961,-0.10041445,-0.6829516,-0.23355153,-2.31E-15,-1.61E-20,0.07597023,1.13E-21,0.00013292,0.17628223,8.27E-24,-0.002958151,-0.000545511,0.000291384,0.6705884,-0.6391805,1.55E-19,0.4361728,-9.82E-08,-1.07E-05,-0.002641562,-0.5962955,-7.20E-19,0.22351284,0.26398152
-2.86E-17,0.81274086,0.000351371,-0.746986,-0.41491318,-0.37755978,3.78E-23,0.02955512,-0.11879595,-0.8059501,-0.27723137,-2.27E-15,-1.64E-20,0.08959902,1.11E-21,0.000149526,0.20957194,8.02E-24,-0.002826652,-0.000603088,0.000506789,0.7911917,-0.7544684,1.56E-19,0.5163312,-1.09E-07,-1.16E-05,-0.003361879,-0.7041669,-7.85E-19,0.26552075,0.31325227
-1.80E-17,0.21277636,0.000100901,-0.19351013,-0.10721533,-0.09974788,3.83E-23,0.010908119,-0.03342987,-0.2108088,-0.072205245,-2.28E-15,-1.16E-20,0.026162066,9.86E-22,7.16E-05,0.05383982,7.55E-24,-0.002757974,-0.000350867,-0.000302106,0.20825247,-0.19795826,1.10E-19,0.13545993,-5.14E-08,-7.53E-06,-0.00061422,-0.18540931,-3.18E-19,0.06889331,0.08223707
-1.40E-17,-0.4100367,-0.000235556,0.38236767,0.2154899,0.18816325,4.36E-23,-0.006065453,0.052873895,0.40728545,0.14316618,-2.05E-15,-1.01E-20,-0.03746203,1.06E-21,-2.96E-05,-0.11147018,8.25E-24,-0.00446793,-1.62E-05,-0.001527054,-0.3962105,0.37962413,9.75E-20,-0.2612988,1.45E-08,-2.20E-06,0.004903647,0.35246122,-9.30E-20,-0.13877663,-0.159751
-2.08E-17,0.04747007,7.98E-05,-0.041175768,-0.015045166,-0.011058677,3.79E-23,0.000547111,0.001109993,-0.0469134,-0.006445706,-1.40E-15,-1.22E-20,-0.000908816,9.45E-22,5.49E-05,0.003308348,7.37E-24,-0.000115057,-0.000242324,-9.73E-05,0.045151994,-0.041691802,1.06E-19,0.02232878,-3.34E-08,-5.46E-06,-0.002472547,-0.03674916,-4.73E-19,0.0068289,0.009298492
-3.05E-17,0.2634627,0.000138749,-0.23927276,-0.11929132,-0.104705855,3.98E-23,0.0061076,-0.025020834,-0.261025,-0.07328655,-8.44E-16,-1.61E-20,0.018111385,1.07E-21,6.99E-05,0.052581985,8.07E-24,-2.51E-05,-0.000253616,0.000140509,0.25434953,-0.24061707,1.43E-19,0.15403658,-4.70E-08,-5.51E-06,-0.002957295,-0.22106645,-8.59E-19,0.07074556,0.08583506
-7.90E-18,-0.04271408,2.22E-05,0.042128973,0.026007209,0.023378316,3.49E-23,0.000486664,0.007443484,0.04248684,0.018020054,-2.24E-15,-6.94E-21,-0.00478246,7.72E-22,4.22E-05,-0.014438141,6.40E-24,-0.001469167,-0.000253692,-0.000432907,-0.041018933,0.04021594,5.84E-20,-0.029564254,-2.30E-08,-5.78E-06,-0.000917731,0.03787636,6.00E-20,-0.016928319,-0.019097192
-2.27E-17,0.82554513,0.00028741,-0.7566076,-0.41325188,-0.37605864,3.52E-23,0.02927133,-0.11637538,-0.8185201,-0.273453,-2.12E-15,-1.35E-20,0.087659925,9.62E-22,0.000124433,0.20505413,7.23E-24,-0.003334781,-0.000514078,0.000312136,0.8030654,-0.76457894,1.24E-19,0.51788765,-8.98E-08,-9.83E-06,-0.001956895,-0.71229863,-5.67E-19,0.26167786,0.31046405
-1.85E-17,0.6945376,0.00014136,-0.6344549,-0.347211,-0.3219714,3.70E-23,0.02959077,-0.10532915,-0.6883649,-0.23143125,-2.44E-15,-1.25E-20,0.080583215,9.92E-22,8.44E-05,0.17209934,7.49E-24,-0.006052985,-0.000416766,-0.000389944,0.6775524,-0.6445598,1.17E-19,0.4378591,-6.78E-08,-8.38E-06,0.00220819,-0.60233486,-4.01E-19,0.22007845,0.2631727
-2.37E-18,-1.1900113,-0.000946938,1.1075922,0.61631835,0.5291041,5.56E-23,-0.012373556,0.1369127,1.1821464,0.40409872,-3.26E-15,-7.32E-21,-0.095336705,1.33E-21,-0.000222753,-0.31437796,1.03E-23,-0.015688758,0.000502647,-0.004812973,-1.1477512,1.0983301,9.10E-20,-0.74923253,1.19E-07,5.69E-06,0.023215478,1.0161613,5.72E-19,-0.39445525,-0.4533577
1.14E-17,-2.3362663,-0.001569093,2.1665065,1.2004516,1.0465355,6.47E-23,-0.039041486,0.2850251,2.3196485,0.7891295,-3.80E-15,-3.41E-21,-0.20312849,1.44E-21,-0.000398447,-0.608359,1.15E-23,-0.020693116,0.001012162,-0.0073126,-2.2583072,2.1584551,6.06E-20,-1.4701663,2.31E-07,1.35E-05,0.034625813,2.0008106,1.21E-18,-0.766157,-0.88760257
-1.70E-18,-1.5101051,-0.001014947,1.4017428,0.7792294,0.67848873,5.80E-23,-0.024341606,0.18507001,1.4994855,0.513163,-2.95E-15,-8.32E-21,-0.13167574,1.36E-21,-0.000243259,-0.3967398,1.07E-23,-0.014226208,0.000577694,-0.004940222,-1.4594952,1.395551,9.21E-20,-0.95222133,1.40E-07,6.81E-06,0.022455655,1.2937396,5.01E-19,-0.49841356,-0.57624125
-1.49E-17,-0.43045598,-0.000277368,0.40162694,0.22544004,0.19470741,4.65E-23,-0.004319645,0.05210454,0.42759722,0.14893353,-2.18E-15,-1.29E-20,-0.036237184,1.17E-21,-3.47E-05,-0.11641753,8.96E-24,-0.005875212,-3.38E-05,-0.001819377,-0.4154039,0.39793918,1.17E-19,-0.27283657,1.71E-08,-2.60E-06,0.006427398,0.36880064,-2.49E-19,-0.14481565,-0.16603097
-1.07E-17,-0.30638307,-0.000183936,0.28675523,0.16134194,0.13925329,4.29E-23,-0.002572102,0.0373018,0.30436808,0.106621176,-2.34E-15,-1.04E-20,-0.025738582,1.03E-21,-9.63E-06,-0.083487675,8.11E-24,-0.004635823,-0.000111691,-0.001408614,-0.29539144,0.28330144,9.20E-20,-0.19457334,4.82E-09,-3.79E-06,0.0041416,0.26252675,-7.66E-20,-0.103575945,-0.118565716
-2.52E-17,0.21592289,0.000188451,-0.19735162,-0.10295528,-0.088975176,3.78E-23,0.004850815,-0.02185198,-0.21410044,-0.06513436,-1.35E-15,-1.42E-20,0.015918419,9.92E-22,8.84E-05,0.04856788,7.55E-24,0.000664832,-0.000344805,0.000308303,0.20849298,-0.19793275,1.25E-19,0.12989935,-5.61E-08,-7.13E-06,-0.004471554,-0.18217272,-6.69E-19,0.06353411,0.07509811
-2.31E-18,-0.39954385,-0.000208116,0.3720414,0.20253314,0.17455046,4.04E-23,-0.003832155,0.0449959,0.39657694,0.13144042,-2.88E-15,-7.03E-21,-0.030966904,8.96E-22,-1.28E-05,-0.101450354,7.32E-24,-0.005189256,-0.000142899,-0.001561454,-0.38458878,0.36776164,5.89E-20,-0.2472257,1.01E-08,-4.50E-06,0.004660981,0.33942357,2.63E-19,-0.1273591,-0.14717725
-2.66E-18,-0.40111974,-0.000229959,0.37389237,0.2034956,0.17411633,4.12E-23,-0.002935832,0.04383387,0.398185,0.13184483,-2.91E-15,-7.46E-21,-0.02987424,9.26E-22,-1.76E-05,-0.102160394,7.50E-24,-0.005825403,-0.000132876,-0.001688541,-0.385692,0.36890697,6.33E-20,-0.24774805,1.21E-08,-4.38E-06,0.005467332,0.34005424,2.49E-19,-0.12804808,-0.14744791
-1.81E-18,-0.39537698,-0.000217241,0.3683915,0.20031033,0.17183733,4.06E-23,-0.003201673,0.043539084,0.39246237,0.12976153,-2.94E-15,-6.93E-21,-0.029758062,8.99E-22,-1.46E-05,-0.10035415,7.34E-24,-0.005531078,-0.000142707,-0.001621826,-0.3802917,0.36369342,5.77E-20,-0.2441867,1.10E-08,-4.53E-06,0.005050329,0.33536983,2.86E-19,-0.12591238,-0.14522927
-8.55E-18,0.0921608,4.47E-05,-0.081872165,-0.045948572,-0.045298155,3.72E-23,0.00760875,-0.017490767,-0.091233626,-0.031736422,-2.75E-15,-8.37E-21,0.01447677,8.66E-22,5.92E-05,0.0228551,6.97E-24,-0.003220659,-0.000346919,-0.000554008,0.09154439,-0.08651232,7.04E-20,0.060016535,-3.72E-08,-7.61E-06,6.25E-05,-0.08202522,4.79E-20,0.029969625,0.036849774
-8.34E-18,-0.18967783,-9.67E-05,0.17835928,0.10215746,0.08923756,3.73E-23,-0.001339169,0.024771985,0.18847981,0.068249375,-2.41E-15,-7.46E-21,-0.016966052,8.41E-22,1.20E-05,-0.053506434,6.87E-24,-0.003190114,-0.00017601,-0.000975037,-0.18307209,0.17594577,6.34E-20,-0.12242645,-7.38E-09,-4.63E-06,0.00199761,0.16371578,1.21E-19,-0.065941945,-0.07553842
-8.67E-18,-0.14883113,-7.36E-05,0.14079165,0.08210556,0.0717598,3.69E-23,-0.000803566,0.020426191,0.1479362,0.05540731,-2.33E-15,-7.42E-21,-0.013936721,8.30E-22,1.74E-05,-0.043813676,6.79E-24,-0.002848132,-0.000185028,-0.000863892,-0.14359096,0.13837457,6.31E-20,-0.09740537,-1.02E-08,-4.74E-06,0.001442202,0.12897035,1.00E-19,-0.053479493,-0.06087697
-2.89E-17,0.43897426,0.000147463,-0.40028596,-0.20971681,-0.18930532,3.80E-23,0.014768937,-0.054666296,-0.43498045,-0.13481914,-1.33E-15,-1.52E-20,0.041056614,1.04E-21,7.77E-05,0.099034816,7.77E-24,-0.001981742,-0.000312209,6.22E-07,0.42592937,-0.4042843,1.40E-19,0.26693934,-5.82E-08,-6.44E-06,-0.001276979,-0.37457386,-7.27E-19,0.12912828,0.15506783
-1.12E-17,-0.0371114,1.43E-07,0.03731122,0.025080767,0.022205096,3.56E-23,0.001141745,0.006964313,0.03703235,0.017930979,-2.06E-15,-8.20E-21,-0.004307039,8.19E-22,3.49E-05,-0.014810642,6.64E-24,-0.00184344,-0.000222271,-0.000519689,-0.03573233,0.035376288,7.20E-20,-0.027576413,-2.13E-08,-5.18E-06,-0.000143933,0.033677734,-5.30E-20,-0.017028783,-0.01875178
-7.85E-18,-0.028552905,2.46E-05,0.029086173,0.018636938,0.016569264,3.47E-23,0.001068892,0.005117117,0.028441824,0.013005691,-2.24E-15,-6.94E-21,-0.003009943,7.68E-22,4.26E-05,-0.010620177,6.36E-24,-0.001546749,-0.000256339,-0.000428158,-0.027224354,0.027046002,5.85E-20,-0.020445809,-2.36E-08,-5.81E-06,-0.000846736,0.025555544,5.50E-20,-0.012147009,-0.013473816
-2.66E-17,0.5951622,0.000278142,-0.54567796,-0.29485047,-0.2645527,3.60E-23,0.018329848,-0.0774559,-0.590156,-0.19292343,-1.54E-15,-1.46E-20,0.057707466,9.82E-22,0.000116196,0.14470522,7.37E-24,-0.000792578,-0.000446505,0.000502424,0.5776151,-0.54972607,1.32E-19,0.36953595,-7.96E-08,-8.67E-06,-0.00404808,-0.51047224,-7.23E-19,0.18549868,0.2196174
-2.57E-17,0.37710953,0.000173687,-0.34446782,-0.18238121,-0.1634772,3.71E-23,0.012098672,-0.046853878,-0.37378663,-0.117853194,-1.46E-15,-1.42E-20,0.035095092,9.92E-22,8.50E-05,0.08739112,7.50E-24,-0.001101994,-0.00034524,0.00013923,0.3657462,-0.3474428,1.28E-19,0.23070398,-5.92E-08,-7.04E-06,-0.002515184,-0.3218755,-6.50E-19,0.1133129,0.13510963
-2.83E-17,0.39159083,0.000165651,-0.3576964,-0.1894104,-0.17037804,3.76E-23,0.012996553,-0.04940182,-0.3880934,-0.12253162,-1.35E-15,-1.50E-20,0.037082903,1.03E-21,8.17E-05,0.09073834,7.69E-24,-0.001367916,-0.000327291,0.000103825,0.37990826,-0.36091068,1.38E-19,0.23973614,-5.97E-08,-6.72E-06,-0.00203765,-0.33451128,-7.33E-19,0.11762422,0.14042234
-6.73E-18,-0.7270931,-0.00035837,0.674255,0.37673742,0.33467114,4.06E-23,-0.01592501,0.097660206,0.7217561,0.25019065,-2.17E-15,-5.83E-21,-0.07066446,8.94E-22,-6.98E-05,-0.19200256,7.31E-24,-0.004176747,0.000107676,-0.001887531,-0.7045193,0.6736781,5.90E-20,-0.46199414,4.30E-08,-8.59E-08,0.006178506,0.62680376,2.87E-19,-0.24110799,-0.28083575
-7.93E-18,-0.8755843,-0.000466625,0.8118319,0.4521919,0.39959592,4.34E-23,-0.018282264,0.11490833,0.86922604,0.29948828,-2.18E-15,-5.68E-21,-0.082993135,9.74E-22,-0.000101277,-0.23013708,7.84E-24,-0.005523854,0.000215492,-0.002344272,-0.84769523,0.81043404,6.61E-20,-0.55441934,5.89E-08,1.51E-06,0.008757718,0.7530543,3.32E-19,-0.28924292,-0.33641618
-1.37E-17,-0.22752997,-0.000146648,0.2141031,0.124921575,0.10874279,4.10E-23,-0.002258542,0.031040354,0.22620866,0.08438714,-2.05E-15,-9.80E-21,-0.021666043,9.81E-22,-4.72E-06,-0.06685918,7.76E-24,-0.003642955,-9.57E-05,-0.001156999,-0.21988133,0.21156195,8.86E-20,-0.14888027,4.22E-10,-3.33E-06,0.003148692,0.1971139,-9.57E-20,-0.08195481,-0.09318884
-1.66E-17,0.32467136,0.000149911,-0.2960837,-0.15998842,-0.14586823,3.70E-23,0.01211087,-0.04442724,-0.32185042,-0.10501659,-2.21E-15,-1.11E-20,0.03371575,9.15E-22,8.53E-05,0.07773748,7.17E-24,-0.002049854,-0.000392747,-6.79E-05,0.31621844,-0.30051148,9.28E-20,0.20244858,-5.52E-08,-8.18E-06,-0.001895286,-0.27992257,-2.72E-19,0.100545004,0.1202501
-2.71E-17,0.78925437,0.00031622,-0.72398037,-0.39540637,-0.3591853,3.79E-23,0.026553039,-0.10957553,-0.7826065,-0.26087224,-2.03E-15,-1.57E-20,0.08206419,1.05E-21,0.00013684,0.19508608,7.83E-24,-0.002454595,-0.000551151,0.000456729,0.7676058,-0.7310651,1.35E-19,0.4954562,-9.47E-08,-1.07E-05,-0.003288319,-0.68110335,-7.07E-19,0.24965645,0.2965009
-1.25E-17,0.1783767,0.000123252,-0.16204546,-0.088700995,-0.08062732,3.61E-23,0.007776391,-0.025075372,-0.1768163,-0.05891144,-2.42E-15,-9.19E-21,0.019463375,8.61E-22,7.77E-05,0.044077266,6.87E-24,-0.001664517,-0.000376633,-0.000149198,0.17411627,-0.16534531,8.01E-20,0.11208431,-4.89E-08,-7.92E-06,-0.002079605,-0.15416539,-1.04E-19,0.056729913,0.06738641
-2.05E-17,0.22836736,0.000113283,-0.20782433,-0.1138656,-0.105293944,3.84E-23,0.010228994,-0.033599094,-0.2262714,-0.07569617,-2.09E-15,-1.15E-20,0.025897,9.90E-22,7.28E-05,0.05603786,7.56E-24,-0.002262591,-0.000333134,-0.000197048,0.22324415,-0.21214637,1.10E-19,0.14424604,-5.23E-08,-7.28E-06,-0.001077507,-0.1984404,-3.39E-19,0.072232515,0.086511575
-1.42E-17,-0.46659863,-0.000296053,0.4348219,0.24132304,0.20813851,4.55E-23,-0.004945351,0.05529132,0.46357912,0.15822761,-2.40E-15,-8.77E-21,-0.038585827,1.12E-21,-4.49E-05,-0.122824565,8.63E-24,-0.005949793,3.32E-05,-0.001859013,-0.44968957,0.4305062,1.01E-19,-0.29343012,1.76E-08,-1.62E-06,0.006944267,0.3981915,6.17E-20,-0.15407236,-0.17747283
-1.60E-17,-0.60747766,-0.000421636,0.5652655,0.3103069,0.26496002,4.78E-23,-0.005289551,0.06740449,0.6034415,0.2020117,-2.45E-15,-9.55E-21,-0.04661966,1.20E-21,-7.92E-05,-0.1569824,9.11E-24,-0.00820129,0.000126948,-0.002442094,-0.58463967,0.55911034,1.13E-19,-0.37780133,3.39E-08,-3.05E-07,0.010629309,0.5157233,5.25E-20,-0.19721752,-0.22679126
-1.28E-17,-1.023554,-0.000651507,0.94958514,0.5215821,0.45147735,5.14E-23,-0.01458093,0.12021471,1.0163336,0.34095812,-2.55E-15,-8.74E-21,-0.084959276,1.27E-21,-0.000144745,-0.26311645,9.64E-24,-0.010170205,0.000322121,-0.003366475,-0.9875025,0.94359803,1.09E-19,-0.6385629,7.42E-08,2.68E-06,0.015053757,0.87248015,2.18E-19,-0.33144122,-0.38349554
-5.61E-18,-1.2994044,-0.00083417,1.205083,0.6594249,0.56980515,5.49E-23,-0.018651444,0.15064508,1.290087,0.43009153,-3.10E-15,-6.77E-21,-0.10646556,1.31E-21,-0.000191156,-0.3317279,1.01E-23,-0.012853334,0.000430663,-0.004225185,-1.253128,1.1971083,9.26E-20,-0.80797637,1.04E-07,4.04E-06,0.01924047,1.106023,5.31E-19,-0.41825277,-0.48397025
9.66E-19,-0.973239,-0.000610923,0.9035966,0.49676287,0.43072668,4.83E-23,-0.014036697,0.11494415,0.9662463,0.32478356,-3.18E-15,-5.35E-21,-0.08112494,1.08E-21,-0.000127669,-0.250478,8.67E-24,-0.009872342,0.000213493,-0.003266658,-0.9390825,0.89760786,6.01E-20,-0.6079291,7.44E-08,9.43E-07,0.013643777,0.8303197,5.82E-19,-0.31538594,-0.36502868
-8.05E-18,-0.7589897,-0.000504884,0.7061655,0.39252102,0.33970153,4.90E-23,-0.01040534,0.09150204,0.7537789,0.25817266,-2.59E-15,-8.49E-21,-0.064562246,1.16E-21,-0.000101718,-0.20042679,9.11E-24,-0.008462166,0.000177541,-0.002766806,-0.7324246,0.7008532,8.99E-20,-0.47789493,5.61E-08,5.64E-07,0.011423798,0.64883685,2.12E-19,-0.25111014,-0.28930604
-3.32E-18,-0.3579522,-0.000161366,0.3335635,0.18632856,0.16445045,3.83E-23,-0.005948512,0.046755955,0.35535926,0.12327048,-2.56E-15,-6.00E-21,-0.033132743,8.26E-22,-6.70E-06,-0.09494425,6.88E-24,-0.003398919,-0.000124129,-0.001225286,-0.346094,0.33144978,5.08E-20,-0.22719237,7.65E-09,-3.88E-06,0.002729895,0.3080194,2.65E-19,-0.118771695,-0.13783157
-2.86E-18,-0.46489784,-0.000279961,0.43348467,0.24371241,0.21348295,4.02E-23,-0.00686859,0.05943455,0.46170974,0.16135992,-2.57E-15,-5.72E-21,-0.04194969,8.78E-22,-4.21E-05,-0.124877825,7.26E-24,-0.005070207,-1.08E-05,-0.001735602,-0.44943362,0.4306003,5.37E-20,-0.2962887,2.61E-08,-2.00E-06,0.005764918,0.40009198,3.23E-19,-0.15618524,-0.18050626
-9.66E-18,0.15918264,3.91E-05,-0.14300282,-0.07545932,-0.07044813,3.39E-23,0.008509614,-0.023420725,-0.15764694,-0.049710143,-2.15E-15,-7.77E-21,0.018643092,7.80E-22,4.44E-05,0.036253277,6.35E-24,-0.002764472,-0.000264723,-0.000443168,0.15551965,-0.1469576,6.84E-20,0.097637124,-2.97E-08,-5.76E-06,0.000414323,-0.13680506,-5.99E-20,0.04745221,0.057537407
-7.83E-18,-0.42265022,-0.000462285,0.39764374,0.22586851,0.18821464,4.49E-23,0.001879588,0.04352255,0.42040288,0.14800118,-2.63E-15,-8.15E-21,-0.028264418,1.08E-21,-9.32E-05,-0.11749004,8.47E-24,-0.010021326,0.000137567,-0.00269957,-0.406038,0.39016545,8.92E-20,-0.2692456,4.33E-08,4.18E-07,0.012829952,0.3603014,1.86E-19,-0.14588735,-0.16475102
8.01E-18,-1.6189028,-0.00113352,1.503194,0.83574075,0.7273046,5.48E-23,-0.025091235,0.19685999,1.6076083,0.5497132,-3.39E-15,-3.12E-21,-0.1396362,1.20E-21,-0.000281497,-0.4244975,9.73E-24,-0.01586999,0.000679977,-0.005437468,-1.5646081,1.4962555,5.11E-20,-1.0213947,1.62E-07,8.66E-06,0.025494024,1.3872644,9.64E-19,-0.53405416,-0.6178304
-1.56E-18,-2.095697,-0.001356632,1.9433416,1.0866375,0.95458794,6.18E-23,-0.040468313,0.26894873,2.0808973,0.71948797,-2.55E-15,-6.58E-21,-0.19351897,1.43E-21,-0.000351502,-0.5548514,1.12E-23,-0.01572634,0.000962218,-0.006126198,-2.0289733,1.9400455,8.81E-20,-1.3299809,2.04E-07,1.33E-05,0.028287163,1.8024335,6.96E-19,-0.69729435,-0.8084329
-8.96E-18,-1.3892351,-0.000904304,1.2896005,0.7253297,0.6375657,5.57E-23,-0.02617747,0.18056548,1.379591,0.48173988,-2.17E-15,-1.02E-20,-0.12972257,1.34E-21,-0.000220859,-0.37242845,1.04E-23,-0.01114843,0.000564373,-0.004273526,-1.3454527,1.2871915,1.07E-19,-0.88573676,1.27E-07,7.12E-06,0.018806152,1.1968957,1.97E-19,-0.46686715,-0.54040664
-3.44E-17,0.20059034,0.000133205,-0.18211041,-0.0890713,-0.07725778,4.18E-23,0.004299829,-0.017138477,-0.19867234,-0.05375396,-6.91E-16,-1.84E-20,0.012275434,1.17E-21,6.91E-05,0.038141694,8.63E-24,0.000207536,-0.000249338,0.000129698,0.19313674,-0.18256974,1.64E-19,0.11551035,-4.74E-08,-5.49E-06,-0.003077448,-0.16706789,-1.05E-18,0.052047595,0.06338755
-4.02E-17,0.5186786,0.000362052,-0.47721583,-0.25360966,-0.22075562,3.88E-23,0.010426315,-0.05691383,-0.514445,-0.16251273,-5.03E-16,-2.00E-20,0.04089448,1.14E-21,0.000134472,0.122348666,8.28E-24,0.002773281,-0.00043596,0.001087908,0.5007727,-0.47673202,1.79E-19,0.316519,-8.87E-08,-8.39E-06,-0.008005007,-0.43989605,-1.30E-18,0.15766855,0.185395
-2.02E-17,0.05275146,7.48E-05,-0.04610914,-0.020312846,-0.017496634,3.85E-23,0.002154286,-0.002932873,-0.05217527,-0.011219393,-1.60E-15,-1.25E-20,0.002473426,9.71E-22,5.73E-05,0.007021669,7.51E-24,-0.000816486,-0.000268508,-0.000193131,0.05107306,-0.04758293,1.09E-19,0.028565623,-3.58E-08,-6.02E-06,-0.001917555,-0.043253697,-4.60E-19,0.01116059,0.014478736
-1.81E-17,0.029653378,-8.97E-06,-0.023335338,-0.008157104,-0.010958631,4.04E-23,0.00476201,-0.004599599,-0.029117987,-0.004118666,-1.89E-15,-1.24E-20,0.004547565,1.01E-21,3.82E-05,0.000410683,7.82E-24,-0.003061163,-0.000232103,-0.000666567,0.030182138,-0.027299382,1.10E-19,0.01571399,-2.63E-08,-5.59E-06,0.000942435,-0.025892414,-3.61E-19,0.003354557,0.007016759
-9.42E-18,-0.27558517,-0.000215453,0.25912362,0.14321469,0.11873483,4.31E-23,0.001053837,0.027553769,0.27377373,0.09312981,-2.55E-15,-1.04E-20,-0.01783714,1.03E-21,-1.37E-05,-0.07411185,8.10E-24,-0.006312302,-0.000126359,-0.001656232,-0.26372445,0.25301677,9.12E-20,-0.17082566,6.16E-09,-4.24E-06,0.005927872,0.23226911,-2.34E-20,-0.091300264,-0.10282913
-6.24E-18,-0.14298712,-9.75E-05,0.13551256,0.07228398,0.057626918,4.00E-23,0.003462698,0.010130345,0.14209655,0.045305748,-2.89E-15,-8.50E-21,-0.005246617,9.28E-22,2.12E-05,-0.036172807,7.43E-24,-0.004957045,-0.000247964,-0.001181717,-0.13556361,0.13017273,7.26E-20,-0.085682124,-1.39E-08,-6.18E-06,0.003170128,0.1183313,1.18E-19,-0.04467892,-0.04995744
-2.02E-17,0.5693642,0.000226015,-0.52129465,-0.28650838,-0.26229504,3.84E-23,0.021732379,-0.082397506,-0.5645034,-0.19031158,-2.51E-15,-1.33E-20,0.06244822,1.02E-21,0.000115607,0.14225031,7.71E-24,-0.003270975,-0.000509726,4.30E-05,0.5549116,-0.5283657,1.17E-19,0.3596287,-7.96E-08,-1.02E-05,-0.001885851,-0.4933102,-4.10E-19,0.18188648,0.2163637
-1.40E-17,0.3920077,0.000168792,-0.35837185,-0.19825001,-0.18222143,3.70E-23,0.016511086,-0.05875787,-0.38861805,-0.13258104,-2.79E-15,-1.05E-20,0.045025885,9.20E-22,9.83E-05,0.09927577,7.19E-24,-0.003136264,-0.000470877,-0.000145024,0.38259834,-0.3642409,8.99E-20,0.24887493,-6.59E-08,-9.61E-06,-0.001434207,-0.34047705,-1.40E-19,0.12668265,0.15057588
-8.06E-18,-0.45287478,-0.00021095,0.4209922,0.2381997,0.21263945,3.79E-23,-0.009534479,0.06300886,0.44961786,0.15932173,-2.15E-15,-7.06E-21,-0.04537356,8.40E-22,-2.53E-05,-0.12265983,6.90E-24,-0.003058311,-4.31E-05,-0.001319063,-0.43924904,0.420522,6.14E-20,-0.29081455,1.68E-08,-2.36E-06,0.003387366,0.39223573,1.53E-19,-0.1532125,-0.17816761
-6.40E-18,-0.35932344,-0.000123902,0.33407444,0.18850699,0.16958019,3.64E-23,-0.00839782,0.051427323,0.35664293,0.12614109,-2.18E-15,-6.29E-21,-0.037215695,7.85E-22,-1.21E-06,-0.096668035,6.55E-24,-0.001889159,-0.000115394,-0.00094517,-0.34865797,0.3338247,5.30E-20,-0.2306363,4.92E-09,-3.54E-06,0.001205186,0.3115921,1.68E-19,-0.12081839,-0.14104083
-9.54E-18,0.1383861,6.04E-05,-0.12431547,-0.065626815,-0.06044208,3.36E-23,0.00688492,-0.019276805,-0.13710012,-0.043023508,-2.14E-15,-7.58E-21,0.015301061,7.65E-22,5.08E-05,0.031530727,6.26E-24,-0.002087719,-0.000281888,-0.000326219,0.13508235,-0.12763265,6.55E-20,0.08474655,-3.19E-08,-6.08E-06,-0.000525584,-0.118632294,-4.61E-20,0.04135421,0.049896635
-9.83E-18,0.15178138,5.72E-05,-0.13654386,-0.07216126,-0.06658684,3.35E-23,0.007510486,-0.021389667,-0.15036793,-0.04735362,-2.11E-15,-7.68E-21,0.016930081,7.65E-22,4.93E-05,0.034715813,6.25E-24,-0.002240402,-0.0002769,-0.000342407,0.14811774,-0.14002025,6.67E-20,0.093049,-3.17E-08,-5.97E-06,-0.000291414,-0.1301741,-6.10E-20,0.045439474,0.054824553
-7.36E-18,-0.345135,-0.000153721,0.32147533,0.1825953,0.16324912,3.60E-23,-0.007047285,0.048526805,0.34265697,0.12229772,-2.05E-15,-6.61E-21,-0.03480604,7.88E-22,-1.22E-05,-0.09416942,6.54E-24,-0.002524522,-7.88E-05,-0.001068295,-0.33480576,0.32081634,5.73E-20,-0.22246712,9.36E-09,-2.82E-06,0.002365473,0.29950437,1.22E-19,-0.11741475,-0.13652724
-1.26E-17,-0.4651089,-0.000215354,0.4320963,0.24647446,0.2214685,3.76E-23,-0.010825467,0.06707005,0.46178102,0.16581318,-1.66E-15,-8.65E-21,-0.048619617,8.69E-22,-3.27E-05,-0.12757856,7.00E-24,-0.002474801,6.31E-06,-0.001244337,-0.45197707,0.43278986,7.79E-20,-0.30100152,1.97E-08,-1.32E-06,0.003299719,0.40464288,-6.17E-20,-0.15919234,-0.18535948
-6.42E-18,-0.75765395,-0.000345384,0.7019201,0.39336783,0.3519716,3.90E-23,-0.018254872,0.10476632,0.75199085,0.26213533,-2.02E-15,-5.89E-21,-0.07623411,8.41E-22,-6.80E-05,-0.20066422,6.97E-24,-0.003282962,0.00010283,-0.001763592,-0.735154,0.70285016,5.45E-20,-0.4831824,4.43E-08,-3.91E-09,0.00528639,0.655054,2.61E-19,-0.25199163,-0.2942648
-6.85E-18,-1.4318619,-0.000772878,1.3254857,0.73848736,0.65489775,4.65E-23,-0.032156657,0.18972501,1.4213132,0.48964444,-1.99E-15,-5.11E-21,-0.13771547,1.03E-21,-0.000193123,-0.37545288,8.30E-24,-0.007401127,0.000508108,-0.003476555,-1.3876367,1.325965,6.50E-20,-0.90745527,1.14E-07,6.29E-06,0.014316075,1.2331033,4.71E-19,-0.4725297,-0.5506415
-2.47E-18,-1.6804883,-0.000987204,1.5565547,0.86390525,0.7604568,5.19E-23,-0.033824414,0.21475694,1.6682551,0.57035094,-2.51E-15,-4.39E-21,-0.1548214,1.16E-21,-0.000248179,-0.4381616,9.25E-24,-0.011103348,0.000647773,-0.004519834,-1.6265426,1.5542507,6.52E-20,-1.0604837,1.45E-07,8.19E-06,0.019894164,1.443008,6.89E-19,-0.55180585,-0.6416043
-4.59E-18,-1.0108062,-0.00058468,0.93762606,0.52151835,0.45855957,4.61E-23,-0.019410718,0.12944806,1.0035439,0.34451607,-2.48E-15,-5.27E-21,-0.09300797,1.03E-21,-0.000131497,-0.2651279,8.30E-24,-0.007476049,0.000288335,-0.002915574,-0.9779415,0.93500817,6.35E-20,-0.6388543,7.66E-08,2.55E-06,0.011710975,0.8680392,4.60E-19,-0.33335847,-0.3870784
-1.78E-17,0.1209394,8.70E-05,-0.108587,-0.054580078,-0.048915986,3.76E-23,0.004514946,-0.012888532,-0.119766325,-0.034029108,-1.82E-15,-1.11E-20,0.009938658,9.23E-22,6.14E-05,0.024133433,7.25E-24,-0.001146636,-0.000288628,-0.000179132,0.117504254,-0.110827155,9.59E-20,0.07146842,-3.86E-08,-6.36E-06,-0.00180181,-0.102285616,-3.22E-19,0.032839052,0.0402088
-7.74E-18,-0.087455586,-1.05E-05,0.08354092,0.047651373,0.041215613,3.64E-23,0.000301648,0.011348348,0.086922735,0.03166531,-2.42E-15,-6.81E-21,-0.007419325,8.10E-22,3.58E-05,-0.025059499,6.66E-24,-0.002169247,-0.000241248,-0.000613224,-0.08376827,0.08093414,5.91E-20,-0.05614008,-2.02E-08,-5.75E-06,-1.85E-05,0.07497561,1.21E-19,-0.030438874,-0.034572363
-9.07E-18,-0.13522547,-3.30E-05,0.12754358,0.07166652,0.062443394,3.70E-23,-0.00097798,0.017575378,0.13432807,0.04748822,-2.33E-15,-6.91E-21,-0.012032566,8.32E-22,2.81E-05,-0.037140705,6.78E-24,-0.002233568,-0.000207521,-0.000682862,-0.12999249,0.12500465,6.31E-20,-0.08587353,-1.65E-08,-5.23E-06,0.000392422,0.11579093,1.04E-19,-0.045728527,-0.05244768
-1.36E-17,-0.3618469,-0.000195467,0.33744073,0.18765286,0.1629031,4.27E-23,-0.004511357,0.04462555,0.35945702,0.123489216,-2.27E-15,-8.30E-21,-0.031356856,1.03E-21,-1.80E-05,-0.09576616,8.03E-24,-0.004247254,-4.40E-05,-0.001381897,-0.34886003,0.3341033,9.10E-20,-0.22809264,4.91E-09,-2.77E-06,0.004224853,0.3092957,4.05E-20,-0.11986492,-0.13825926
-1.14E-17,-1.0075963,-0.000606617,0.9347245,0.51585335,0.44943383,4.93E-23,-0.01732054,0.12368988,1.0004456,0.3389085,-2.39E-15,-6.23E-21,-0.08843239,1.17E-21,-0.000138016,-0.2613604,9.07E-24,-0.008482835,0.000336173,-0.003050581,-0.9729873,0.9299803,8.83E-20,-0.6316408,7.32E-08,3.00E-06,0.013100237,0.8610036,3.58E-19,-0.32890028,-0.38102442
-8.49E-18,-1.8568289,-0.001155279,1.7203399,0.94977915,0.82943654,5.90E-23,-0.033680227,0.22874105,1.8435042,0.6242761,-2.62E-15,-5.41E-21,-0.16404025,1.40E-21,-0.0002939,-0.48057726,1.08E-23,-0.01433276,0.000808797,-0.005330043,-1.7945701,1.7145424,9.69E-20,-1.1650617,1.62E-07,1.03E-05,0.024928767,1.5885143,6.68E-19,-0.60563105,-0.70262265
-7.83E-18,-2.0150194,-0.001253887,1.8661109,1.0237993,0.8905537,6.13E-23,-0.034519497,0.24148738,2.0003552,0.67025995,-2.87E-15,-6.12E-21,-0.17252299,1.48E-21,-0.00031635,-0.5158529,1.12E-23,-0.016360972,0.000844643,-0.005841605,-1.9458288,1.8582544,1.04E-19,-1.2568853,1.74E-07,1.05E-05,0.027800702,1.7192669,6.95E-19,-0.65065926,-0.75466216
-3.26E-18,-1.9336526,-0.001222729,1.7913369,0.9817227,0.85225654,6.07E-23,-0.031504147,0.22900894,1.9195895,0.64181656,-3.20E-15,-5.72E-21,-0.1630435,1.44E-21,-0.000302767,-0.49416703,1.10E-23,-0.016737375,0.00076973,-0.005805545,-1.8666071,1.78268,9.29E-20,-1.2047608,1.69E-07,9.22E-06,0.027457267,1.6486865,7.75E-19,-0.6233519,-0.72257036
4.09E-19,-1.6452903,-0.001082476,1.525796,0.83697224,0.72418875,5.89E-23,-0.024474412,0.19234553,1.6334949,0.5466704,-3.46E-15,-5.29E-21,-0.13620134,1.37E-21,-0.000259475,-0.42166212,1.07E-23,-0.015960934,0.000617911,-0.005313077,-1.5874034,1.5165854,8.15E-20,-1.025406,1.45E-07,6.88E-06,0.024780374,1.4020212,7.99E-19,-0.53158134,-0.61514455
8.55E-19,-0.7948889,-0.000473607,0.73827946,0.4073646,0.3549089,4.47E-23,-0.012108139,0.09617943,0.78914464,0.26708263,-3.01E-15,-5.44E-21,-0.06802102,9.78E-22,-9.05E-05,-0.20579208,8.00E-24,-0.007757789,0.000103393,-0.002636406,-0.76756036,0.7338682,5.33E-20,-0.4984295,5.52E-08,-5.90E-07,0.010143904,0.6797134,5.01E-19,-0.2588681,-0.29994148
7.26E-19,-0.9073598,-0.000543626,0.84248984,0.46765167,0.4094413,4.55E-23,-0.015512584,0.11333421,0.90086347,0.30797327,-2.90E-15,-4.79E-21,-0.08076395,9.89E-22,-0.000113847,-0.23721406,8.11E-24,-0.007953556,0.000193977,-0.00286433,-0.87715095,0.838811,5.14E-20,-0.57224536,6.86E-08,9.65E-07,0.011272704,0.7780938,5.56E-19,-0.29829258,-0.34591752
-3.60E-18,-0.61887085,-0.000326926,0.5748811,0.3221079,0.28518978,3.98E-23,-0.012157678,0.082014315,0.6144,0.21377233,-2.38E-15,-5.68E-21,-0.05885283,8.61E-22,-5.82E-05,-0.16440575,7.14E-24,-0.004566764,4.82E-05,-0.00183353,-0.59941226,0.57353497,5.24E-20,-0.39398012,3.71E-08,-9.91E-07,0.006002527,0.53363353,3.19E-19,-0.2061885,-0.23967364
2.62E-18,-1.1445385,-0.000767991,1.0632104,0.59431815,0.5200131,4.73E-23,-0.019019753,0.14354287,1.1365579,0.39247486,-2.82E-15,-4.24E-21,-0.10216256,1.03E-21,-0.000182756,-0.30291128,8.44E-24,-0.010595182,0.00040791,-0.003776406,-1.1071868,1.0592344,5.11E-20,-0.72596097,1.07E-07,4.67E-06,0.016644163,0.9836125,6.51E-19,-0.38057625,-0.4407016
-1.43E-18,-0.94260186,-0.000674872,0.8767976,0.48982763,0.4255518,4.64E-23,-0.013362571,0.11494162,0.936183,0.32277733,-2.67E-15,-5.01E-21,-0.08112964,1.04E-21,-0.000157689,-0.24995674,8.39E-24,-0.010236914,0.000344174,-0.003417121,-0.91075826,0.87164205,6.23E-20,-0.59678096,8.81E-08,3.63E-06,0.015436048,0.8083798,5.13E-19,-0.313693,-0.36213887
1.23E-17,-2.7600996,-0.001826219,2.5586245,1.4212767,1.2434845,6.77E-23,-0.04986828,0.343527,2.7404659,0.936451,-3.61E-15,-1.45E-21,-0.24606186,1.49E-21,-0.000479734,-0.72123986,1.19E-23,-0.022214528,0.001300312,-0.00823768,-2.669808,2.5518277,5.57E-20,-1.7415965,2.78E-07,1.82E-05,0.039362296,2.367494,1.41E-18,-0.9084346,-1.0535774
1.66E-17,-3.1868508,-0.002070078,2.9532764,1.643295,1.4420844,7.06E-23,-0.060756907,0.4025093,3.1640942,1.0845202,-3.67E-15,1.23E-22,-0.28925776,1.52E-21,-0.000551406,-0.8345202,1.23E-23,-0.023752272,0.001524325,-0.009165281,-3.084342,2.9479969,4.38E-20,-2.014792,3.23E-07,2.19E-05,0.04358808,2.737006,1.64E-18,-1.0511961,-1.2203214
-1.72E-17,-1.0931495,-0.000701105,1.0153081,0.57388145,0.5050716,5.28E-23,-0.02152533,0.14512032,1.0856411,0.3826847,-1.60E-15,-1.18E-20,-0.10465002,1.31E-21,-0.00016842,-0.29661736,1.01E-23,-0.008442545,0.000446587,-0.003336213,-1.059011,1.0135423,1.23E-19,-0.6995092,9.43E-08,5.33E-06,0.014348783,0.9429834,-1.01E-19,-0.37080956,-0.42859504
-2.02E-17,-0.7849918,-0.000484346,0.7296995,0.41609794,0.3681163,4.94E-23,-0.015832253,0.10772433,0.77973026,0.2789235,-1.49E-15,-1.30E-20,-0.07777465,1.25E-21,-0.000105949,-0.21635771,9.56E-24,-0.005958272,0.000257581,-0.00243226,-0.7613548,0.7291227,1.29E-19,-0.5064019,5.71E-08,2.47E-06,0.009530503,0.6797496,-2.91E-19,-0.26991582,-0.3120075
-3.55E-17,0.36733773,0.000267099,-0.3369463,-0.17507485,-0.1512533,3.85E-23,0.006481663,-0.036475305,-0.36427838,-0.11017552,-5.60E-16,-1.79E-20,0.025897011,1.08E-21,0.000104937,0.081991866,7.99E-24,0.002120306,-0.000347606,0.000739045,0.3541214,-0.33649948,1.58E-19,0.22036842,-6.80E-08,-6.96E-06,-0.006283694,-0.3095206,-1.10E-18,0.10712868,0.12675428
-3.20E-17,0.4497049,0.000265791,-0.41195774,-0.21666338,-0.19044526,3.78E-23,0.010459189,-0.049853794,-0.44591463,-0.13827008,-9.15E-16,-1.63E-20,0.036231104,1.04E-21,0.00010808,0.10295825,7.76E-24,0.00106798,-0.00037382,0.000633489,0.4348777,-0.41329837,1.47E-19,0.27294424,-7.13E-08,-7.43E-06,-0.005485793,-0.38168687,-9.20E-19,0.13372763,0.1586335
-2.71E-17,0.31354845,0.000129225,-0.28477037,-0.1459293,-0.13100539,3.90E-23,0.009309451,-0.035066213,-0.31071156,-0.09188491,-1.16E-15,-1.47E-20,0.02601412,1.03E-21,7.08E-05,0.066339925,7.80E-24,-0.001113443,-0.000277481,8.39E-06,0.30404955,-0.28797978,1.32E-19,0.18784067,-4.82E-08,-6.00E-06,-0.002006813,-0.2662999,-7.01E-19,0.088223875,0.10702749
-1.96E-17,0.113083504,-1.70E-05,-0.09880535,-0.043947324,-0.04262038,4.06E-23,0.006495829,-0.012021709,-0.11167927,-0.02556916,-1.67E-15,-1.23E-20,0.009807552,1.02E-21,3.24E-05,0.015499674,7.89E-24,-0.003201338,-0.000187714,-0.000672805,0.11055255,-0.103078924,1.11E-19,0.0626222,-2.42E-08,-4.68E-06,0.001320433,-0.095217384,-3.80E-19,0.023719996,0.032124847
-2.47E-17,0.43397963,0.000179398,-0.3960793,-0.21098979,-0.19103439,3.85E-23,0.0144971,-0.05578281,-0.43019128,-0.13688469,-1.67E-15,-1.41E-20,0.041826848,1.02E-21,9.16E-05,0.10102518,7.72E-24,-0.001790924,-0.000375218,7.75E-05,0.42182308,-0.40072918,1.26E-19,0.2674862,-6.26E-08,-7.74E-06,-0.00224435,-0.37235948,-5.94E-19,0.13118505,0.1571396
-2.44E-17,0.7968251,0.00035357,-0.73159283,-0.40242982,-0.36471567,3.75E-23,0.027092725,-0.11169655,-0.7901799,-0.2667547,-2.43E-15,-1.47E-20,0.083782285,1.03E-21,0.000152866,0.20074598,7.72E-24,-0.002254709,-0.00061694,0.000543637,0.7751598,-0.7386628,1.30E-19,0.50243914,-1.05E-07,-1.19E-05,-0.004254004,-0.6884858,-5.76E-19,0.2556579,0.3023767
-2.94E-17,0.8587763,0.000327602,-0.7873457,-0.42794162,-0.38830337,3.85E-23,0.028724506,-0.11745634,-0.8514691,-0.28150192,-2.01E-15,-1.63E-20,0.087909445,1.09E-21,0.000142124,0.21027206,8.02E-24,-0.002699415,-0.000556727,0.000468405,0.83503044,-0.79501396,1.46E-19,0.53702986,-1.00E-07,-1.08E-05,-0.003246916,-0.7402538,-7.43E-19,0.26940924,0.32024783
-9.53E-18,-0.08051465,-1.30E-05,0.07710004,0.045181233,0.03940932,3.66E-23,0.000682264,0.010901938,0.080084674,0.030386353,-2.37E-15,-7.93E-21,-0.007010846,8.37E-22,3.61E-05,-0.024139712,6.80E-24,-0.002257789,-0.000245963,-0.000631894,-0.07737713,0.074869476,6.78E-20,-0.052938074,-2.16E-08,-5.76E-06,0.000124817,0.06979415,4.11E-20,-0.029175129,-0.033088792
-7.50E-18,-0.2695483,-0.00012236,0.25188044,0.14391452,0.12824596,3.59E-23,-0.004783492,0.03786382,0.2676689,0.096536964,-2.10E-15,-6.73E-21,-0.026908988,7.90E-22,-2.40E-06,-0.074650705,6.54E-24,-0.002537614,-0.000111451,-0.000970097,-0.26128703,0.25068572,5.84E-20,-0.17446712,2.98E-09,-3.37E-06,0.001971116,0.23406363,1.06E-19,-0.092721954,-0.107445806
-7.92E-18,-0.16951427,-0.000165076,0.16101904,0.09217997,0.07650804,3.77E-23,0.001890435,0.017490946,0.16863894,0.06051698,-2.28E-15,-7.06E-21,-0.010897642,8.63E-22,-1.32E-05,-0.048362836,6.97E-24,-0.004867464,-8.92E-05,-0.001290637,-0.16242863,0.15663879,6.83E-20,-0.10857378,3.69E-09,-3.11E-06,0.00468588,0.14464042,9.60E-20,-0.0594002,-0.0667107
-9.02E-18,-0.19236064,-0.000113509,0.18099359,0.10478822,0.09204714,3.54E-23,-0.00179625,0.025983412,0.19114557,0.07037052,-2.01E-15,-7.13E-21,-0.01792859,7.96E-22,-1.70E-06,-0.055036657,6.52E-24,-0.002948609,-0.000110598,-0.000952021,-0.18611376,0.17904063,6.41E-20,-0.12553276,7.17E-12,-3.28E-06,0.002441717,0.16711932,4.00E-20,-0.0678394,-0.07786803
-1.18E-17,-0.24563065,-0.000118544,0.22986606,0.13329999,0.118898906,3.68E-23,-0.004348691,0.035660632,0.24399367,0.09023537,-1.86E-15,-8.49E-21,-0.025386207,8.47E-22,-2.11E-06,-0.07028744,6.85E-24,-0.002449843,-0.000100919,-0.00093563,-0.23836365,0.22891113,7.40E-20,-0.16076049,1.05E-09,-3.15E-06,0.001999501,0.21416445,-5.66E-20,-0.08673841,-0.10006438
-1.80E-17,-0.23575255,-0.000119902,0.2209728,0.1310531,0.11730206,3.90E-23,-0.004458938,0.03647516,0.23429468,0.09001909,-1.63E-15,-1.10E-20,-0.026167106,9.54E-22,-8.13E-07,-0.070810884,7.48E-24,-0.002385375,-8.89E-05,-0.000935415,-0.22914489,0.22032821,9.76E-20,-0.15694161,-2.06E-09,-2.98E-06,0.001992916,0.20673409,-2.50E-19,-0.08663303,-0.09933688
-1.47E-17,-0.7595955,-0.000384013,0.70422065,0.39726144,0.35433564,4.23E-23,-0.01745332,0.10513611,0.75411755,0.26554382,-1.65E-15,-9.43E-21,-0.07636805,1.00E-21,-7.93E-05,-0.20427798,7.91E-24,-0.003961563,0.000158479,-0.001927523,-0.7371051,0.705005,9.04E-20,-0.48647866,4.60E-08,9.18E-07,0.006599552,0.6572739,-3.71E-20,-0.25579882,-0.29766947
-1.82E-18,-1.8399751,-0.001084938,1.7038424,0.94355917,0.8295158,5.36E-23,-0.036439165,0.23290712,1.8265144,0.62207144,-2.60E-15,-4.58E-21,-0.16772488,1.21E-21,-0.000274291,-0.47779587,9.56E-24,-0.012349633,0.000716018,-0.004950131,-1.7804774,1.7010225,6.81E-20,-1.1587579,1.60E-07,9.16E-06,0.022142269,1.5785587,7.30E-19,-0.60198903,-0.69995743
3.03E-18,-2.8840983,-0.001803574,2.670875,1.4790069,1.2966245,6.74E-23,-0.055439614,0.36103112,2.8632357,0.9742127,-3.04E-15,-2.60E-21,-0.25968695,1.53E-21,-0.000478609,-0.74904454,1.19E-23,-0.02052157,0.001343744,-0.007978199,-2.79005,2.6655781,7.56E-20,-1.8155282,2.75E-07,1.88E-05,0.03802917,2.4725943,1.22E-18,-0.9441306,-1.0966419
-1.41E-18,-1.8832223,-0.001202208,1.7456628,0.96575594,0.84308755,5.93E-23,-0.03320379,0.23173508,1.8697324,0.6351009,-2.97E-15,-5.28E-21,-0.16578889,1.37E-21,-0.000301976,-0.4893202,1.07E-23,-0.015407254,0.000787352,-0.00561514,-1.8203075,1.7395239,8.24E-20,-1.1835886,1.72E-07,9.98E-06,0.026044387,1.6121821,7.75E-19,-0.6162081,-0.71437883
-7.12E-18,-1.140292,-0.000689628,1.0578492,0.5888928,0.5166328,4.93E-23,-0.021472681,0.14523154,1.1321912,0.38907942,-2.38E-15,-6.10E-21,-0.1043173,1.14E-21,-0.000162156,-0.29991567,8.98E-24,-0.008760372,0.000395844,-0.003354393,-1.1030053,1.05464,7.73E-20,-0.72081375,9.20E-08,4.20E-06,0.014215177,0.97881263,4.20E-19,-0.37692583,-0.43709013
-1.09E-17,-0.12528346,-5.97E-06,0.11810974,0.06834734,0.061578147,3.67E-23,-0.002285961,0.019532584,0.124423295,0.046418186,-2.07E-15,-7.83E-21,-0.013888327,8.34E-22,3.34E-05,-0.036168456,6.78E-24,-0.001302173,-0.000210534,-0.000508099,-0.121245414,0.11674179,6.91E-20,-0.08195614,-1.83E-08,-5.15E-06,-0.000690459,0.10914889,-1.54E-20,-0.044247292,-0.051074438
-1.81E-17,0.20208925,0.000126782,-0.18345709,-0.09685975,-0.086715475,3.67E-23,0.007195047,-0.024467126,-0.2002701,-0.06254929,-1.91E-15,-1.07E-20,0.01861278,9.12E-22,7.36E-05,0.04630432,7.11E-24,-0.001103918,-0.000323451,-5.26E-05,0.19644906,-0.18622199,9.93E-20,0.12335882,-4.85E-08,-6.88E-06,-0.002323697,-0.17261976,-3.04E-19,0.060379006,0.07211011
-2.75E-17,0.4459886,0.000210323,-0.40807968,-0.2204129,-0.19914936,3.84E-23,0.014887984,-0.05878409,-0.4421137,-0.14427583,-1.66E-15,-1.41E-20,0.044037335,1.05E-21,9.89E-05,0.10760799,7.80E-24,-0.001367058,-0.000383622,0.000217216,0.43361837,-0.4124474,1.36E-19,0.2773932,-7.08E-08,-7.90E-06,-0.002844234,-0.38365677,-6.31E-19,0.13840443,0.16459379
-2.23E-17,-0.20036475,-0.000151743,0.18916106,0.109202564,0.09243761,4.41E-23,0.000117479,0.024543364,0.19941442,0.07290254,-1.89E-15,-1.15E-20,-0.016595365,1.14E-21,-5.78E-06,-0.058223747,8.62E-24,-0.004316676,-5.53E-05,-0.001221602,-0.1924203,0.18523662,1.25E-19,-0.12929574,-8.21E-09,-2.84E-06,0.004018209,0.17132634,-2.65E-19,-0.07147543,-0.080556154
-1.88E-17,-0.68296164,-0.000411864,0.63454825,0.35301846,0.30754125,4.64E-23,-0.011028024,0.085415505,0.6782346,0.23313114,-1.91E-15,-9.74E-21,-0.06089904,1.16E-21,-8.26E-05,-0.1806113,8.80E-24,-0.006329017,0.000176916,-0.002220089,-0.6595553,0.63085204,1.13E-19,-0.43049842,3.91E-08,7.24E-07,0.009040177,0.58449787,-3.29E-20,-0.22619025,-0.2612348
-1.83E-17,-1.0500948,-0.000659707,0.97426784,0.5386405,0.46814397,5.11E-23,-0.017161977,0.12822044,1.042672,0.35433838,-2.04E-15,-9.46E-21,-0.09146389,1.28E-21,-0.000152208,-0.27401727,9.64E-24,-0.009378582,0.00038691,-0.003278636,-1.013863,0.9690507,1.19E-19,-0.6584649,7.77E-08,3.82E-06,0.01477476,0.89697945,9.97E-20,-0.3440801,-0.39776957
-1.47E-17,-0.91833764,-0.000638125,0.85345143,0.4687075,0.40151584,5.15E-23,-0.011005863,0.10466478,0.9119713,0.3061854,-2.51E-15,-8.60E-21,-0.07345656,1.28E-21,-0.000140222,-0.23799558,9.65E-24,-0.010779764,0.000316616,-0.003348163,-0.88433295,0.8453987,1.09E-19,-0.57115674,6.99E-08,2.43E-06,0.015523233,0.7799646,2.31E-19,-0.2986071,-0.34343708
-1.04E-17,-0.48338896,-0.000311416,0.45029455,0.24673156,0.21068981,4.45E-23,-0.004055985,0.05369897,0.48007184,0.1605771,-2.64E-15,-8.45E-21,-0.037013795,1.07E-21,-4.48E-05,-0.12490015,8.32E-24,-0.006746931,-5.54E-06,-0.001990057,-0.4649316,0.4447384,8.81E-20,-0.30000857,2.06E-08,-2.42E-06,0.007663712,0.41003194,1.48E-19,-0.15652119,-0.17984104
-1.74E-17,0.11124254,-5.83E-05,-0.09745194,-0.051769048,-0.055501718,4.17E-23,0.011408209,-0.023500245,-0.109767124,-0.03540769,-2.38E-15,-1.09E-20,0.01959753,1.06E-21,2.70E-05,0.023541566,8.11E-24,-0.00557339,-0.000210008,-0.001034325,0.111362115,-0.10464885,1.09E-19,0.070857175,-2.79E-08,-5.42E-06,0.003855445,-0.100008674,-1.79E-19,0.031995192,0.04180432
-6.14E-18,-0.32847416,-0.000115033,0.3056855,0.17168285,0.15355065,3.68E-23,-0.006842051,0.045630082,0.32603312,0.11439589,-2.28E-15,-6.53E-21,-0.032758728,8.02E-22,3.43E-06,-0.08777613,6.66E-24,-0.002221465,-0.000138572,-0.000955719,-0.31829205,0.30477414,5.51E-20,-0.20982462,1.70E-09,-3.99E-06,0.001310909,0.28402624,1.64E-19,-0.109698586,-0.12785485
-3.03E-18,-0.8306072,-0.00048591,0.77125627,0.43217778,0.38126343,4.33E-23,-0.015684996,0.108325906,0.8246927,0.28652453,-2.45E-15,-6.21E-21,-0.07763052,9.56E-22,-0.000102376,-0.22066481,7.82E-24,-0.006502741,0.000177828,-0.002521394,-0.8043747,0.7695246,6.00E-20,-0.5285074,6.20E-08,1.05E-06,0.009594709,0.71567094,3.57E-19,-0.27693003,-0.32147166
-3.16E-18,-0.7167109,-0.000404483,0.66567874,0.3726943,0.32894102,4.14E-23,-0.013564692,0.093634255,0.71156925,0.24704981,-2.42E-15,-5.87E-21,-0.06707698,9.04E-22,-7.98E-05,-0.19021268,7.45E-24,-0.00559815,0.000110052,-0.002174485,-0.69396603,0.6639404,5.54E-20,-0.4557186,4.93E-08,-3.00E-08,0.007841099,0.6174102,3.42E-19,-0.23862018,-0.2770631
4.51E-18,-2.0928054,-0.00137432,1.9405226,1.0766814,0.940646,6.10E-23,-0.036800392,0.25886804,2.077924,0.7088636,-3.22E-15,-3.75E-21,-0.185121,1.37E-21,-0.000351164,-0.54627675,1.09E-23,-0.017432947,0.000921651,-0.006352177,-2.0235927,1.9342136,6.82E-20,-1.318818,2.02E-07,1.23E-05,0.0298176,1.793699,9.94E-19,-0.6878119,-0.7972767
9.96E-18,-3.0347874,-0.001971482,2.8119044,1.5578122,1.3625346,7.10E-23,-0.05550478,0.37611845,3.0130358,1.0253069,-3.60E-15,-1.42E-21,-0.26967436,1.59E-21,-0.000521152,-0.7891462,1.25E-23,-0.023615118,0.001438919,-0.008822261,-2.9349475,2.804512,6.57E-20,-1.9105458,3.00E-07,2.02E-05,0.04244517,2.6007757,1.46E-18,-0.9945622,-1.1540172
1.40E-17,-3.1958187,-0.002073704,2.9610033,1.640965,1.4359237,7.28E-23,-0.058510303,0.39648557,3.172852,1.0802283,-3.81E-15,-1.76E-21,-0.28421888,1.62E-21,-0.000546097,-0.8313198,1.28E-23,-0.024859212,0.001484308,-0.00929358,-3.091081,2.953688,6.17E-20,-2.012646,3.17E-07,2.09E-05,0.0444999,2.739576,1.53E-18,-1.0476307,-1.2157207
1.31E-17,-3.335341,-0.002137983,3.0897605,1.7147322,1.503583,7.26E-23,-0.063558705,0.41856197,3.3113725,1.1302861,-3.59E-15,-4.49E-22,-0.3008418,1.60E-21,-0.000570562,-0.8693824,1.27E-23,-0.024472918,0.001592433,-0.00943801,-3.2272096,3.0838413,5.65E-20,-2.1037157,3.31E-07,2.28E-05,0.045171943,2.8616817,1.61E-18,-1.0956147,-1.2721883
-2.39E-17,-0.53313357,-0.000361415,0.49704522,0.28500712,0.24952509,4.68E-23,-0.009113601,0.07187053,0.52969277,0.19148879,-1.22E-15,-1.38E-20,-0.051479172,1.21E-21,-7.36E-05,-0.15001789,9.16E-24,-0.005324346,0.000166364,-0.001933708,-0.5162918,0.49496758,1.35E-19,-0.34435943,3.60E-08,9.91E-07,0.007822899,0.46081835,-4.59E-19,-0.18585409,-0.213184
-1.51E-17,-0.3721366,-0.000195665,0.34720033,0.19966315,0.17732896,4.19E-23,-0.007175605,0.052928306,0.36968622,0.13452533,-1.82E-15,-1.02E-20,-0.038037248,1.01E-21,-2.16E-05,-0.10463339,7.96E-24,-0.003223827,-2.47E-05,-0.001278264,-0.36088395,0.34614483,9.64E-20,-0.24181435,1.09E-08,-2.09E-06,0.003431385,0.32313403,-1.50E-19,-0.12983,-0.14984167
-2.07E-17,0.19366407,0.00013491,-0.1758719,-0.089928,-0.078677624,3.62E-23,0.00503022,-0.019692048,-0.19196032,-0.05636603,-1.42E-15,-1.20E-20,0.014561485,9.06E-22,7.00E-05,0.041285124,7.06E-24,-0.000136301,-0.000292749,9.46E-05,0.18723325,-0.17726079,1.04E-19,0.115107425,-4.40E-08,-6.20E-06,-0.003002664,-0.1631251,-4.83E-19,0.05476831,0.0655919
-7.61E-18,-0.2548893,-0.000227405,0.2413516,0.14286488,0.122688085,4.25E-23,-0.001171951,0.03394916,0.25355977,0.09660053,-2.38E-15,-8.06E-21,-0.023297545,9.77E-22,-2.52E-05,-0.07717912,7.89E-24,-0.005307557,-4.51E-05,-0.001581699,-0.24584767,0.23719491,7.52E-20,-0.16854998,1.36E-08,-2.51E-06,0.005300927,0.2208302,1.21E-19,-0.09435271,-0.10634258
-1.30E-17,-0.047034957,-4.25E-05,0.047778748,0.03448189,0.029574007,3.89E-23,0.001118854,0.009808929,0.047050163,0.025455244,-1.97E-15,-9.34E-21,-0.006436579,9.15E-22,2.41E-05,-0.021864206,7.33E-24,-0.002525877,-0.000175805,-0.000721641,-0.045248255,0.045126304,8.32E-20,-0.03685289,-1.51E-08,-4.50E-06,0.000851433,0.042950787,-1.15E-19,-0.02478759,-0.026402768
-6.21E-18,-0.11636638,-5.08E-05,0.11082005,0.063790716,0.054868847,3.78E-23,0.000571469,0.014492686,0.11571858,0.042318545,-2.58E-15,-7.03E-21,-0.009421823,8.45E-22,2.67E-05,-0.033466753,6.94E-24,-0.002979385,-0.000225066,-0.000832423,-0.11172133,0.107867785,6.07E-20,-0.07536616,-1.50E-08,-5.49E-06,0.001034326,0.1001067,1.50E-19,-0.040979233,-0.046514384
-2.73E-17,0.73952943,0.000307661,-0.67780197,-0.36714643,-0.3317988,3.77E-23,0.023679323,-0.09863156,-0.73327446,-0.24069926,-1.85E-15,-1.51E-20,0.07358551,1.03E-21,0.000132381,0.179792,7.73E-24,-0.001779089,-0.000512912,0.000488491,0.71868044,-0.6840422,1.34E-19,0.46095797,-9.09E-08,-1.00E-05,-0.003813683,-0.6363515,-6.80E-19,0.23072566,0.2741445
-2.02E-17,0.633555,0.000254131,-0.58026034,-0.3170455,-0.28869835,3.72E-23,0.0224518,-0.088725425,-0.6281764,-0.20949513,-2.40E-15,-1.27E-20,0.066811934,9.72E-22,0.000120908,0.15656802,7.43E-24,-0.00275557,-0.000514343,0.000199754,0.61675084,-0.5871311,1.10E-19,0.39798978,-8.22E-08,-1.02E-05,-0.002570692,-0.5473569,-3.93E-19,0.20045419,0.23830914
-2.09E-17,0.2916027,0.000100614,-0.26452726,-0.13694012,-0.12429091,3.74E-23,0.010312847,-0.03559495,-0.2889033,-0.08737481,-1.67E-15,-1.21E-20,0.026920184,9.46E-22,6.50E-05,0.06329915,7.33E-24,-0.001996235,-0.000291346,-0.000174756,0.2833206,-0.26837498,1.07E-19,0.17614302,-4.46E-08,-6.27E-06,-0.001003042,-0.24870798,-4.19E-19,0.083599225,0.10134124
-1.64E-18,-0.45922643,-0.000298943,0.42847437,0.24038039,0.20929638,3.99E-23,-0.005592133,0.056671504,0.45609492,0.15863073,-2.65E-15,-5.80E-21,-0.039573256,8.67E-22,-4.67E-05,-0.1229728,7.19E-24,-0.005723673,-1.20E-05,-0.001850826,-0.44359857,0.42502987,5.19E-20,-0.29186812,2.86E-08,-2.00E-06,0.006595511,0.39453602,3.33E-19,-0.1537764,-0.17738882
5.42E-18,-1.486231,-0.000992522,1.3794248,0.76473266,0.6661022,5.36E-23,-0.023857348,0.1810109,1.475734,0.50257987,-3.30E-15,-3.62E-21,-0.12865286,1.18E-21,-0.000240184,-0.38765928,9.52E-24,-0.013893234,0.000563446,-0.004825728,-1.4361653,1.3731004,5.45E-20,-0.9355961,1.39E-07,6.66E-06,0.021943355,1.2726417,8.66E-19,-0.48796356,-0.5650166
-1.09E-17,-0.6448286,-0.000389353,0.5994704,0.3354308,0.29368633,4.33E-23,-0.010976174,0.082340606,0.6403481,0.2221323,-2.13E-15,-7.57E-21,-0.0587527,1.01E-21,-7.74E-05,-0.17190266,8.00E-24,-0.005846059,0.000133865,-0.002112306,-0.62349325,0.5966474,8.05E-20,-0.40896696,4.18E-08,2.36E-07,0.008199703,0.5538789,1.53E-19,-0.21520774,-0.24886006
-3.43E-17,0.51035994,0.000194474,-0.46651047,-0.24662189,-0.222605,4.02E-23,0.016393073,-0.0643036,-0.5057977,-0.15910703,-1.22E-15,-1.77E-20,0.047971126,1.15E-21,9.41E-05,0.11714646,8.39E-24,-0.0016745,-0.000358719,0.000168826,0.49527448,-0.47063267,1.60E-19,0.31259117,-6.94E-08,-7.36E-06,-0.002157125,-0.43654644,-9.25E-19,0.15230724,0.18253365
-4.92E-17,1.0005343,0.000430923,-0.91892546,-0.4942968,-0.4434614,4.13E-23,0.028863348,-0.12819323,-0.99204963,-0.3218095,-6.79E-16,-2.42E-20,0.09465392,1.32E-21,0.0001638,0.24030901,9.22E-24,-0.000305309,-0.000548245,0.001069874,0.97029316,-0.923883,2.18E-19,0.6196608,-1.18E-07,-1.03E-05,-0.005935601,-0.8575914,-1.57E-18,0.30878866,0.3664739
-3.50E-17,0.47229618,0.000147256,-0.43134195,-0.23176391,-0.21340404,4.37E-23,0.018715855,-0.066329405,-0.46794528,-0.15190315,-1.60E-15,-1.89E-20,0.050336167,1.27E-21,8.75E-05,0.11159055,9.17E-24,-0.003471847,-0.000364398,-0.000176089,0.4600106,-0.4373541,1.75E-19,0.29391465,-6.94E-08,-7.77E-06,-0.000200762,-0.4076823,-9.37E-19,0.1444862,0.17382151
-1.20E-17,-1.5459257,-0.000966805,1.432921,0.7965252,0.69776917,5.59E-23,-0.028217569,0.19429508,1.5349455,0.525669,-2.30E-15,-9.24E-21,-0.13932449,1.37E-21,-0.000238139,-0.40519935,1.04E-23,-0.012083954,0.000620889,-0.004539994,-1.495491,1.4293288,1.12E-19,-0.9757204,1.32E-07,7.68E-06,0.020631298,1.3262893,2.97E-19,-0.5095802,-0.5908878
1.12E-17,-3.386698,-0.002193125,3.1369455,1.7311475,1.510847,7.61E-23,-0.06020502,0.41327482,3.36224,1.1366855,-3.95E-15,-1.72E-21,-0.29578668,1.73E-21,-0.000578184,-0.87460375,1.34E-23,-0.0269217,0.001584762,-0.009849428,-3.2736611,3.1272905,7.50E-20,-2.1244798,3.31E-07,2.21E-05,0.047884326,2.8976698,1.58E-18,-1.1030346,-1.279855
1.16E-17,-3.6936533,-0.002404522,3.4216154,1.8935689,1.655326,7.97E-23,-0.06772264,0.45629936,3.6671495,1.2456197,-3.84E-15,-3.88E-22,-0.32730427,1.80E-21,-0.000643834,-0.95860136,1.40E-23,-0.028465565,0.001818925,-0.010641546,-3.5717545,3.4126244,7.37E-20,-2.323068,3.68E-07,2.59E-05,0.051964562,3.1639447,1.74E-18,-1.2085387,-1.402362
-4.01E-18,-1.5567923,-0.000974532,1.4434272,0.8004098,0.70016116,5.48E-23,-0.028296549,0.19421801,1.5456753,0.5273075,-2.69E-15,-5.40E-21,-0.13921246,1.26E-21,-0.000240613,-0.40628532,9.91E-24,-0.01234677,0.000620064,-0.004598064,-1.5052407,1.4387171,7.90E-20,-0.9805943,1.37E-07,7.54E-06,0.020720616,1.3341326,6.30E-19,-0.5113186,-0.5929078
-1.28E-17,-0.38465974,-0.000256831,0.35971624,0.20442009,0.17764097,4.24E-23,-0.004721661,0.049496423,0.3822251,0.13612656,-2.14E-15,-8.39E-21,-0.034803934,1.01E-21,-3.73E-05,-0.106433496,7.95E-24,-0.004983125,1.61E-05,-0.001620843,-0.3713951,0.35628393,8.85E-20,-0.24659094,1.68E-08,-1.60E-06,0.005731273,0.33079314,4.73E-20,-0.13223091,-0.15164421
-4.32E-17,1.3162904,0.000532598,-1.2089375,-0.6556921,-0.59003973,3.74E-23,0.0394127,-0.17388913,-1.305296,-0.429845,-1.10E-15,-2.12E-20,0.12889454,1.18E-21,0.000194126,0.32253546,8.31E-24,-0.000995524,-0.000658691,0.0013456,1.2777618,-1.2169495,1.97E-19,0.8202406,-1.39E-07,-1.20E-05,-0.006606174,-1.1312175,-1.35E-18,0.41242766,0.48837906
-5.21E-17,1.6319833,0.000653276,-1.4994096,-0.81300974,-0.7311624,3.82E-23,0.048053145,-0.21478444,-1.618371,-0.5326895,-7.85E-16,-2.46E-20,0.1589157,1.28E-21,0.000229999,0.3997799,8.81E-24,-0.000723663,-0.00074704,0.001779002,1.5839626,-1.5087252,2.31E-19,1.0166795,-1.66E-07,-1.33E-05,-0.008114541,-1.402308,-1.69E-18,0.5110924,0.60510665
-5.10E-17,1.4758925,0.000624898,-1.3563648,-0.7361496,-0.661078,3.89E-23,0.04311315,-0.19349244,-1.4635966,-0.482443,-8.87E-16,-2.40E-20,0.1430721,1.29E-21,0.000222881,0.36253315,8.89E-24,-0.000255387,-0.000724464,0.001698909,1.4323529,-1.3644743,2.28E-19,0.91981906,-1.60E-07,-1.31E-05,-0.008354639,-1.268129,-1.62E-18,0.46315777,0.54779875
-3.73E-17,0.6991531,0.000302722,-0.6404474,-0.34173012,-0.30600372,3.91E-23,0.020537686,-0.08685257,-0.69311166,-0.22146201,-1.10E-15,-1.77E-20,0.06427832,1.14E-21,0.000124496,0.16511078,8.25E-24,-0.000656312,-0.000420968,0.000604825,0.6782232,-0.64501613,1.73E-19,0.43017814,-9.09E-08,-8.24E-06,-0.004360807,-0.59832174,-9.95E-19,0.21278037,0.25292742
-2.85E-17,0.5431213,0.00017733,-0.49555403,-0.263983,-0.24040295,3.94E-23,0.018915355,-0.07120568,-0.53827673,-0.1715609,-1.62E-15,-1.46E-20,0.053486094,1.08E-21,9.16E-05,0.12643568,8.00E-24,-0.002718311,-0.00035689,1.08E-05,0.52835834,-0.50191337,1.41E-19,0.33508006,-6.84E-08,-7.43E-06,-0.001249847,-0.46689135,-6.34E-19,0.16395126,0.1967766
-2.78E-17,0.62706536,0.000174441,-0.57264435,-0.31055468,-0.2864854,4.08E-23,0.024464041,-0.0895714,-0.6214776,-0.20472562,-2.08E-15,-1.46E-20,0.067851946,1.13E-21,9.74E-05,0.15123288,8.30E-24,-0.004427777,-0.000406651,-0.000165952,0.6115741,-0.58157974,1.43E-19,0.39301166,-7.55E-08,-8.53E-06,0.000155716,-0.5431441,-5.60E-19,0.19486576,0.23384768
-4.06E-17,1.3591249,0.000485957,-1.2478838,-0.68274665,-0.62076646,3.94E-23,0.045395356,-0.18995723,-1.3476601,-0.45108032,-1.82E-15,-2.06E-20,0.14198004,1.24E-21,0.000189826,0.33796692,8.70E-24,-0.003718077,-0.000694793,0.000933065,1.3218716,-1.2593812,1.92E-19,0.8542968,-1.41E-07,-1.30E-05,-0.003842535,-1.1737543,-1.17E-18,0.4313649,0.511865
-2.34E-17,0.8234459,0.000338711,-0.75556433,-0.41446322,-0.3759078,3.62E-23,0.028186552,-0.115239866,-0.8165472,-0.27445573,-2.33E-15,-1.39E-20,0.08651379,9.91E-22,0.000145093,0.20634949,7.43E-24,-0.002548878,-0.000586319,0.000498497,0.80099064,-0.7630265,1.26E-19,0.5181159,-1.01E-07,-1.12E-05,-0.00362392,-0.7110023,-5.50E-19,0.26297814,0.31130415
-3.87E-17,1.1749681,0.000481881,-1.0793853,-0.5876836,-0.5296832,3.68E-23,0.03619978,-0.157913,-1.1651762,-0.3864525,-1.33E-15,-1.98E-20,0.11738071,1.13E-21,0.000179271,0.29033464,8.08E-24,-0.001294022,-0.000635853,0.00114514,1.1409246,-1.0868701,1.81E-19,0.7344019,-1.28E-07,-1.17E-05,-0.005778738,-1.0108237,-1.21E-18,0.37071025,0.43865234
-1.22E-17,-0.071733505,1.64E-05,0.068661876,0.042135287,0.038816966,3.60E-23,-0.000983627,0.01317184,0.07130968,0.02948239,-1.96E-15,-8.69E-21,-0.009209158,8.33E-22,3.91E-05,-0.023241224,6.73E-24,-0.001099666,-0.000228278,-0.000410549,-0.069733314,0.06764124,7.51E-20,-0.049480163,-2.24E-08,-5.30E-06,-0.001037794,0.06402778,-1.08E-19,-0.027817007,-0.031919107
-1.91E-17,-0.3928467,-0.000291558,0.3675732,0.2106128,0.1819715,4.54E-23,-0.004258623,0.05006256,0.39044207,0.14080161,-1.71E-15,-1.25E-20,-0.035080645,1.15E-21,-4.82E-05,-0.110981345,8.81E-24,-0.005557021,5.42E-05,-0.001763619,-0.3794927,0.36419454,1.20E-19,-0.25303456,2.16E-08,-9.36E-07,0.006874573,0.33830726,-3.09E-19,-0.13716349,-0.15641394
-1.55E-17,-0.8602324,-0.000528147,0.79896635,0.44674855,0.39091372,4.90E-23,-0.015543835,0.11006793,0.85424703,0.29595876,-1.92E-15,-9.64E-21,-0.078956336,1.20E-21,-0.00011681,-0.22917914,9.22E-24,-0.007214758,0.000277102,-0.002679964,-0.8318541,0.7957855,1.07E-19,-0.54510725,6.29E-08,2.36E-06,0.011100093,0.73850423,2.39E-20,-0.2870025,-0.33173823
7.52E-18,-2.8652427,-0.00186302,2.654794,1.4675946,1.2811058,7.09E-23,-0.050696343,0.35104436,2.8446403,0.9645069,-3.62E-15,-3.52E-21,-0.25117004,1.62E-21,-0.000485243,-0.74262786,1.26E-23,-0.023166742,0.001309426,-0.00845372,-2.7698755,2.6464787,7.90E-20,-1.7998645,2.79E-07,1.79E-05,0.04060705,2.4527662,1.27E-18,-0.9359535,-1.0855055
1.75E-17,-4.239451,-0.002725211,3.9260104,2.1734798,1.9033188,8.31E-23,-0.079688825,0.5267973,4.2088265,1.4305742,-4.03E-15,3.70E-22,-0.37833104,1.85E-21,-0.000734079,-1.1000649,1.45E-23,-0.031319387,0.002067351,-0.011942118,-4.100943,3.9178977,6.42E-20,-2.6679432,4.25E-07,2.99E-05,0.05823334,3.63382,1.97E-18,-1.3870791,-1.6107079
3.93E-18,-2.6525512,-0.001733827,2.4578943,1.3608629,1.1886708,6.71E-23,-0.046954826,0.32623458,2.6334848,0.8952387,-3.20E-15,-5.36E-21,-0.23337498,1.55E-21,-0.000452051,-0.68953884,1.21E-23,-0.021481935,0.001212405,-0.00785813,-2.5648844,2.4507911,8.71E-20,-1.6683834,2.59E-07,1.67E-05,0.037863974,2.2722268,1.02E-18,-0.8685089,-1.0071334
-2.89E-18,-1.6993114,-0.001114577,1.5761621,0.87778896,0.768105,5.58E-23,-0.030471865,0.21312636,1.6873155,0.57940334,-2.62E-15,-5.65E-21,-0.15261704,1.29E-21,-0.000282853,-0.44694415,1.01E-23,-0.013974783,0.000744538,-0.005168763,-1.6437787,1.5715649,7.99E-20,-1.0741837,1.61E-07,9.76E-06,0.024031777,1.4584235,6.53E-19,-0.5619796,-0.6511549
-2.92E-17,0.3138789,9.46E-05,-0.28540015,-0.14721477,-0.13328543,3.78E-23,0.010729953,-0.03832543,-0.31094974,-0.09379105,-8.67E-16,-1.56E-20,0.028868698,1.04E-21,5.31E-05,0.06808497,7.74E-24,-0.001672206,-0.000219179,-9.45E-05,0.30423582,-0.28831032,1.42E-19,0.18879059,-4.16E-08,-4.78E-06,-0.000502248,-0.26661593,-8.61E-19,0.08974509,0.10854269
-4.60E-18,-0.22213921,-0.000169281,0.20987949,0.12144931,0.10442169,3.93E-23,-0.000717812,0.027911678,0.22086783,0.08099483,-2.53E-15,-6.60E-21,-0.018881595,8.74E-22,-9.62E-06,-0.06399825,7.19E-24,-0.00451716,-0.000108463,-0.001326622,-0.21405649,0.20619652,5.97E-20,-0.14444436,5.78E-09,-3.51E-06,0.003936474,0.19160981,2.08E-19,-0.07884833,-0.08957175
-2.99E-18,-0.30300322,-0.000201266,0.2842666,0.16172907,0.14045511,3.96E-23,-0.002799504,0.038208418,0.30107895,0.10727751,-2.60E-15,-6.13E-21,-0.0264094,8.68E-22,-1.87E-05,-0.08375591,7.20E-24,-0.004651,-8.64E-05,-0.001449846,-0.29248258,0.28091896,5.48E-20,-0.19474912,1.22E-08,-3.19E-06,0.004384328,0.26102248,2.66E-19,-0.10411147,-0.11943913
5.80E-19,-0.4394084,-0.000312043,0.4110241,0.23183107,0.20082125,4.21E-23,-0.00423777,0.05362756,0.43658388,0.15292391,-2.95E-15,-5.38E-21,-0.037132535,9.16E-22,-4.67E-05,-0.118955344,7.61E-24,-0.006392821,-1.80E-05,-0.001985167,-0.4241032,0.4067939,5.09E-20,-0.28045955,2.83E-08,-2.20E-06,0.007037038,0.37750903,4.22E-19,-0.14869018,-0.17096221
-6.31E-18,-0.15138154,-1.99E-05,0.14227834,0.0810974,0.07289201,3.59E-23,-0.00257742,0.02226574,0.1502944,0.0544249,-2.34E-15,-6.46E-21,-0.015721597,7.80E-22,3.14E-05,-0.042014163,6.51E-24,-0.001589241,-0.000223914,-0.000596902,-0.14646532,0.1407978,5.39E-20,-0.09795791,-1.51E-08,-5.38E-06,-0.000451614,0.13145334,1.37E-19,-0.05190947,-0.06025376
-1.10E-17,0.11362504,8.88E-05,-0.102088675,-0.054569878,-0.049889404,3.60E-23,0.005625939,-0.015390448,-0.11257933,-0.035814945,-2.38E-15,-8.57E-21,0.012225957,8.37E-22,6.65E-05,0.02625538,6.76E-24,-0.001697756,-0.000339813,-0.000256111,0.111144796,-0.105103455,7.22E-20,0.07030616,-4.03E-08,-7.31E-06,-0.001631068,-0.0978956,-4.72E-20,0.03453394,0.041587062
-2.22E-17,0.44817483,0.000187712,-0.40917057,-0.21794288,-0.19689246,3.72E-23,0.014408645,-0.05714052,-0.44429135,-0.14130068,-1.75E-15,-1.28E-20,0.042709872,9.56E-22,9.26E-05,0.10439573,7.36E-24,-0.001574138,-0.00038166,0.000131104,0.4354592,-0.4137048,1.11E-19,0.2760566,-6.17E-08,-7.82E-06,-0.002526386,-0.38425985,-4.81E-19,0.13547795,0.1621018
-1.39E-18,-0.75959647,-0.000515483,0.70707995,0.3962674,0.34499893,4.59E-23,-0.010770059,0.09413503,0.75438327,0.26182652,-2.85E-15,-6.94E-21,-0.06641629,1.03E-21,-0.00010288,-0.2031241,8.35E-24,-0.008470776,0.000146924,-0.002817219,-0.7340552,0.7027246,6.37E-20,-0.48205194,6.10E-08,3.16E-07,0.011385644,0.6520903,4.00E-19,-0.25419474,-0.29314023
-2.05E-18,-0.96167535,-0.000650178,0.89422554,0.5000539,0.43586668,4.86E-23,-0.015031195,0.11976405,0.9550492,0.33023956,-2.76E-15,-6.14E-21,-0.08503504,1.10E-21,-0.000145155,-0.25571907,8.82E-24,-0.009686943,0.000301552,-0.003336067,-0.92950445,0.8895158,6.80E-20,-0.6094705,8.36E-08,2.75E-06,0.01425406,0.82527715,4.74E-19,-0.3206352,-0.37030274
3.86E-18,-2.0770946,-0.001354192,1.9258114,1.0656949,0.92964584,6.18E-23,-0.036141064,0.25484708,2.0623212,0.7005135,-3.36E-15,-2.69E-21,-0.18219805,1.39E-21,-0.000344662,-0.53972286,1.10E-23,-0.017412998,0.000913942,-0.006290537,-2.007463,1.9185717,6.70E-20,-1.3058228,1.96E-07,1.19E-05,0.029501379,1.7779708,1.08E-18,-0.6800216,-0.78824
-1.31E-17,-1.2889736,-0.000893226,1.1972955,0.6683961,0.5813062,5.61E-23,-0.020573497,0.15952253,1.2801838,0.44134563,-2.38E-15,-8.73E-21,-0.11365721,1.38E-21,-0.000216875,-0.34212396,1.05E-23,-0.012466266,0.000570295,-0.00431778,-1.2455467,1.1914257,1.13E-19,-0.81509715,1.16E-07,6.83E-06,0.020108059,1.1045585,3.12E-19,-0.429116,-0.4952464
-4.57E-17,0.64243156,0.000221127,-0.58780235,-0.3125018,-0.28365466,4.37E-23,0.020922724,-0.083023615,-0.63663787,-0.2023875,-7.94E-16,-2.14E-20,0.06181653,1.34E-21,0.000100876,0.14897537,9.43E-24,-0.002112475,-0.000340737,0.000249337,0.62400186,-0.5932602,2.05E-19,0.3956236,-8.16E-08,-7.15E-06,-0.00175372,-0.55124766,-1.28E-18,0.19322076,0.23174533
-6.41E-17,1.8727199,0.000810031,-1.722987,-0.9388944,-0.84386766,4.18E-23,0.054280825,-0.24855784,-1.8572412,-0.61656374,-6.44E-16,-3.07E-20,0.18357381,1.50E-21,0.000282559,0.4635817,1.00E-23,0.000206551,-0.000916133,0.00233296,1.8175133,-1.7323178,2.79E-19,1.171076,-2.02E-07,-1.64E-05,-0.010900848,-1.6107693,-2.20E-18,0.5915895,0.699277
-5.40E-17,1.3627374,0.000644201,-1.2542317,-0.68384206,-0.6128596,4.10E-23,0.039124217,-0.17957667,-1.3514911,-0.44905174,-9.10E-16,-2.66E-20,0.13260467,1.38E-21,0.000231954,0.33827144,9.46E-24,0.000653561,-0.000774479,0.001799486,1.3220767,-1.2602656,2.42E-19,0.85194933,-1.64E-07,-1.41E-05,-0.009536697,-1.1712644,-1.80E-18,0.4313768,0.50904363
-1.59E-17,-0.7114554,-0.000522487,0.6622038,0.36665267,0.31376293,5.16E-23,-0.005990609,0.0802256,0.7068092,0.23974645,-2.66E-15,-1.19E-20,-0.05544316,1.32E-21,-0.000100452,-0.18672955,9.96E-24,-0.009956842,0.000160625,-0.002963503,-0.68547106,0.6557563,1.27E-19,-0.445651,4.64E-08,1.80E-07,0.01308544,0.6059008,-7.84E-21,-0.23411427,-0.26885217
8.41E-18,-3.11358,-0.002020531,2.8845847,1.5967946,1.3960084,7.32E-23,-0.056303155,0.38439816,3.0912628,1.0503657,-3.67E-15,-2.60E-21,-0.27542055,1.67E-21,-0.000531926,-0.8083357,1.30E-23,-0.024449483,0.001463549,-0.009070936,-3.0108953,2.8768551,7.84E-20,-1.9587401,3.04E-07,2.05E-05,0.043696076,2.6674576,1.41E-18,-1.0189899,-1.1824095
1.24E-17,-3.5654242,-0.002323883,3.3030128,1.8273792,1.596919,7.82E-23,-0.0648416,0.43951768,3.5398397,1.2017167,-3.91E-15,-3.39E-22,-0.3150831,1.76E-21,-0.000619567,-0.92483395,1.38E-23,-0.02779876,0.001736054,-0.010332023,-3.4474978,3.2939162,6.98E-20,-2.2417777,3.55E-07,2.46E-05,0.050322283,3.0536184,1.72E-18,-1.1660236,-1.3529401
6.45E-18,-2.7448328,-0.001759765,2.5432916,1.4105325,1.2353768,6.72E-23,-0.05151949,0.3431492,2.725181,0.92930907,-3.30E-15,-1.44E-21,-0.24647094,1.50E-21,-0.000464536,-0.71514183,1.19E-23,-0.020645622,0.001294194,-0.00786318,-2.6550312,2.537205,6.47E-20,-1.7299136,2.67E-07,1.80E-05,0.037407316,2.353582,1.32E-18,-0.9011286,-1.0458959
-2.13E-17,0.18743482,1.67E-05,-0.16817947,-0.086615756,-0.08251521,4.02E-23,0.010289011,-0.026937965,-0.18542011,-0.055992972,-1.91E-15,-1.23E-20,0.021275442,1.04E-21,4.40E-05,0.039348643,7.92E-24,-0.003663367,-0.000235499,-0.000605803,0.18351333,-0.17329451,1.17E-19,0.11387638,-3.62E-08,-5.56E-06,0.001437215,-0.16175291,-3.76E-19,0.05264411,0.06544157
-5.24E-17,1.710925,0.000650623,-1.571859,-0.8538462,-0.77027243,3.83E-23,0.051781453,-0.22886464,-1.6966321,-0.56044406,-8.46E-16,-2.52E-20,0.16969077,1.30E-21,0.000229725,0.42017815,8.88E-24,-0.001643945,-0.000762758,0.001709304,1.6612452,-1.5824622,2.31E-19,1.068007,-1.67E-07,-1.36E-05,-0.007140678,-1.4717509,-1.73E-18,0.53713566,0.6365231
-7.72E-17,2.7037559,0.001022288,-2.486103,-1.3538917,-1.2211825,4.02E-23,0.080992594,-0.36365312,-2.68128,-0.8899052,-1.80E-16,-3.55E-20,0.26927704,1.60E-21,0.000342177,0.6682211,1.03E-23,-0.001640605,-0.001079074,0.002965617,2.6250741,-2.501498,3.29E-19,1.6908351,-2.53E-07,-1.86E-05,-0.011031784,-2.32698,-2.74E-18,0.85279626,1.0095125
-5.02E-17,1.51103,0.000623453,-1.3884783,-0.75334513,-0.6772606,3.87E-23,0.044378057,-0.19882354,-1.4984436,-0.49368373,-9.03E-16,-2.41E-20,0.14707884,1.28E-21,0.000222575,0.37058058,8.83E-24,-0.000551485,-0.000733494,0.001677434,1.4665542,-1.3969986,2.24E-19,0.941772,-1.59E-07,-1.32E-05,-0.008051951,-1.2984893,-1.62E-18,0.47373688,0.56074023
-2.73E-17,0.59195024,0.000180968,-0.5402101,-0.28755802,-0.26164076,4.12E-23,0.021282852,-0.07847007,-0.5865738,-0.18739222,-1.85E-15,-1.56E-20,0.05917926,1.14E-21,9.63E-05,0.13855465,8.46E-24,-0.003280256,-0.000389783,-6.21E-05,0.57549024,-0.5466728,1.49E-19,0.36439165,-7.20E-08,-7.92E-06,-0.001024176,-0.50807697,-6.77E-19,0.17894642,0.21433637
-2.22E-17,0.47345257,0.000147799,-0.43126017,-0.22878392,-0.20843707,3.97E-23,0.0174555,-0.062384136,-0.46912825,-0.14881906,-2.02E-15,-1.32E-20,0.047213856,1.05E-21,8.62E-05,0.10968575,7.94E-24,-0.003060679,-0.000367637,-0.000157202,0.46055096,-0.43718582,1.25E-19,0.29086632,-6.21E-08,-7.61E-06,-0.000934696,-0.40635914,-4.57E-19,0.14213198,0.17064434
-3.85E-17,1.2057487,0.000474701,-1.1070805,-0.6023684,-0.54452926,3.86E-23,0.037785444,-0.16289112,-1.1956444,-0.3959444,-1.58E-15,-2.00E-20,0.12116447,1.17E-21,0.000183308,0.2965559,8.40E-24,-0.002022587,-0.000661382,0.001034963,1.17147,-1.1158186,1.79E-19,0.7540162,-1.30E-07,-1.24E-05,-0.005324601,-1.0383976,-1.14E-18,0.3793195,0.4498797
-3.30E-17,1.1284664,0.000464134,-1.036807,-0.56905526,-0.5155719,3.83E-23,0.037137356,-0.15722844,-1.119061,-0.37649986,-2.16E-15,-1.84E-20,0.11748873,1.14E-21,0.000185615,0.2830684,8.25E-24,-0.002500737,-0.000708033,0.000909347,1.0971965,-1.0456634,1.64E-19,0.71038294,-1.30E-07,-1.33E-05,-0.005091632,-0.97426206,-9.36E-19,0.36062443,0.42674005
-6.19E-17,1.9766676,0.000810451,-1.8184354,-0.9930097,-0.8946296,3.96E-23,0.059190623,-0.26672685,-1.9603167,-0.6536764,-7.15E-16,-2.99E-20,0.19758324,1.44E-21,0.000279761,0.49173996,9.61E-24,-0.000778611,-0.000922466,0.00228362,1.9190074,-1.8291378,2.72E-19,1.2383174,-2.03E-07,-1.63E-05,-0.009749809,-1.7015707,-2.17E-18,0.62682855,0.74091375
-2.40E-17,0.4770742,0.00018229,-0.43594235,-0.23449455,-0.21314712,3.93E-23,0.017291639,-0.06469651,-0.47283566,-0.1537389,-1.92E-15,-1.44E-20,0.04888083,1.06E-21,9.45E-05,0.11424033,7.96E-24,-0.002478547,-0.000401952,9.99E-06,0.46389037,-0.4410116,1.31E-19,0.29590347,-6.70E-08,-8.17E-06,-0.00171264,-0.41015542,-5.95E-19,0.1470433,0.17543384
-4.76E-17,1.0057161,0.00047175,-0.9243787,-0.49760306,-0.44402435,3.85E-23,0.026839878,-0.12634727,-0.9973646,-0.3236834,-3.23E-16,-2.31E-20,0.092762224,1.22E-21,0.000166653,0.24260925,8.58E-24,0.001167724,-0.000535878,0.001366322,0.9744873,-0.92800385,2.07E-19,0.622398,-1.17E-07,-9.89E-06,-0.007457519,-0.86066777,-1.61E-18,0.31131083,0.36834684
-2.44E-17,0.21737862,0.000161146,-0.19801603,-0.10127668,-0.08796474,3.70E-23,0.004782111,-0.021229278,-0.21549664,-0.06322019,-1.22E-15,-1.35E-20,0.015408619,9.56E-22,7.72E-05,0.04638638,7.35E-24,0.000421452,-0.000302868,0.000230404,0.20985092,-0.19886589,1.17E-19,0.12911808,-4.86E-08,-6.37E-06,-0.00376246,-0.18282732,-6.33E-19,0.061489232,0.073455386
-3.13E-17,-0.38751847,-0.000294954,0.36263847,0.20886098,0.17934123,4.93E-23,-0.004499749,0.05001033,0.38523602,0.14045292,-1.08E-15,-1.65E-20,-0.035363052,1.35E-21,-5.19E-05,-0.11175652,9.88E-24,-0.005406853,0.000112784,-0.001723559,-0.37407684,0.359056,1.64E-19,-0.24981675,1.87E-08,-1.14E-07,0.007151315,0.33311617,-7.05E-19,-0.13724747,-0.1554932
-7.59E-18,-2.3149776,-0.001439845,2.1441665,1.188025,1.0409065,6.32E-23,-0.044333603,0.2901869,2.2982793,0.78304833,-2.43E-15,-6.44E-21,-0.20876548,1.51E-21,-0.000376765,-0.60273397,1.15E-23,-0.016619675,0.001060016,-0.006438835,-2.239258,2.1394875,1.04E-19,-1.4574199,2.13E-07,1.44E-05,0.030459829,1.9843745,6.92E-19,-0.7589869,-0.88093877
1.46E-17,-3.4265482,-0.002215848,3.1735723,1.7485993,1.5248579,7.62E-23,-0.059748746,0.41505226,3.4016798,1.146881,-4.23E-15,-1.98E-21,-0.2966036,1.72E-21,-0.000579362,-0.88222975,1.34E-23,-0.027751356,0.001549618,-0.010025771,-3.311624,3.1632166,7.05E-20,-2.1464562,3.34E-07,2.14E-05,0.04864945,2.9301426,1.63E-18,-1.1129597,-1.291443
8.57E-18,-3.5042999,-0.002229186,3.2448816,1.7927171,1.5681676,7.51E-23,-0.06493971,0.43242827,3.4788947,1.1786838,-3.60E-15,-1.92E-21,-0.31029132,1.71E-21,-0.000593341,-0.90636027,1.33E-23,-0.02617184,0.001652219,-0.009871711,-3.3887596,3.2370875,7.69E-20,-2.2009957,3.40E-07,2.33E-05,0.047936592,3.0009465,1.53E-18,-1.1429642,-1.3271415
-1.88E-17,-0.5890067,-0.000500911,0.5499225,0.30900156,0.26289994,4.77E-23,-0.004115634,0.067028984,0.58528984,0.20364855,-1.84E-15,-1.26E-20,-0.04611464,1.23E-21,-0.000107867,-0.16023545,9.26E-24,-0.00924865,0.000216806,-0.002722118,-0.56759214,0.5438296,1.27E-19,-0.37253234,5.15E-08,1.57E-06,0.012985626,0.5029486,-2.38E-19,-0.19921553,-0.2270732
-2.31E-17,0.5520721,0.00016686,-0.5038838,-0.26993454,-0.24663259,3.72E-23,0.019647337,-0.0747046,-0.5472036,-0.17632908,-1.76E-15,-1.28E-20,0.05626846,9.75E-22,8.55E-05,0.13015303,7.42E-24,-0.003007022,-0.000360901,-2.74E-05,0.5371868,-0.510436,1.16E-19,0.34206912,-6.20E-08,-7.43E-06,-0.000761624,-0.4751169,-5.00E-19,0.16835907,0.2018787
-2.03E-17,0.33352,0.000149458,-0.3041005,-0.1606742,-0.14413817,3.48E-23,0.010584706,-0.041278034,-0.33062422,-0.103746146,-1.46E-15,-1.17E-20,0.030948699,8.80E-22,7.29E-05,0.07683392,6.84E-24,-0.001033862,-0.000309161,9.26E-05,0.3235097,-0.30707166,1.03E-19,0.20369956,-4.87E-08,-6.35E-06,-0.002174432,-0.28442416,-4.89E-19,0.09984884,0.11918374
-4.78E-18,-0.21707448,-0.000158048,0.20495912,0.11789424,0.10134129,3.97E-23,-0.000420902,0.02671163,0.21583584,0.078257844,-2.60E-15,-6.84E-21,-0.017943634,8.89E-22,-4.89E-06,-0.0616272,7.29E-24,-0.004480047,-0.000127401,-0.001300612,-0.2091022,0.20132974,6.26E-20,-0.1405592,2.49E-09,-3.85E-06,0.003697558,0.18698296,1.99E-19,-0.07617284,-0.08672814
-1.14E-17,0.048541732,6.60E-05,-0.04224059,-0.021014586,-0.018822212,3.61E-23,0.003488597,-0.005604902,-0.047997713,-0.013459798,-2.23E-15,-8.74E-21,0.004958804,8.46E-22,5.71E-05,0.009685501,6.80E-24,-0.001464794,-0.000299597,-0.000304058,0.047531098,-0.044384487,7.74E-20,0.028285943,-3.49E-08,-6.53E-06,-0.001463052,-0.0408658,-9.42E-20,0.0132742,0.01615543
-2.73E-17,0.45441806,0.00024771,-0.41662878,-0.22342344,-0.19858108,3.61E-23,0.012939244,-0.056267068,-0.4505993,-0.14522591,-1.26E-15,-1.49E-20,0.041707255,9.84E-22,0.00010297,0.10903074,7.39E-24,6.22E-05,-0.00039025,0.00048706,0.44023854,-0.4188159,1.34E-19,0.279993,-6.95E-08,-7.67E-06,-0.004318071,-0.3879177,-7.91E-19,0.14010948,0.16554937
-1.02E-17,-0.0705837,3.16E-05,0.06749614,0.040712323,0.03774911,3.57E-23,-0.001349279,0.013152242,0.070108265,0.028376989,-2.08E-15,-7.85E-21,-0.009305923,8.05E-22,4.46E-05,-0.022243472,6.60E-24,-0.000865655,-0.00024997,-0.000354204,-0.068499655,0.06639116,6.61E-20,-0.04802864,-2.38E-08,-5.73E-06,-0.001575593,0.06268079,-2.60E-20,-0.02665314,-0.030719504
-1.15E-17,-0.31489235,-0.000182214,0.29457375,0.16850753,0.14762539,4.12E-23,-0.004356884,0.042071305,0.3128286,0.11284988,-2.12E-15,-9.68E-21,-0.02966801,9.74E-22,-1.37E-05,-0.088320985,7.75E-24,-0.003887017,-8.11E-05,-0.001308227,-0.30456257,0.2922646,8.48E-20,-0.20313184,7.79E-09,-3.12E-06,0.003673184,0.2720393,-5.86E-20,-0.109246604,-0.12534676
-1.10E-17,-0.5385547,-0.00035581,0.5023208,0.28505474,0.24890022,4.52E-23,-0.008190827,0.070011154,0.5349821,0.18997207,-2.16E-15,-9.57E-21,-0.04969388,1.07E-21,-6.34E-05,-0.14817907,8.47E-24,-0.005964666,7.86E-05,-0.002045605,-0.5207924,0.4991563,9.09E-20,-0.3451509,3.55E-08,-6.32E-07,0.007600043,0.46392632,2.02E-20,-0.18435663,-0.21191654
2.12E-17,-2.7284799,-0.001815328,2.5298202,1.402693,1.2252418,6.82E-23,-0.047321297,0.33568504,2.709029,0.9225731,-4.34E-15,-1.39E-22,-0.23973045,1.45E-21,-0.00046661,-0.71045846,1.18E-23,-0.02316811,0.00120139,-0.008360633,-2.6382656,2.5216331,3.46E-20,-1.7188501,2.75E-07,1.64E-05,0.039395187,2.3384306,1.64E-18,-0.895285,-1.0381277
1.53E-17,-3.1988664,-0.002101524,2.9645574,1.6436267,1.4373127,7.36E-23,-0.058115985,0.396539,3.1760411,1.0819031,-3.97E-15,3.13E-22,-0.2842024,1.62E-21,-0.000555983,-0.83287275,1.29E-23,-0.025340382,0.001533485,-0.009416074,-3.0936143,2.956442,5.29E-20,-2.0152113,3.21E-07,2.16E-05,0.04527888,2.7418551,1.70E-18,-1.0497038,-1.217753
-1.14E-17,-1.8594081,-0.001137837,1.7228681,0.96009374,0.8445823,5.58E-23,-0.03791991,0.23993316,1.8460865,0.63556105,-1.94E-15,-5.88E-21,-0.17334923,1.32E-21,-0.000298047,-0.48945472,1.02E-23,-0.012302197,0.000861197,-0.005045242,-1.7999038,1.7203605,9.43E-20,-1.1766644,1.67E-07,1.17E-05,0.023306482,1.5975975,5.37E-19,-0.6153888,-0.7143552
-2.95E-17,-0.4635908,-0.0003652,0.43336874,0.24943301,0.21534136,4.87E-23,-0.005233095,0.05993219,0.4609177,0.16738652,-1.41E-15,-1.44E-20,-0.042271774,1.31E-21,-7.02E-05,-0.13224736,9.69E-24,-0.00639187,0.000167153,-0.00204139,-0.44781482,0.42966086,1.54E-19,-0.29940343,2.57E-08,8.13E-07,0.008861018,0.39907825,-4.54E-19,-0.1634048,-0.18608594
-4.15E-17,0.6343036,0.000288132,-0.5818912,-0.31204867,-0.28016838,4.13E-23,0.019409366,-0.08111243,-0.6287882,-0.2029297,-1.05E-15,-2.06E-20,0.06022171,1.25E-21,0.000122505,0.15122269,8.89E-24,-0.000824562,-0.00043435,0.000533383,0.6152986,-0.58562,1.91E-19,0.39201853,-9.07E-08,-8.60E-06,-0.003961261,-0.54349303,-1.21E-18,0.19470002,0.23137513
-3.51E-17,0.7548155,0.000386168,-0.6941591,-0.38078153,-0.34233847,3.96E-23,0.023814645,-0.10227705,-0.74852353,-0.2514092,-1.77E-15,-1.86E-20,0.07621041,1.17E-21,0.000157939,0.1896999,8.46E-24,-0.000708644,-0.00058946,0.000798361,0.7331506,-0.6988923,1.72E-19,0.47423038,-1.11E-07,-1.13E-05,-0.005693923,-0.65029734,-9.95E-19,0.24149309,0.28476292
-2.26E-17,-0.003386386,-1.30E-05,0.006363899,0.00803528,0.004499465,4.23E-23,0.004162639,-0.000344142,0.00382708,0.006180663,-1.93E-15,-1.37E-20,0.001497089,1.11E-21,3.78E-05,-0.006698163,8.42E-24,-0.002972806,-0.000221668,-0.000688122,-0.002389737,0.003529072,1.29E-19,-0.0056578,-3.12E-08,-5.41E-06,0.000981858,0.003330074,-4.57E-19,-0.006613113,-0.005563524
-4.75E-18,-1.7423389,-0.001129028,1.615671,0.8973843,0.78437537,5.93E-23,-0.030394621,0.21639854,1.7300673,0.5911974,-2.86E-15,-6.91E-21,-0.15473585,1.41E-21,-0.0002807,-0.45572445,1.09E-23,-0.014597417,0.000730393,-0.005316698,-1.6848377,1.610507,9.69E-20,-1.0989583,1.57E-07,9.27E-06,0.024462482,1.4937766,6.15E-19,-0.5736526,-0.6649021
1.29E-17,-3.3616292,-0.002204627,3.1150596,1.7272227,1.5107654,7.59E-23,-0.061688036,0.41749153,3.3376653,1.1371847,-3.84E-15,2.43E-22,-0.2994751,1.69E-21,-0.000587805,-0.87539697,1.33E-23,-0.026199438,0.001652046,-0.009805716,-3.251162,3.1069193,6.21E-20,-2.1179373,3.37E-07,2.35E-05,0.04745341,2.881482,1.71E-18,-1.1033475,-1.2800899
3.97E-18,-2.412789,-0.00154,2.235998,1.2409859,1.0872538,6.35E-23,-0.04547221,0.30265954,2.3955603,0.81797415,-3.13E-15,-1.87E-21,-0.21745527,1.42E-21,-0.000403348,-0.6295566,1.12E-23,-0.018126797,0.001118611,-0.006927381,-2.3339195,2.2305467,6.45E-20,-1.5216197,2.31E-07,1.54E-05,0.03258933,2.0693455,1.18E-18,-0.7931155,-0.92047733
-1.41E-17,-0.66468716,-0.000498978,0.61962163,0.3473913,0.29895747,4.93E-23,-0.007235844,0.07938443,0.66044575,0.22907484,-2.39E-15,-9.56E-21,-0.055534877,1.22E-21,-0.000102519,-0.17885123,9.36E-24,-0.00877549,0.000204008,-0.002738373,-0.6411545,0.6140588,1.08E-19,-0.42096403,4.98E-08,1.13E-06,0.011997931,0.56858456,9.32E-20,-0.22350869,-0.2563965
-5.77E-17,1.8906903,0.000760478,-1.7388885,-0.94958746,-0.8563113,3.90E-23,0.05733017,-0.2560645,-1.8750223,-0.62531275,-8.88E-16,-2.81E-20,0.18989742,1.38E-21,0.000265181,0.4702191,9.33E-24,-0.001249377,-0.000886765,0.002078841,1.8358495,-1.7497399,2.56E-19,1.18466,-1.92E-07,-1.58E-05,-0.008799447,-1.6279604,-1.99E-18,0.5994783,0.7088715
-6.65E-17,2.0976703,0.000847592,-1.9296085,-1.0524378,-0.94830775,4.05E-23,0.06240814,-0.2821735,-2.080296,-0.6921399,-4.88E-16,-3.18E-20,0.20886272,1.50E-21,0.000290169,0.5201645,9.93E-24,-0.000755474,-0.000942964,0.002424599,2.03636,-1.9408674,2.88E-19,1.3131008,-2.11E-07,-1.66E-05,-0.010078823,-1.8053613,-2.35E-18,0.66356957,0.7848351
-3.76E-17,1.0568241,0.000355848,-0.9690389,-0.5262913,-0.47881344,4.24E-23,0.036487997,-0.14656848,-1.0476586,-0.34672314,-1.81E-15,-2.08E-20,0.10992466,1.29E-21,0.000152225,0.25890812,9.23E-24,-0.00389104,-0.000580443,0.000461267,1.0275075,-0.97825724,1.92E-19,0.66040397,-1.14E-07,-1.11E-05,-0.002367206,-0.9108792,-1.13E-18,0.33123767,0.39396203
-2.85E-18,-0.4417438,-0.000365104,0.41437298,0.23629756,0.20283009,4.64E-23,-0.002615317,0.05313707,0.43915486,0.1563577,-2.99E-15,-7.54E-21,-0.036391333,1.07E-21,-5.75E-05,-0.12273747,8.60E-24,-0.007734697,1.69E-05,-0.002291696,-0.4259848,0.40910724,7.39E-20,-0.28391287,3.13E-08,-1.73E-06,0.008730911,0.37954283,3.09E-19,-0.1527602,-0.17436168
-6.89E-19,-0.5182019,-0.000429072,0.48550844,0.27635837,0.237456,4.69E-23,-0.004040167,0.0626554,0.51506895,0.18298294,-3.05E-15,-6.77E-21,-0.043234624,1.06E-21,-7.63E-05,-0.1435945,8.60E-24,-0.008486183,7.01E-05,-0.002555728,-0.49986845,0.4798438,6.52E-20,-0.33247545,4.35E-08,-9.04E-07,0.010162713,0.44511244,4.02E-19,-0.17872043,-0.20409462
-1.24E-17,0.21695697,-2.48E-05,-0.1941893,-0.10192597,-0.09965657,4.17E-23,0.014131897,-0.03582114,-0.21456717,-0.06751928,-2.76E-15,-1.06E-20,0.028696451,1.03E-21,4.23E-05,0.047440212,8.04E-24,-0.005727483,-0.00029049,-0.00098076,0.21336047,-0.20151103,9.37E-20,0.13407263,-3.32E-08,-6.70E-06,0.003166883,-0.1891368,-7.06E-20,0.062817454,0.07842184
-5.12E-17,1.131814,0.000519423,-1.040633,-0.56260544,-0.5039488,4.06E-23,0.031259473,-0.14545345,-1.122411,-0.3671101,-4.78E-16,-2.52E-20,0.107017025,1.31E-21,0.000186675,0.27498403,9.16E-24,0.000714109,-0.000612687,0.001458924,1.0974538,-1.0454537,2.22E-19,0.70337355,-1.31E-07,-1.14E-05,-0.007790317,-0.9707064,-1.73E-18,0.35255015,0.41744494
-6.26E-18,-0.54802305,-0.000463326,0.51262635,0.28868067,0.24575292,4.90E-23,-0.002620029,0.061958954,0.54466957,0.18982977,-2.98E-15,-1.00E-20,-0.042145308,1.18E-21,-8.18E-05,-0.14919688,9.25E-24,-0.009621249,6.92E-05,-0.002766711,-0.52792317,0.50617635,9.27E-20,-0.34773383,4.29E-08,-1.08E-06,0.011692502,0.46835464,1.79E-19,-0.1858326,-0.21187398
-4.63E-17,0.7603167,0.000288409,-0.6964628,-0.36887074,-0.33156168,4.38E-23,0.022369396,-0.094815284,-0.7536036,-0.23812583,-4.94E-16,-2.36E-20,0.07008812,1.35E-21,0.000117628,0.17613064,9.59E-24,-0.001046768,-0.0003909,0.000558198,0.7369367,-0.7006689,2.14E-19,0.46557358,-8.81E-08,-7.70E-06,-0.003516134,-0.6494224,-1.53E-18,0.22802632,0.27234823
-1.31E-17,-0.07425281,-2.57E-05,0.07199548,0.04567992,0.040151197,3.89E-23,0.000103769,0.012629844,0.0739717,0.032110505,-2.02E-15,-9.69E-21,-0.008561877,9.21E-22,2.96E-05,-0.02625268,7.36E-24,-0.002123207,-0.000200437,-0.000645026,-0.07174809,0.06998377,8.45E-20,-0.052176557,-1.78E-08,-4.96E-06,0.000256883,0.06592672,-1.45E-19,-0.030988336,-0.034450863
-4.88E-17,0.8498183,0.000422496,-0.7808362,-0.41659677,-0.37000713,3.97E-23,0.020817868,-0.102132194,-0.8427396,-0.26880977,-5.10E-17,-2.35E-20,0.07440335,1.24E-21,0.00014985,0.2006275,8.77E-24,0.001803856,-0.000466948,0.00126952,0.8225598,-0.7829679,2.07E-19,0.52226734,-1.04E-07,-8.79E-06,-0.007402869,-0.7250274,-1.65E-18,0.25878876,0.3067784
-2.30E-17,-0.1901218,-7.08E-05,0.17844082,0.1065755,0.09573284,4.07E-23,-0.004403671,0.031150134,0.18897624,0.07380597,-1.29E-15,-1.24E-20,-0.02268495,1.03E-21,9.86E-06,-0.058364633,7.92E-24,-0.001495596,-8.86E-05,-0.000684549,-0.1848243,0.1778898,1.16E-19,-0.12723121,-9.66E-09,-3.06E-06,0.000755272,0.16697446,-4.45E-19,-0.07098484,-0.081171975
-1.31E-17,-1.2755218,-0.000849727,1.1838167,0.6549338,0.5676692,5.60E-23,-0.019678704,0.15342271,1.266564,0.4303515,-2.43E-15,-9.68E-21,-0.10903164,1.38E-21,-0.000201228,-0.33322355,1.05E-23,-0.012330757,0.000500036,-0.004181399,-1.2314152,1.1771386,1.16E-19,-0.80010504,1.08E-07,5.45E-06,0.019353805,1.0894759,2.29E-19,-0.41845924,-0.48316705
7.95E-18,-3.3875935,-0.002152106,3.1368282,1.7313294,1.5134157,7.44E-23,-0.062155847,0.41628817,3.363005,1.1375722,-3.62E-15,-2.25E-21,-0.2985234,1.70E-21,-0.000570253,-0.8747422,1.32E-23,-0.025590125,0.001579083,-0.009578696,-3.2753487,3.1286318,7.92E-20,-2.1257586,3.27E-07,2.21E-05,0.046441823,2.899686,1.47E-18,-1.1032455,-1.280918
8.59E-18,-2.803281,-0.001828222,2.596982,1.4305034,1.2456846,6.95E-23,-0.04728748,0.33740062,2.782992,0.9378121,-3.85E-15,-3.87E-21,-0.24061307,1.59E-21,-0.000470636,-0.72194606,1.24E-23,-0.02370869,0.001228925,-0.008400269,-2.7085972,2.5873454,7.76E-20,-1.7550404,2.69E-07,1.65E-05,0.040605605,2.3960688,1.27E-18,-0.91039175,-1.0557027
-9.30E-18,-0.5534268,-0.000513306,0.51812077,0.28978825,0.24308392,4.74E-23,-0.000983968,0.058793448,0.55005395,0.18980423,-2.86E-15,-8.65E-21,-0.039457988,1.14E-21,-9.92E-05,-0.15014519,8.88E-24,-0.010760347,0.000139559,-0.00296155,-0.5315978,0.5096071,8.98E-20,-0.34773824,4.79E-08,-5.08E-08,0.013766272,0.46970826,2.74E-19,-0.1864981,-0.21138364
-2.43E-17,0.6981726,0.000189946,-0.6379829,-0.34413505,-0.3155202,3.73E-23,0.025605679,-0.09749404,-0.6920752,-0.22597304,-1.87E-15,-1.41E-20,0.073584005,1.01E-21,9.56E-05,0.16716082,7.58E-24,-0.00405376,-0.000412284,-4.03E-05,0.6796551,-0.6462575,1.25E-19,0.4350954,-7.06E-08,-8.28E-06,-9.04E-05,-0.6022027,-5.84E-19,0.21553425,0.25819
-1.70E-17,0.5340574,0.000170407,-0.48716408,-0.26180154,-0.23931648,3.64E-23,0.019358609,-0.07271784,-0.5293906,-0.17138225,-2.25E-15,-1.06E-20,0.054905705,9.04E-22,9.23E-05,0.12666279,7.07E-24,-0.003192433,-0.000408712,-7.65E-05,0.52005345,-0.49414724,9.35E-20,0.33175763,-6.30E-08,-8.35E-06,-0.001071016,-0.46028757,-2.33E-19,0.16371481,0.19622386
-1.15E-17,0.027106665,8.03E-05,-0.022781774,-0.010020331,-0.007796202,3.56E-23,0.001733211,-0.000890553,-0.02680628,-0.005670704,-2.15E-15,-8.50E-21,0.001156854,8.24E-22,6.05E-05,0.003907021,6.67E-24,-0.000808639,-0.000303457,-0.000201714,0.026419088,-0.024308152,7.38E-20,0.014359824,-3.53E-08,-6.61E-06,-0.002242394,-0.021881275,-8.39E-20,0.006092068,0.0074603
-3.88E-17,0.77589154,0.000407121,-0.7135493,-0.3859306,-0.34296277,3.67E-23,0.02099641,-0.09783252,-0.76949227,-0.251991,-7.64E-16,-1.96E-20,0.07205781,1.11E-21,0.000147979,0.19014463,7.97E-24,0.00116571,-0.000502706,0.001119287,0.7515348,-0.7158946,1.80E-19,0.48108086,-1.03E-07,-9.33E-06,-0.006897902,-0.6636386,-1.29E-18,0.24292909,0.28607824
-2.78E-17,0.45009285,0.000282112,-0.41334116,-0.22286429,-0.19688113,3.63E-23,0.01210191,-0.055021547,-0.44638425,-0.14509082,-1.33E-15,-1.51E-20,0.04060326,9.92E-22,0.000115029,0.10956399,7.44E-24,0.000696979,-0.000429231,0.000628688,0.43584603,-0.41492784,1.37E-19,0.27812538,-7.62E-08,-8.37E-06,-0.005443807,-0.38421232,-8.00E-19,0.14032218,0.16504744
-3.93E-17,0.42829323,0.000242857,-0.39263892,-0.20721127,-0.18329717,3.92E-23,0.010495904,-0.049070142,-0.42460954,-0.1326248,-4.69E-16,-1.86E-20,0.035741664,1.14E-21,9.59E-05,0.09852341,8.28E-24,0.000877441,-0.000309567,0.000590177,0.41434747,-0.39393312,1.74E-19,0.2609522,-6.90E-08,-6.36E-06,-0.004544479,-0.3641976,-1.18E-18,0.12792517,0.15198362
-2.32E-17,0.09756184,0.000114833,-0.08765638,-0.04096833,-0.03390586,3.78E-23,0.001440707,-0.005181648,-0.09664588,-0.02349871,-1.27E-15,-1.30E-20,0.003570198,9.60E-22,6.42E-05,0.01634359,7.41E-24,0.000314616,-0.000262768,6.12E-05,0.09366976,-0.088092886,1.13E-19,0.05415576,-3.97E-08,-5.79E-06,-0.003191995,-0.07990498,-5.64E-19,0.023335814,0.028536148
-1.08E-18,-1.7391782,-0.001110415,1.6130568,0.90241235,0.79325545,5.68E-23,-0.03333589,0.22361633,1.7268468,0.59768116,-2.56E-15,-7.28E-21,-0.16073029,1.30E-21,-0.000278637,-0.46091127,1.03E-23,-0.013240987,0.000716976,-0.005133814,-1.6839681,1.6102746,8.15E-20,-1.1042647,1.64E-07,9.44E-06,0.022977533,1.4963776,5.60E-19,-0.5789639,-0.6712726
2.62E-18,-1.9457126,-0.001228249,1.8036658,1.0033493,0.8803527,5.78E-23,-0.036769573,0.24605876,1.9317954,0.6622897,-2.92E-15,-4.32E-21,-0.17671347,1.29E-21,-0.000312024,-0.5099098,1.03E-23,-0.014716085,0.000816798,-0.005643433,-1.8827535,1.7996713,6.60E-20,-1.2295697,1.82E-07,1.08E-05,0.025677964,1.6706011,8.63E-19,-0.64175,-0.74473035
-2.03E-17,-0.7393146,-0.000588072,0.6898729,0.39252478,0.3392061,5.09E-23,-0.009672925,0.09334438,0.7346806,0.26160482,-1.76E-15,-1.13E-20,-0.066027835,1.29E-21,-0.000134048,-0.20527774,9.78E-24,-0.009239637,0.000344893,-0.003007768,-0.7140932,0.6845299,1.28E-19,-0.47365203,6.62E-08,3.61E-06,0.013899334,0.635188,-9.38E-20,-0.25509393,-0.29174143
-2.29E-17,-0.782303,-0.000665213,0.73034644,0.4155454,0.3573284,5.26E-23,-0.008696768,0.09651824,0.77755904,0.27643773,-1.77E-15,-1.15E-20,-0.06783641,1.37E-21,-0.00015675,-0.21723905,1.02E-23,-0.010687907,0.000424841,-0.003362384,-0.7551215,0.723947,1.40E-19,-0.5008499,7.41E-08,4.90E-06,0.016316008,0.67127717,-8.94E-20,-0.27011895,-0.30844697
-2.49E-17,-0.45632678,-0.000321548,0.42637867,0.24792324,0.21779223,4.32E-23,-0.00833722,0.06478833,0.4534788,0.16822916,-1.11E-15,-1.16E-20,-0.04665725,1.10E-21,-6.58E-05,-0.13239765,8.36E-24,-0.00454367,0.000169398,-0.001698189,-0.4420681,0.42432827,1.22E-19,-0.29790175,2.94E-08,1.17E-06,0.006897652,0.39564934,-3.17E-19,-0.16312106,-0.18655747
-1.54E-17,-0.62057316,-0.000326573,0.57608324,0.3243385,0.2875587,4.28E-23,-0.012479533,0.083679266,0.6162296,0.21609165,-1.89E-15,-9.43E-21,-0.06028261,1.03E-21,-5.95E-05,-0.16653182,8.08E-24,-0.0043062,9.17E-05,-0.001788024,-0.6014089,0.5753931,9.60E-20,-0.39646932,3.10E-08,-2.92E-07,0.006104143,0.5357325,-3.00E-20,-0.20856501,-0.24223039
-2.07E-17,-0.17840305,-4.52E-05,0.1669577,0.098441556,0.08921723,3.92E-23,-0.003690735,0.028526679,0.17729014,0.06759328,-1.58E-15,-1.19E-20,-0.020542275,9.88E-22,2.09E-05,-0.05275943,7.63E-24,-0.00139962,-0.000147902,-0.000623083,-0.1735833,0.16679665,1.09E-19,-0.11853309,-1.61E-08,-4.00E-06,0.000202089,0.15671839,-3.68E-19,-0.064699166,-0.07472919
-3.32E-17,0.27836418,0.000204636,-0.25494534,-0.1335184,-0.11662842,3.99E-23,0.006895992,-0.03002515,-0.2759143,-0.084944084,-1.06E-15,-1.71E-20,0.021951098,1.12E-21,9.29E-05,0.06324679,8.26E-24,0.000593129,-0.000337327,0.000367511,0.26895368,-0.2555676,1.57E-19,0.1682035,-6.41E-08,-7.00E-06,-0.004387097,-0.23561576,-9.34E-19,0.08232588,0.097499214
-1.42E-17,-0.64806175,-0.000415794,0.6030947,0.3382929,0.29481417,4.84E-23,-0.00954141,0.08143037,0.64374757,0.2237872,-2.24E-15,-1.04E-20,-0.057719015,1.19E-21,-7.89E-05,-0.1736552,9.21E-24,-0.006843362,0.000134584,-0.002329663,-0.6263015,0.5995786,1.10E-19,-0.41165242,4.01E-08,1.01E-07,0.009112038,0.55638623,-1.91E-20,-0.21735956,-0.25071737
-5.73E-18,-1.7143203,-0.001134569,1.5906123,0.88651,0.7748225,6.01E-23,-0.030411888,0.21499553,1.7023747,0.58522165,-2.67E-15,-6.68E-21,-0.15399125,1.43E-21,-0.000285987,-0.45188496,1.11E-23,-0.01445044,0.000772181,-0.005299157,-1.657914,1.5853274,9.74E-20,-1.0841643,1.60E-07,1.00E-05,0.024500115,1.4708643,5.96E-19,-0.568099,-0.65770155
5.93E-18,-2.437795,-0.001633267,2.2606163,1.251595,1.0903457,6.81E-23,-0.041750543,0.29795218,2.4206052,0.8225808,-3.63E-15,-1.41E-21,-0.21291298,1.54E-21,-0.000423874,-0.634223,1.21E-23,-0.020982482,0.001163934,-0.00750048,-2.3557274,2.251592,6.98E-20,-1.5329349,2.39E-07,1.57E-05,0.035991512,2.086227,1.31E-18,-0.79913265,-0.9257133
-8.52E-18,-1.1091107,-0.000761932,1.0304724,0.57285655,0.49705866,5.26E-23,-0.016656715,0.13470988,1.1015399,0.37695816,-2.66E-15,-6.69E-21,-0.09558275,1.25E-21,-0.000178871,-0.29190922,9.73E-24,-0.01125888,0.000436808,-0.003804033,-1.0710328,1.0244321,9.10E-20,-0.69898546,9.56E-08,4.67E-06,0.01731082,0.94893754,4.39E-19,-0.36667323,-0.42335176
-3.88E-17,0.5876376,0.000152032,-0.5370512,-0.29072654,-0.2690752,4.51E-23,0.0235821,-0.08516104,-0.58219534,-0.19175762,-1.52E-15,-1.94E-20,0.06456295,1.34E-21,8.61E-05,0.1412562,9.58E-24,-0.00437318,-0.000341142,-0.000203427,0.5728456,-0.5448406,1.90E-19,0.36783817,-7.46E-08,-7.43E-06,0.000837895,-0.50869936,-1.02E-18,0.1819626,0.21866497
-4.33E-17,1.2429993,0.000496137,-1.1422851,-0.62339026,-0.56357193,3.92E-23,0.03946794,-0.16994923,-1.232583,-0.4106959,-1.42E-15,-2.24E-20,0.12656699,1.25E-21,0.000188758,0.30818978,8.76E-24,-0.002006551,-0.000681626,0.001115139,1.2074574,-1.1505636,2.01E-19,0.7789024,-1.37E-07,-1.26E-05,-0.005359351,-1.0707932,-1.38E-18,0.39343214,0.4659434
-2.17E-17,0.27608937,5.91E-05,-0.25015974,-0.13342871,-0.12534858,4.22E-23,0.013698702,-0.041211046,-0.2733273,-0.087935984,-2.20E-15,-1.37E-20,0.032054592,1.12E-21,6.21E-05,0.06374055,8.43E-24,-0.004005997,-0.000314828,-0.000539238,0.26985914,-0.255882,1.26E-19,0.171318,-4.80E-08,-7.01E-06,0.000961887,-0.23905289,-4.39E-19,0.08304812,0.10105177
1.14E-17,-1.0719371,-0.000761648,0.9975005,0.55734384,0.4845751,5.02E-23,-0.015115494,0.13088715,1.0646546,0.36695144,-3.74E-15,-2.43E-21,-0.092318065,1.05E-21,-0.000168832,-0.28394765,8.82E-24,-0.011967336,0.000317794,-0.003966152,-1.0356547,0.99133235,3.04E-20,-0.67919624,1.01E-07,2.86E-06,0.016916342,0.91947883,9.60E-19,-0.35673708,-0.41196465
8.54E-18,-0.96513534,-0.000709801,0.8990402,0.503786,0.4369336,5.04E-23,-0.012684263,0.117477216,0.9587067,0.331957,-3.59E-15,-3.53E-21,-0.08261346,1.08E-21,-0.000154506,-0.2575302,8.97E-24,-0.011561317,0.000284152,-0.003755478,-0.932189,0.892687,4.06E-20,-0.6126452,9.17E-08,2.34E-06,0.015998548,0.82790285,8.34E-19,-0.32307398,-0.37232828
-2.88E-17,0.19534159,1.98E-05,-0.1750594,-0.08397308,-0.0779714,4.42E-23,0.008310528,-0.02196848,-0.19313295,-0.05126339,-1.30E-15,-1.68E-20,0.016934711,1.20E-21,4.25E-05,0.034571584,8.99E-24,-0.002838779,-0.000202533,-0.00051581,0.18961002,-0.17849505,1.50E-19,0.112288274,-3.39E-08,-4.91E-06,0.000747597,-0.16459769,-7.89E-19,0.048132405,0.06100989
-1.08E-17,-1.0150638,-0.000744044,0.9447418,0.53418654,0.46510252,5.42E-23,-0.015326634,0.12838498,1.0083355,0.35490692,-2.31E-15,-1.16E-20,-0.09114763,1.33E-21,-0.000170267,-0.27648786,1.03E-23,-0.011014371,0.000387498,-0.003745429,-0.9818595,0.94022757,1.12E-19,-0.64853954,9.52E-08,4.21E-06,0.016699843,0.8734632,6.80E-20,-0.3451581,-0.3970297
-3.00E-17,-0.75298566,-0.00056473,0.7019326,0.40409273,0.35255048,5.57E-23,-0.012178943,0.10048946,0.7482336,0.27175727,-1.03E-15,-1.91E-20,-0.071859255,1.52E-21,-0.000125943,-0.213623,1.12E-23,-0.008141227,0.000322876,-0.002858533,-0.7293497,0.6992454,1.81E-19,-0.48755398,6.46E-08,3.40E-06,0.012611689,0.651074,-7.64E-19,-0.2644155,-0.30246875
1.54E-17,-1.9248829,-0.001291952,1.786302,0.994494,0.8691874,5.96E-23,-0.032466393,0.238565,1.9112587,0.655315,-3.83E-15,-3.75E-21,-0.16998811,1.28E-21,-0.000317242,-0.5053743,1.05E-23,-0.017318629,0.000743194,-0.006165547,-1.8617327,1.7801931,4.37E-20,-1.2166979,1.91E-07,9.51E-06,0.02790839,1.6519848,1.11E-18,-0.63579744,-0.7365059
-4.77E-17,0.68972784,0.000331923,-0.6327341,-0.3335824,-0.29609674,4.18E-23,0.016854554,-0.08034516,-0.6838198,-0.21357355,-8.05E-17,-2.34E-20,0.058459304,1.28E-21,0.000124255,0.15827884,9.12E-24,0.001145947,-0.000386642,0.000909425,0.6672189,-0.6345119,2.07E-19,0.42019197,-8.75E-08,-7.54E-06,-0.005822875,-0.5867733,-1.59E-18,0.20544986,0.24460602
-2.78E-17,0.5267295,0.000266403,-0.48294616,-0.260105,-0.2328311,3.70E-23,0.015552607,-0.067140795,-0.52230597,-0.16953948,-1.43E-15,-1.53E-20,0.049827218,1.01E-21,0.000112791,0.12683308,7.59E-24,-0.000395152,-0.000432248,0.000494638,0.5109642,-0.48624152,1.34E-19,0.3262817,-7.58E-08,-8.53E-06,-0.004296302,-0.45124668,-7.72E-19,0.16309704,0.1932967
-5.73E-17,1.4032363,0.000570985,-1.2893008,-0.6962242,-0.6258178,4.08E-23,0.040070165,-0.18218043,-1.3914942,-0.45445845,-1.74E-16,-2.72E-20,0.13435417,1.37E-21,0.000200221,0.33982667,9.41E-24,-0.000114033,-0.000634192,0.001600755,1.3612679,-1.2964432,2.46E-19,0.87183154,-1.45E-07,-1.15E-05,-0.007349596,-1.2043251,-1.96E-18,0.43589234,0.5170576
-1.15E-17,-0.9683968,-0.000630063,0.8993587,0.5015988,0.43763852,4.88E-23,-0.015654113,0.12068293,0.96166855,0.33124533,-2.30E-15,-8.72E-21,-0.08590855,1.18E-21,-0.00014182,-0.25628316,9.11E-24,-0.009085713,0.000318755,-0.003185245,-0.93609893,0.89532006,9.75E-20,-0.612236,7.65E-08,3.03E-06,0.013897909,0.83047724,2.02E-19,-0.32142866,-0.3715746
7.70E-18,-2.5216556,-0.001648196,2.3368974,1.2910829,1.1258065,6.62E-23,-0.04324191,0.306948,2.5035095,0.8479522,-3.66E-15,-3.96E-21,-0.21913019,1.50E-21,-0.000421501,-0.6531157,1.18E-23,-0.021237642,0.001094591,-0.00760119,-2.4372098,2.3286672,7.22E-20,-1.5828813,2.43E-07,1.46E-05,0.0362328,2.1577287,1.18E-18,-0.8229675,-0.9541013
1.07E-17,-3.0684175,-0.001927875,2.8415418,1.5745186,1.3812662,6.74E-23,-0.058647808,0.38425606,3.0461597,1.0373049,-3.44E-15,-1.80E-21,-0.27612895,1.48E-21,-0.000509167,-0.7973212,1.18E-23,-0.022084083,0.001386316,-0.008550992,-2.9689689,2.8365307,5.66E-20,-1.9328915,2.97E-07,1.95E-05,0.040600557,2.6319656,1.42E-18,-1.0049843,-1.1675935
-1.12E-18,-0.97138906,-0.000689506,0.9032635,0.50152344,0.4335687,4.88E-23,-0.012408146,0.114981614,0.9646984,0.32931954,-3.10E-15,-6.18E-21,-0.08072579,1.11E-21,-0.000150711,-0.25537708,8.86E-24,-0.011290304,0.000283338,-0.003612014,-0.93750095,0.8968001,6.64E-20,-0.6110753,8.45E-08,2.25E-06,0.016090933,0.8302864,5.55E-19,-0.32042843,-0.36939657
-1.53E-17,0.4324984,7.08E-05,-0.39275593,-0.20960848,-0.19528426,3.77E-23,0.018901784,-0.062343292,-0.42848444,-0.13742127,-2.50E-15,-1.03E-20,0.04789457,9.31E-22,6.69E-05,0.10007189,7.28E-24,-0.004904367,-0.000350859,-0.000550591,0.42227322,-0.40068758,8.97E-20,0.2684016,-4.93E-08,-7.51E-06,0.001605177,-0.374061,-1.15E-19,0.13033135,0.15806419
-1.13E-17,0.22345716,8.89E-05,-0.20213483,-0.10749175,-0.09896049,3.58E-23,0.009574463,-0.030460551,-0.22142552,-0.07017663,-2.37E-15,-8.47E-21,0.023534514,8.34E-22,6.66E-05,0.05125967,6.73E-24,-0.002480965,-0.000337302,-0.000302396,0.21814798,-0.20667726,7.21E-20,0.13797218,-4.21E-08,-7.23E-06,-0.000859761,-0.19258821,-3.58E-20,0.06708716,0.08109457
-1.94E-17,0.18958479,0.000101162,-0.1716073,-0.08805448,-0.07880804,3.67E-23,0.006696496,-0.021701474,-0.18781619,-0.055790816,-1.71E-15,-1.16E-20,0.016532585,9.19E-22,6.44E-05,0.040533412,7.16E-24,-0.001249197,-0.000293041,-0.000126019,0.18393059,-0.17403993,1.02E-19,0.113436274,-4.25E-08,-6.29E-06,-0.001728696,-0.16075116,-3.85E-19,0.0537706,0.06493334
-2.11E-17,0.25069112,0.000195996,-0.22940259,-0.122574046,-0.10736035,3.62E-23,0.006882922,-0.028978374,-0.24860163,-0.07927239,-1.67E-15,-1.24E-20,0.021524906,9.26E-22,9.19E-05,0.05977199,7.15E-24,0.000218707,-0.000374747,0.000284342,0.24268882,-0.23069218,1.11E-19,0.1536353,-5.85E-08,-7.62E-06,-0.004248709,-0.21318293,-5.02E-19,0.07704462,0.09062029
-4.46E-17,0.31080306,0.000155002,-0.28411603,-0.14746614,-0.13161312,4.15E-23,0.008822325,-0.035443526,-0.30788726,-0.0935342,-2.50E-16,-1.99E-20,0.02605613,1.25E-21,6.86E-05,0.06842454,8.88E-24,-0.000132155,-0.000205581,0.000244464,0.30080718,-0.28559512,1.96E-19,0.18749985,-5.83E-08,-4.69E-06,-0.002279773,-0.26393026,-1.30E-18,0.08980274,0.10776951
-2.41E-17,-0.14354028,-3.77E-05,0.13502549,0.07815337,0.06847857,4.07E-23,-0.002316755,0.021251662,0.14270237,0.05319907,-1.42E-15,-1.15E-20,-0.015255841,1.04E-21,1.98E-05,-0.04227802,7.92E-24,-0.001603363,-0.00011159,-0.000583839,-0.13843903,0.1331761,1.17E-19,-0.09308014,-1.85E-08,-3.64E-06,0.000493248,0.12373808,-3.93E-19,-0.051423185,-0.058475386
-2.41E-17,-0.73960334,-0.000442702,0.68725866,0.3894087,0.3431767,4.82E-23,-0.015319405,0.10032922,0.7345778,0.26053125,-1.22E-15,-1.20E-20,-0.07268028,1.23E-21,-9.95E-05,-0.20233467,9.31E-24,-0.005288571,0.000273118,-0.002188859,-0.71643716,0.68586713,1.29E-19,-0.47399586,5.07E-08,2.57E-06,0.008802222,0.63815963,-2.98E-19,-0.2523139,-0.29137284
-2.29E-17,-0.30919015,-0.000160788,0.28912848,0.17092669,0.15297152,4.29E-23,-0.007187663,0.0482668,0.30725074,0.11738442,-1.20E-15,-1.32E-20,-0.035160962,1.09E-21,-1.61E-05,-0.092296556,8.37E-24,-0.002291885,-7.46E-06,-0.001046211,-0.30067044,0.28892693,1.22E-19,-0.20534828,6.67E-09,-1.68E-06,0.002510951,0.27090096,-4.83E-19,-0.11318807,-0.12983733
1.16E-17,-1.9759239,-0.001281989,1.8327298,1.0212696,0.8957231,5.79E-23,-0.036349483,0.24957255,1.9619098,0.6741292,-3.46E-15,-1.86E-21,-0.17886351,1.23E-21,-0.000323724,-0.51915735,1.01E-23,-0.015838431,0.000820937,-0.005952081,-1.9120142,1.8281293,3.97E-20,-1.2506735,1.92E-07,1.09E-05,0.026918879,1.6974103,1.16E-18,-0.65345144,-0.7580419
-3.90E-17,0.92156047,0.000187036,-0.8417991,-0.44996226,-0.4131547,4.42E-23,0.034170505,-0.12737453,-0.9131482,-0.29436916,-1.36E-15,-2.04E-20,0.09606128,1.34E-21,9.55E-05,0.21696438,9.53E-24,-0.005695783,-0.000365187,-0.000166413,0.89656126,-0.8520884,1.97E-19,0.57016146,-8.32E-08,-7.41E-06,0.001725099,-0.7932405,-1.13E-18,0.27996165,0.3362642
-7.72E-17,2.194046,0.000757367,-2.014834,-1.0861493,-0.9792628,4.07E-23,0.064463995,-0.28738928,-2.1754932,-0.70913726,7.68E-16,-3.36E-20,0.21234831,1.56E-21,0.000248702,0.5296497,1.01E-23,-0.001535326,-0.000716255,0.002214866,2.129078,-2.027228,3.19E-19,1.3619156,-1.93E-07,-1.24E-05,-0.00729511,-1.8837173,-2.67E-18,0.67926425,0.8068751
-4.78E-17,1.114452,0.000289626,-1.0201863,-0.5463024,-0.49751028,4.15E-23,0.0377883,-0.14994949,-1.1045724,-0.3565858,-7.50E-16,-2.25E-20,0.11219829,1.33E-21,0.000119505,0.26412603,9.23E-24,-0.00434667,-0.000405481,0.000342977,1.082888,-1.0299125,2.18E-19,0.6896049,-1.02E-07,-7.80E-06,-0.000156405,-0.95774907,-1.43E-18,0.3402719,0.40691778
-1.33E-17,-0.33516607,-0.0002047,0.31365073,0.18296489,0.16229075,3.92E-23,-0.006126284,0.048742585,0.3330081,0.12422821,-1.76E-15,-9.01E-21,-0.034906905,9.18E-22,-2.67E-05,-0.097273245,7.34E-24,-0.003405788,-1.09E-05,-0.001290026,-0.32513854,0.3123106,8.24E-20,-0.22005907,1.45E-08,-1.70E-06,0.003891457,0.29198435,-6.36E-20,-0.119902715,-0.13770068
-1.36E-17,-0.8885715,-0.000516792,0.82454586,0.46203113,0.4071441,4.76E-23,-0.017052881,0.11608634,0.88232034,0.30659035,-2.00E-15,-9.91E-21,-0.083447255,1.16E-21,-0.000111874,-0.23649396,8.97E-24,-0.006662848,0.000243634,-0.002620619,-0.86043274,0.8229566,1.03E-19,-0.5649994,6.20E-08,1.99E-06,0.010348648,0.76507425,2.65E-20,-0.29660428,-0.34398615
-3.07E-17,0.23915839,0.000203689,-0.21888606,-0.11225177,-0.09591067,3.84E-23,0.004389523,-0.022076186,-0.23710357,-0.069966435,-9.59E-16,-1.61E-20,0.015748672,1.05E-21,8.99E-05,0.05197801,7.84E-24,0.001281148,-0.000325669,0.000433031,0.23025297,-0.21854332,1.44E-19,0.14180008,-5.86E-08,-6.70E-06,-0.004972623,-0.2003913,-8.79E-19,0.06835162,0.08083209
-3.81E-17,0.34498286,0.000230472,-0.31599295,-0.16313915,-0.14178002,4.12E-23,0.007394147,-0.0351446,-0.3419385,-0.10266292,-6.26E-16,-1.96E-20,0.025317062,1.19E-21,9.76E-05,0.07603766,8.69E-24,0.001201801,-0.000328363,0.000522252,0.33267272,-0.31593078,1.78E-19,0.20605075,-6.71E-08,-6.70E-06,-0.005090539,-0.29055506,-1.20E-18,0.099468514,0.11813431
-1.21E-17,-0.8048389,-0.000546589,0.7488643,0.41834122,0.36282513,5.11E-23,-0.011591583,0.09890154,0.799463,0.2759514,-2.41E-15,-9.09E-21,-0.07007025,1.25E-21,-0.000116313,-0.21430482,9.63E-24,-0.00869615,0.000252556,-0.002906063,-0.7771357,0.7438288,1.05E-19,-0.5091109,6.08E-08,1.82E-06,0.012308935,0.689261,1.46E-19,-0.26850548,-0.30937153
-2.37E-18,-2.0234368,-0.001325559,1.876452,1.0426489,0.9111485,6.23E-23,-0.036601033,0.25247195,2.009191,0.68732023,-2.87E-15,-4.12E-21,-0.18104853,1.44E-21,-0.000342168,-0.53008395,1.13E-23,-0.016394338,0.000949628,-0.006072803,-1.9565052,1.8703333,8.41E-20,-1.2765449,1.92E-07,1.27E-05,0.028571133,1.7345272,8.78E-19,-0.66713595,-0.77298534
-4.43E-18,-1.8738201,-0.001242635,1.7380477,0.9621012,0.8373579,6.20E-23,-0.031983495,0.22912812,1.8606802,0.63243765,-2.97E-15,-3.74E-21,-0.16380888,1.46E-21,-0.000317472,-0.48806575,1.12E-23,-0.016218867,0.000880985,-0.005785005,-1.8101963,1.7303091,8.80E-20,-1.1777039,1.75E-07,1.13E-05,0.027453823,1.602681,8.72E-19,-0.6145938,-0.71148944
-1.23E-17,-1.2123746,-0.000811588,1.1254847,0.6261245,0.54497373,5.31E-23,-0.019726861,0.14938083,1.204012,0.41273442,-2.37E-15,-7.68E-21,-0.106487684,1.29E-21,-0.000195815,-0.31933004,9.90E-24,-0.011254977,0.00050513,-0.003939362,-1.1714735,1.1202258,1.02E-19,-0.76474607,1.04E-07,5.82E-06,0.018155346,1.0382973,3.42E-19,-0.40106636,-0.46356386
-2.12E-17,-0.5750523,-0.00043286,0.53612554,0.2990265,0.25525412,4.95E-23,-0.005259351,0.06645487,0.5714183,0.196666,-2.08E-15,-1.16E-20,-0.046246227,1.28E-21,-8.46E-05,-0.15418701,9.58E-24,-0.008113548,0.000167634,-0.002443705,-0.5538124,0.5302634,1.28E-19,-0.36179125,3.61E-08,4.29E-07,0.010864893,0.48987004,-1.31E-19,-0.19232069,-0.21988812
-3.97E-18,-0.8341119,-0.00054225,0.77519524,0.4291559,0.37225914,4.67E-23,-0.011902545,0.10018181,0.82829994,0.28171065,-2.88E-15,-5.67E-21,-0.07075351,1.06E-21,-0.000112579,-0.21789742,8.48E-24,-0.008794551,0.00019856,-0.002911537,-0.80505395,0.76994365,6.60E-20,-0.5238654,6.24E-08,8.92E-07,0.012198972,0.71280324,4.84E-19,-0.2737397,-0.31626815
-1.79E-18,-1.2916797,-0.000823762,1.1987072,0.66625845,0.5823225,5.19E-23,-0.022518318,0.16109735,1.2825612,0.439144,-2.83E-15,-5.09E-21,-0.11514248,1.17E-21,-0.00019574,-0.33875003,9.37E-24,-0.011070492,0.000468446,-0.004016667,-1.2487625,1.1940337,6.85E-20,-0.8151059,1.12E-07,5.22E-06,0.017601375,1.1074227,6.23E-19,-0.42598403,-0.4934771
-8.65E-18,-1.020933,-0.000684328,0.9491522,0.5345896,0.46803215,5.16E-23,-0.017827053,0.13155231,1.0139942,0.35496727,-2.29E-15,-8.68E-21,-0.094124235,1.22E-21,-0.000158259,-0.2752222,9.60E-24,-0.009339157,0.00037699,-0.003397971,-0.98792374,0.9456641,9.33E-20,-0.6511365,8.97E-08,4.06E-06,0.014549771,0.878731,2.32E-19,-0.34448493,-0.39776888
-2.40E-17,-0.8608708,-0.000609398,0.80132717,0.45751798,0.40056667,5.34E-23,-0.015253217,0.114552535,0.85527354,0.30645996,-1.35E-15,-1.45E-20,-0.08223584,1.39E-21,-0.000141706,-0.23937869,1.04E-23,-0.008172055,0.000376581,-0.002996224,-0.8337482,0.79877055,1.46E-19,-0.55447334,7.44E-08,4.24E-06,0.013191992,0.74337095,-3.69E-19,-0.2977429,-0.34219158
-4.77E-17,-0.5660733,-0.00038377,0.52771527,0.31271613,0.27763385,5.36E-23,-0.013427909,0.08655748,0.56263447,0.21517305,3.89E-16,-2.35E-20,-0.06347348,1.57E-21,-8.83E-05,-0.17019108,1.12E-23,-0.003912272,0.000305987,-0.001811454,-0.5506901,0.5286139,2.25E-19,-0.37559953,3.89E-08,3.53E-06,0.007581173,0.49516332,-1.39E-18,-0.20855145,-0.23818016
1.33E-17,-3.2355342,-0.002131269,2.998995,1.6725855,1.4676956,7.45E-23,-0.061077535,0.40980405,3.2124877,1.1052498,-3.43E-15,-4.95E-21,-0.29430518,1.67E-21,-0.000563576,-0.85156476,1.33E-23,-0.024774794,0.001535293,-0.00947795,-3.1321452,2.994063,7.49E-20,-2.0489757,3.32E-07,2.22E-05,0.04506185,2.7807264,1.29E-18,-1.0713925,-1.2426846
-2.36E-17,-1.243641,-0.000850176,1.1554291,0.6546184,0.5740232,5.88E-23,-0.022975754,0.1632404,1.2351897,0.4368194,-1.27E-15,-1.70E-20,-0.11732882,1.54E-21,-0.000207664,-0.33973387,1.15E-23,-0.010665166,0.000559241,-0.004010118,-1.2046613,1.153055,1.65E-19,-0.79644054,1.15E-07,7.11E-06,0.018177705,1.0725853,-4.52E-19,-0.4238726,-0.4886211
-1.37E-17,-0.5768019,-0.000421889,0.538137,0.30591464,0.26562858,4.76E-23,-0.007164462,0.07274975,0.5730869,0.20358413,-2.10E-15,-1.21E-20,-0.051130414,1.18E-21,-8.00E-05,-0.15924604,9.12E-24,-0.007333104,0.000115599,-0.00237878,-0.55769503,0.534544,1.12E-19,-0.36984256,4.27E-08,-3.40E-10,0.009680865,0.4967218,-1.47E-19,-0.19802405,-0.22707558
-8.27E-17,2.2871974,0.000932038,-2.103945,-1.1400144,-1.0234174,4.16E-23,0.063882634,-0.2984644,-2.268235,-0.74562395,8.93E-16,-3.76E-20,0.21968788,1.63E-21,0.000302456,0.5593155,1.06E-23,0.001241603,-0.000897221,0.002966906,2.2182183,-2.113591,3.41E-19,1.423966,-2.22E-07,-1.55E-05,-0.012074066,-1.9634912,-3.04E-18,0.71539426,0.8467262
-5.23E-17,1.7299116,0.000670428,-1.5900782,-0.86664855,-0.78196526,3.79E-23,0.05319791,-0.23400134,-1.7154932,-0.57031184,-9.97E-16,-2.54E-20,0.17378101,1.30E-21,0.000236885,0.4285126,8.88E-24,-0.001755125,-0.000799618,0.001749691,1.6798403,-1.6006306,2.35E-19,1.0823717,-1.73E-07,-1.42E-05,-0.007281834,-1.4890413,-1.75E-18,0.5466731,0.6468983
-4.59E-17,1.0432606,0.000224891,-0.95406646,-0.51121527,-0.46909526,4.43E-23,0.037989825,-0.14442256,-1.0338831,-0.3343772,-1.10E-15,-2.33E-20,0.10869068,1.40E-21,0.000108157,0.2464663,9.76E-24,-0.005882445,-0.000406457,-3.52E-05,1.0148171,-0.9649988,2.19E-19,0.6470226,-9.38E-08,-8.09E-06,0.001670003,-0.89853424,-1.38E-18,0.31818044,0.3820137
2.18E-18,-2.0738323,-0.001313867,1.9219917,1.0709928,0.9413696,5.73E-23,-0.039573554,0.2639493,2.0590122,0.7077126,-2.85E-15,-4.67E-21,-0.18961668,1.29E-21,-0.000337451,-0.54457825,1.03E-23,-0.01535789,0.000889279,-0.005963804,-2.0076513,1.9190042,6.84E-20,-1.3127704,1.96E-07,1.22E-05,0.027448867,1.7824876,8.68E-19,-0.685406,-0.7958621
7.96E-18,-2.586812,-0.00159331,2.3957908,1.3305404,1.1701598,6.12E-23,-0.051244684,0.32863408,2.568054,0.8781045,-3.09E-15,-2.01E-21,-0.23666817,1.33E-21,-0.00041805,-0.6746957,1.07E-23,-0.017692145,0.001133081,-0.007076964,-2.504037,2.3926969,5.12E-20,-1.6332893,2.46E-07,1.58E-05,0.032764204,2.2216215,1.21E-18,-0.8501119,-0.9881807
2.10E-18,-1.574336,-0.000949569,1.4592949,0.81470823,0.7186782,5.00E-23,-0.03184012,0.20430455,1.5630285,0.5394206,-2.70E-15,-3.36E-21,-0.14725727,1.07E-21,-0.000236686,-0.4147345,8.81E-24,-0.010729371,0.00059678,-0.004379563,-1.5247619,1.4576877,4.74E-20,-0.9987766,1.41E-07,7.61E-06,0.018938182,1.3549709,7.96E-19,-0.5217631,-0.6064371
-5.69E-18,-0.3018054,-0.000174736,0.28256875,0.16010259,0.13974524,3.91E-23,-0.003620792,0.038977124,0.29981327,0.10641894,-2.51E-15,-6.38E-21,-0.027250078,8.64E-22,-1.09E-05,-0.08295262,7.11E-24,-0.004033978,-0.000101224,-0.001305092,-0.29138324,0.27960542,5.78E-20,-0.1932537,6.94E-09,-3.50E-06,0.003581741,0.2597398,2.38E-19,-0.10304737,-0.118461415
-8.45E-18,-0.29047346,-0.000136255,0.27145106,0.15570569,0.1386009,3.71E-23,-0.005350355,0.041364282,0.2884708,0.10484512,-2.16E-15,-7.11E-21,-0.029531129,8.24E-22,-3.44E-06,-0.08142306,6.78E-24,-0.0027367,-0.000108565,-0.001046042,-0.28149676,0.27009052,6.12E-20,-0.18835226,3.54E-09,-3.42E-06,0.002180414,0.2521104,1.20E-19,-0.100840874,-0.11650594
-6.98E-18,-0.16766274,-4.47E-05,0.15745747,0.08989306,0.08018881,3.58E-23,-0.002466859,0.023835514,0.16649233,0.060274296,-2.30E-15,-6.67E-21,-0.016723327,7.84E-22,2.38E-05,-0.04670777,6.51E-24,-0.001981848,-0.000201967,-0.000699754,-0.1621922,0.15585726,5.57E-20,-0.10843642,-1.17E-08,-4.99E-06,0.000299504,0.14542645,1.26E-19,-0.0576973,-0.06676032
-1.77E-17,-0.5319278,-0.000243017,0.49359488,0.28015542,0.25102943,4.00E-23,-0.012822915,0.0760625,0.52811474,0.18819487,-1.42E-15,-9.88E-21,-0.055407748,9.64E-22,-4.21E-05,-0.14491892,7.56E-24,-0.002468264,6.14E-05,-0.001320149,-0.516542,0.49433333,9.56E-20,-0.34251648,2.29E-08,-5.52E-07,0.003765232,0.46149158,-1.82E-19,-0.18094175,-0.21055311
-1.38E-17,-0.43791595,-0.000195474,0.40681452,0.22628585,0.19965698,4.02E-23,-0.008510012,0.05764229,0.43477565,0.14987664,-2.00E-15,-7.59E-21,-0.04143944,9.45E-22,-2.28E-05,-0.11543743,7.47E-24,-0.003141284,-1.74E-05,-0.001257603,-0.42341888,0.4050303,8.09E-20,-0.27672055,1.03E-08,-2.22E-06,0.0034638,0.375988,5.31E-20,-0.1446194,-0.16795324
-2.38E-17,-1.2700727,-0.000707334,1.1760452,0.653567,0.57580614,5.02E-23,-0.027453959,0.16551685,1.2609091,0.4328378,-1.27E-15,-8.58E-21,-0.12017322,1.26E-21,-0.000180324,-0.33315712,9.44E-24,-0.007164542,0.000548108,-0.003169712,-1.2292484,1.1745864,1.19E-19,-0.80181026,9.48E-08,6.68E-06,0.014003154,1.0903248,3.63E-20,-0.4187578,-0.48652077
-3.10E-17,-0.3072702,-0.000150924,0.28681928,0.16698448,0.14797667,4.43E-23,-0.007120639,0.04626329,0.30534458,0.11403759,-8.41E-16,-1.42E-20,-0.03386625,1.18E-21,-1.74E-05,-0.0898608,8.77E-24,-0.002071141,3.97E-05,-0.000952528,-0.29795027,0.2859668,1.44E-19,-0.20089042,1.59E-09,-1.09E-06,0.002598092,0.26686817,-6.35E-19,-0.11028778,-0.12627563
-1.05E-17,-0.92158896,-0.00057192,0.85624725,0.48256505,0.424795,4.84E-23,-0.017849363,0.12170066,0.91522586,0.32110462,-2.05E-15,-8.35E-21,-0.087593235,1.14E-21,-0.000129934,-0.24842025,8.99E-24,-0.007261785,0.000308513,-0.002838284,-0.8924459,0.85415554,8.97E-20,-0.5886044,7.41E-08,3.07E-06,0.011514578,0.79439974,1.67E-19,-0.31098264,-0.3598662
-3.71E-17,0.45236832,0.000191184,-0.4129811,-0.21310659,-0.18960784,4.09E-23,0.012013079,-0.050615177,-0.44828886,-0.13479723,-6.02E-16,-1.89E-20,0.037106294,1.17E-21,8.49E-05,0.098580524,8.56E-24,-0.000301933,-0.000288464,0.000308106,0.43760353,-0.41519946,1.70E-19,0.27142617,-6.11E-08,-5.98E-06,-0.003110464,-0.3832969,-1.13E-18,0.12949206,0.15557331
-7.36E-17,2.1395268,0.000817799,-1.9662935,-1.061995,-0.9541898,3.92E-23,0.060611665,-0.27811313,-2.1216655,-0.69362354,6.99E-16,-3.30E-20,0.20498493,1.49E-21,0.000265753,0.5195223,9.77E-24,0.000226812,-0.000782963,0.002528312,2.0751934,-1.9764724,3.06E-19,1.3289096,-1.97E-07,-1.34E-05,-0.009807725,-1.8357826,-2.64E-18,0.66533554,0.78850555
-8.97E-17,3.3323767,0.00119996,-3.0638766,-1.6676037,-1.5048853,3.82E-23,0.100167215,-0.44910562,-3.3046496,-1.0961553,5.30E-16,-4.01E-20,0.3326681,1.67E-21,0.000386803,0.8230806,1.05E-23,-0.002253402,-0.001182522,0.003594748,3.2352176,-3.08273,3.77E-19,2.0829887,-2.92E-07,-1.98E-05,-0.011745755,-2.8674707,-3.30E-18,1.0502626,1.2434261
-7.25E-17,2.6152298,0.000907404,-2.40269,-1.3041536,-1.1780001,3.80E-23,0.07936281,-0.35111868,-2.5933266,-0.8559841,3.37E-17,-3.26E-20,0.26028928,1.49E-21,0.000300177,0.64143246,9.65E-24,-0.002737472,-0.000931119,0.002567346,2.5392861,-2.4187832,3.08E-19,1.6317998,-2.27E-07,-1.59E-05,-0.008287387,-2.2497106,-2.55E-18,0.8198395,0.972088
-1.45E-17,-0.29779756,-0.000435225,0.2835095,0.16503328,0.13181762,4.95E-23,0.006286266,0.026654564,0.296695,0.108569905,-2.63E-15,-1.17E-20,-0.015725974,1.26E-21,-7.71E-05,-0.08899903,9.60E-24,-0.01079715,9.07E-05,-0.002710223,-0.28426862,0.27436322,1.22E-19,-0.191651,3.03E-08,-5.93E-07,0.012928093,0.25208503,-3.64E-20,-0.10863709,-0.11938552
-6.91E-19,-1.2564987,-0.000783096,1.1658887,0.6494726,0.56944597,5.06E-23,-0.022727743,0.15886363,1.24755,0.42886105,-2.75E-15,-6.01E-21,-0.11371549,1.13E-21,-0.000183219,-0.33060592,9.12E-24,-0.010296332,0.00041496,-0.003831385,-1.2155637,1.1623319,6.68E-20,-0.7947576,1.08E-07,4.51E-06,0.016330471,1.0790013,5.42E-19,-0.41550726,-0.48170364
-2.06E-17,-0.648615,-0.000459272,0.60450625,0.34238452,0.2969994,5.18E-23,-0.008981129,0.08202189,0.6444235,0.227745,-1.79E-15,-1.43E-20,-0.058087658,1.34E-21,-9.17E-05,-0.17819402,1.01E-23,-0.007569162,0.000185956,-0.002512152,-0.6268677,0.60058606,1.41E-19,-0.41442254,4.62E-08,9.50E-07,0.010443974,0.5575008,-3.46E-19,-0.22169814,-0.25419316
-3.01E-17,0.23227185,0.0001955,-0.21231766,-0.10854879,-0.09300952,3.83E-23,0.004062674,-0.021129578,-0.2302805,-0.067418724,-9.24E-16,-1.56E-20,0.014982565,1.03E-21,8.62E-05,0.049792144,7.77E-24,0.001247079,-0.000308964,0.00041403,0.22375385,-0.21225607,1.39E-19,0.13758585,-5.57E-08,-6.45E-06,-0.004812546,-0.19474787,-8.46E-19,0.06580521,0.078129105
-2.16E-17,-0.610592,-0.000363944,0.568123,0.32408124,0.28608644,4.67E-23,-0.012529893,0.08430965,0.6064997,0.21759346,-1.36E-15,-1.20E-20,-0.061003223,1.18E-21,-7.43E-05,-0.16934825,9.00E-24,-0.004648031,0.000176196,-0.001901839,-0.5917523,0.5668928,1.22E-19,-0.3935335,3.85E-08,1.07E-06,0.007077259,0.52806485,-2.99E-19,-0.21063128,-0.24290991
-6.57E-18,-1.819093,-0.001182057,1.6868911,0.9353609,0.81614625,6.04E-23,-0.032354888,0.22526067,1.8062668,0.6159044,-2.69E-15,-5.10E-21,-0.16141178,1.43E-21,-0.000301689,-0.47512868,1.10E-23,-0.014944091,0.000835646,-0.005471711,-1.7582167,1.6806047,9.33E-20,-1.1452408,1.67E-07,1.08E-05,0.02568828,1.5576553,7.14E-19,-0.59799653,-0.69267225
1.87E-18,-2.6304688,-0.001715689,2.4378579,1.3494899,1.1782601,6.88E-23,-0.04744391,0.32455575,2.6117597,0.88768834,-3.27E-15,-1.93E-21,-0.23267396,1.58E-21,-0.000451931,-0.68375945,1.23E-23,-0.020925686,0.0012761,-0.007730249,-2.5428326,2.4299622,7.98E-20,-1.6543194,2.54E-07,1.75E-05,0.037250668,2.2522264,1.24E-18,-0.8616828,-0.9991543
-1.74E-18,-2.7201984,-0.001770789,2.520482,1.3924222,1.2141535,7.08E-23,-0.048405122,0.33295578,2.700779,0.91493016,-3.17E-15,-3.25E-21,-0.23853624,1.67E-21,-0.00046683,-0.7048104,1.28E-23,-0.021802109,0.001325183,-0.007975574,-2.6288536,2.5117505,9.63E-20,-1.7073872,2.60E-07,1.81E-05,0.038809024,2.3269074,1.15E-18,-0.8883567,-1.0299115
1.58E-19,-2.521654,-0.001604922,2.3359156,1.2901616,1.1268996,6.56E-23,-0.045666195,0.30998725,2.503487,0.847956,-3.15E-15,-3.49E-21,-0.2221837,1.52E-21,-0.000418312,-0.6526049,1.17E-23,-0.01958166,0.001151405,-0.007260316,-2.4376159,2.3287945,8.32E-20,-1.582921,2.36E-07,1.55E-05,0.034760427,2.158091,1.08E-18,-0.82263786,-0.9545082
-3.86E-18,-2.108733,-0.001350977,1.9538356,1.0746266,0.9345507,6.30E-23,-0.035645783,0.25339478,2.0935476,0.704148,-3.12E-15,-4.83E-21,-0.18089792,1.49E-21,-0.000343142,-0.5423742,1.14E-23,-0.017741755,0.000919646,-0.006285143,-2.0365157,1.9453722,9.37E-20,-1.3181208,1.90E-07,1.17E-05,0.03004769,1.8004074,8.70E-19,-0.68386155,-0.792667
-3.53E-18,-1.8633535,-0.001137341,1.7259934,0.9525316,0.8331377,5.67E-23,-0.034359444,0.23022583,1.8498149,0.62613374,-2.78E-15,-4.87E-21,-0.16513819,1.31E-21,-0.000286503,-0.48154822,1.02E-23,-0.013984792,0.000753558,-0.005263032,-1.8013417,1.7208453,8.00E-20,-1.1691158,1.63E-07,9.46E-06,0.024204139,1.594824,7.42E-19,-0.60691077,-0.70465326
-8.39E-18,-1.8656391,-0.001166899,1.7289034,0.95956177,0.84038174,5.89E-23,-0.035107624,0.23431247,1.8522717,0.63291436,-2.38E-15,-7.24E-21,-0.16837765,1.40E-21,-0.000297695,-0.4876782,1.08E-23,-0.013978852,0.000812464,-0.00533851,-1.8045295,1.7245351,1.01E-19,-1.1759915,1.68E-07,1.06E-05,0.02472352,1.5996921,5.22E-19,-0.61357266,-0.7116126
-2.69E-17,-1.048893,-0.000653571,0.97345597,0.548685,0.48231247,5.32E-23,-0.020951305,0.1386692,1.0416247,0.36581835,-1.08E-15,-1.46E-20,-0.10019007,1.40E-21,-0.000157613,-0.2837928,1.04E-23,-0.007687041,0.000442797,-0.003077963,-1.0158339,0.9718202,1.53E-19,-0.6690619,8.37E-08,5.20E-06,0.013522703,0.903513,-4.17E-19,-0.35449207,-0.4095502
-9.78E-18,-2.2726362,-0.001432668,2.1061285,1.1798435,1.0397238,6.32E-23,-0.046626654,0.29642838,2.256464,0.78303766,-1.83E-15,-9.87E-21,-0.21415257,1.52E-21,-0.000378605,-0.6036516,1.17E-23,-0.015261343,0.001077721,-0.006290973,-2.2017741,2.1049967,1.17E-19,-1.4448264,2.19E-07,1.53E-05,0.029219724,1.9571478,3.79E-19,-0.758122,-0.8795752
-2.02E-17,-1.8711175,-0.001164515,1.7341028,0.97270906,0.8572332,6.05E-23,-0.038806107,0.24552044,1.8578264,0.6465103,-1.26E-15,-1.33E-20,-0.17759475,1.53E-21,-0.000304122,-0.4990751,1.15E-23,-0.012339283,0.000878163,-0.005142129,-1.8128796,1.7332773,1.46E-19,-1.1903529,1.72E-07,1.22E-05,0.023711946,1.6116488,-7.59E-20,-0.6259076,-0.72561085
8.23E-18,-2.422206,-0.001536098,2.2447176,1.2507055,1.0993397,6.20E-23,-0.04673007,0.30830985,2.4047923,0.8264731,-3.08E-15,-4.76E-21,-0.2216158,1.37E-21,-0.000397309,-0.63605803,1.10E-23,-0.017748404,0.001043794,-0.006925216,-2.3450618,2.2414796,6.28E-20,-1.5331606,2.36E-07,1.45E-05,0.031877335,2.0820444,1.00E-18,-0.8004154,-0.9292779
-5.13E-17,0.5692989,0.000222872,-0.521014,-0.2706948,-0.24187775,4.33E-23,0.015453263,-0.06606706,-0.5641791,-0.17192268,1.17E-16,-2.47E-20,0.048431866,1.36E-21,9.17E-05,0.12580113,9.52E-24,-0.000258472,-0.00027912,0.000463656,0.55076385,-0.5231754,2.24E-19,0.3437642,-7.22E-08,-5.74E-06,-0.00297907,-0.48349977,-1.68E-18,0.16483821,0.19795704
-4.62E-17,1.4128969,0.000562814,-1.2985619,-0.7076337,-0.6382663,3.76E-23,0.043561317,-0.19094843,-1.4011173,-0.46561065,-1.09E-15,-2.31E-20,0.14188218,1.23E-21,0.000203281,0.3498198,8.56E-24,-0.001474907,-0.000703048,0.001413151,1.3719078,-1.3071649,2.11E-19,0.88383377,-1.48E-07,-1.27E-05,-0.006345016,-1.2158759,-1.53E-18,0.44642162,0.5282266
-7.94E-17,2.712892,0.000989732,-2.4937973,-1.354959,-1.2225021,3.96E-23,0.080867395,-0.36335126,-2.6902785,-0.88931084,2.75E-16,-3.61E-20,0.26891735,1.59E-21,0.000325674,0.66679054,1.02E-23,-0.001747364,-0.001006231,0.002911566,2.6335866,-2.5091517,3.33E-19,1.6938181,-2.43E-07,-1.72E-05,-0.010125265,-2.3335578,-2.86E-18,0.85201615,1.0095665
-3.52E-17,1.0044652,0.000294974,-0.9203163,-0.49842113,-0.45440897,3.90E-23,0.03577388,-0.14005896,-0.9956953,-0.32808074,-1.72E-15,-1.88E-20,0.10539515,1.18E-21,0.000129485,0.24453078,8.43E-24,-0.004468294,-0.000509937,0.000265655,0.9767134,-0.9296171,1.75E-19,0.6266495,-1.01E-07,-9.72E-06,-0.000747369,-0.8654914,-9.96E-19,0.31329322,0.37319177
-1.11E-17,-1.0304757,-0.000727554,0.95808756,0.54093224,0.47306594,4.86E-23,-0.01700955,0.13212976,1.0234957,0.35966867,-2.10E-15,-9.08E-21,-0.09419739,1.16E-21,-0.000172704,-0.27930173,9.08E-24,-0.010010867,0.000414831,-0.003546722,-0.9972883,0.9546189,9.46E-20,-0.6580255,9.51E-08,4.89E-06,0.016104702,0.8872963,2.01E-19,-0.34906292,-0.4026164
2.88E-18,-2.5091949,-0.00147775,2.322869,1.2953231,1.1459459,5.70E-23,-0.054446504,0.32861316,2.4909213,0.85810274,-2.39E-15,-2.44E-21,-0.23804663,1.23E-21,-0.000395004,-0.65845215,9.97E-24,-0.014323119,0.001112262,-0.006365446,-2.4315996,2.3236122,5.30E-20,-1.5911379,2.34E-07,1.59E-05,0.028818702,2.1606603,1.02E-18,-0.8293082,-0.9655668
3.85E-18,-1.7702565,-0.001047928,1.640127,0.9144798,0.8075544,5.13E-23,-0.036721855,0.2301425,1.7574234,0.6052812,-2.70E-15,-2.99E-21,-0.16614255,1.09E-21,-0.000265403,-0.46485516,8.99E-24,-0.01133154,0.000683785,-0.004755523,-1.7147611,1.63902,4.52E-20,-1.1221592,1.59E-07,8.99E-06,0.020613149,1.5235674,8.60E-19,-0.5851859,-0.6807351
-3.97E-18,-0.9746752,-0.000493386,0.9030003,0.50589055,0.45102832,4.14E-23,-0.022544272,0.13262485,0.9674852,0.33658966,-2.15E-15,-5.27E-21,-0.09630106,8.87E-22,-0.000109852,-0.2579188,7.36E-24,-0.004838044,0.000226533,-0.002383239,-0.94541895,0.90386003,5.16E-20,-0.62116045,6.91E-08,1.97E-06,0.008382242,0.8419519,3.88E-19,-0.32416135,-0.37810186
-1.92E-17,0.2778107,0.000119021,-0.252999,-0.13520004,-0.12302552,3.67E-23,0.010996497,-0.03762456,-0.27529973,-0.08840428,-1.94E-15,-1.20E-20,0.028796662,9.36E-22,7.24E-05,0.06537025,7.23E-24,-0.0020754,-0.000339922,-0.000146072,0.27023822,-0.25660008,1.05E-19,0.17155904,-5.00E-08,-7.11E-06,-0.001210202,-0.23844773,-3.93E-19,0.08469699,0.101343654
-9.71E-18,-0.42912135,-0.00020167,0.3990788,0.22674383,0.202552,3.79E-23,-0.009196939,0.06038951,0.4260552,0.15207842,-1.99E-15,-7.72E-21,-0.04354431,8.52E-22,-2.44E-05,-0.11731431,6.95E-24,-0.002873774,-3.87E-05,-0.001258819,-0.4163819,0.39875084,6.65E-20,-0.27644828,1.60E-08,-2.24E-06,0.003229945,0.37217388,7.12E-20,-0.14624274,-0.16987202
-2.69E-17,0.4932962,0.000175563,-0.4509458,-0.24144764,-0.21923567,3.75E-23,0.017441351,-0.06611903,-0.4889329,-0.15761979,-1.59E-15,-1.50E-20,0.04984595,1.03E-21,8.80E-05,0.116804495,7.68E-24,-0.002339728,-0.000370644,4.88E-05,0.47931147,-0.4556802,1.34E-19,0.3050455,-6.45E-08,-7.50E-06,-0.001358417,-0.423441,-6.89E-19,0.15080738,0.1801554
-1.14E-17,-1.0610635,-0.00053902,0.9823274,0.5479795,0.48705575,4.29E-23,-0.024516437,0.14253175,1.0532283,0.36398712,-1.78E-15,-6.24E-21,-0.10364979,9.74E-22,-0.000127024,-0.27911368,7.78E-24,-0.005064678,0.000316428,-0.002504993,-1.0285072,0.982876,7.19E-20,-0.6732145,7.40E-08,3.29E-06,0.009558016,0.9144023,2.61E-19,-0.35090417,-0.40905467
-2.44E-17,-0.41660723,-0.000192178,0.38732457,0.21990567,0.19510393,4.23E-23,-0.009498021,0.05898251,0.41373122,0.14790224,-1.23E-15,-1.14E-20,-0.042979386,1.07E-21,-2.76E-05,-0.114925,8.16E-24,-0.002423972,4.59E-05,-0.001134184,-0.4036638,0.38653973,1.17E-19,-0.26743177,1.02E-08,-1.05E-06,0.003241766,0.35991812,-3.49E-19,-0.14271685,-0.16494372
-1.54E-17,-1.0511153,-0.00057938,0.9740552,0.5432506,0.47961694,4.70E-23,-0.022375152,0.13819855,1.0435196,0.36030766,-1.71E-15,-8.20E-21,-0.100077264,1.12E-21,-0.00013681,-0.277351,8.72E-24,-0.006339293,0.000356317,-0.002745138,-1.0178057,0.97291684,9.58E-20,-0.66585207,7.62E-08,3.75E-06,0.011179898,0.90399796,1.14E-19,-0.3482545,-0.40461102
-3.13E-17,0.19252822,0.000143827,-0.17478006,-0.084568605,-0.07199618,3.99E-23,0.00302279,-0.014360499,-0.19073023,-0.05036549,-7.32E-16,-1.65E-20,0.009970798,1.08E-21,6.98E-05,0.035846736,8.11E-24,0.000775636,-0.000248403,0.000221437,0.1849571,-0.1747284,1.45E-19,0.10962693,-4.56E-08,-5.41E-06,-0.003701534,-0.15933797,-9.16E-19,0.049094625,0.059535228
-1.21E-17,-0.1464962,-0.000204517,0.14119399,0.0841265,0.06678054,4.44E-23,0.004476998,0.01338433,0.14605562,0.05579352,-2.44E-15,-1.11E-20,-0.007444091,1.10E-21,-1.40E-05,-0.04639525,8.53E-24,-0.006461575,-0.000102213,-0.001615005,-0.13954675,0.1353749,1.02E-19,-0.09600057,2.32E-09,-3.58E-06,0.006105472,0.1245645,-1.17E-19,-0.055784643,-0.060595028
-3.13E-17,0.940654,0.00015072,-0.8591812,-0.4654485,-0.4317123,4.33E-23,0.038954444,-0.1392855,-0.9321371,-0.30804875,-2.05E-15,-1.91E-20,0.106117174,1.29E-21,9.25E-05,0.22756524,9.24E-24,-0.007917516,-0.000425366,-0.00050929,0.91696703,-0.8719955,1.80E-19,0.5888802,-8.13E-08,-8.56E-06,0.00386883,-0.8140949,-9.29E-19,0.29238743,0.35114366
-8.89E-17,3.4019916,0.001179926,-3.1268568,-1.7001748,-1.53552,3.74E-23,0.10306889,-0.4588373,-3.3736002,-1.1171998,5.68E-16,-3.94E-20,0.34009492,1.65E-21,0.000379178,0.83820915,1.03E-23,-0.003067373,-0.00115446,0.003488098,3.3030891,-3.14696,3.73E-19,2.1252086,-2.89E-07,-1.92E-05,-0.010637175,-2.9272933,-3.26E-18,1.0700984,1.2677698
-6.33E-17,2.493069,0.000788063,-2.289128,-1.2462773,-1.1316934,4.12E-23,0.081339166,-0.344304,-2.4719448,-0.82115614,-1.10E-15,-3.06E-20,0.25677958,1.53E-21,0.000279891,0.61483836,1.01E-23,-0.006006343,-0.000941225,0.00180992,2.4229841,-2.307965,2.91E-19,1.5604144,-2.16E-07,-1.65E-05,-0.004653429,-2.1490684,-2.16E-18,0.78508854,0.93204105
-1.54E-17,0.24213731,-0.000208894,-0.21378003,-0.1088814,-0.11403327,4.64E-23,0.02174598,-0.04684601,-0.23896478,-0.07274157,-2.85E-15,-1.26E-20,0.038626913,1.21E-21,-7.49E-06,0.048577983,9.17E-24,-0.010474834,-0.000144861,-0.001954032,0.23988687,-0.22553667,1.26E-19,0.14827996,-1.45E-08,-4.28E-06,0.009842228,-0.2130805,-1.53E-19,0.06561824,0.08545593
2.20E-17,-2.11948,-0.00150981,1.9680148,1.0907049,0.9462503,6.47E-23,-0.030890312,0.2528095,2.104672,0.715441,-4.72E-15,-1.28E-21,-0.1786985,1.38E-21,-0.000370731,-0.5525741,1.13E-23,-0.021985065,0.000867943,-0.007308965,-2.0471163,1.9573969,3.40E-20,-1.3332454,2.18E-07,1.10E-05,0.034307946,1.8131688,1.51E-18,-0.69581413,-0.8044789
9.66E-19,-1.010757,-0.000643408,0.93897206,0.52380925,0.4582316,4.85E-23,-0.01687134,0.12673888,1.0036303,0.3457243,-2.90E-15,-6.21E-21,-0.09023069,1.08E-21,-0.000140337,-0.26694426,8.74E-24,-0.00933792,0.000265129,-0.003317736,-0.9774461,0.93503404,6.13E-20,-0.63986087,8.45E-08,2.13E-06,0.013603129,0.8678711,5.03E-19,-0.3351522,-0.38797277
-8.28E-18,-0.58433527,-0.000376486,0.5443828,0.30612153,0.2668707,4.52E-23,-0.008656221,0.073893845,0.58036906,0.20283453,-2.35E-15,-8.73E-21,-0.05231232,1.06E-21,-6.82E-05,-0.15763612,8.40E-24,-0.006362275,7.99E-05,-0.002158837,-0.5647485,0.540897,8.35E-20,-0.3718382,3.90E-08,-6.86E-07,0.008110186,0.50211644,1.12E-19,-0.19683327,-0.22677785
-1.18E-17,-0.7611024,-0.000420413,0.70638007,0.39413357,0.34691975,4.45E-23,-0.014912746,0.0990423,0.7556632,0.26113892,-2.04E-15,-7.75E-21,-0.07129312,1.04E-21,-8.67E-05,-0.20138563,8.23E-24,-0.00552437,0.00017411,-0.002193104,-0.7364353,0.7043071,8.40E-20,-0.48207098,4.86E-08,8.09E-07,0.008233471,0.654086,1.41E-19,-0.25254995,-0.29291642
-9.75E-19,-1.7862623,-0.00113303,1.6560119,0.91731364,0.80182654,5.73E-23,-0.032296997,0.22171965,1.773529,0.6037651,-2.94E-15,-3.56E-21,-0.15889814,1.30E-21,-0.000285854,-0.46501067,1.03E-23,-0.014227665,0.00075946,-0.005274715,-1.7268516,1.6504282,7.09E-20,-1.12419,1.62E-07,9.64E-06,0.02425355,1.5300686,8.58E-19,-0.5856863,-0.6792506
6.78E-18,-2.5724895,-0.001696341,2.3844755,1.3172936,1.1476965,6.86E-23,-0.044153415,0.3129251,2.554145,0.8649147,-3.70E-15,-2.06E-21,-0.22355574,1.56E-21,-0.000439133,-0.6663277,1.22E-23,-0.02175022,0.001187822,-0.0077834,-2.4858027,2.3753304,7.19E-20,-1.6147116,2.49E-07,1.60E-05,0.03737074,2.2004273,1.31E-18,-0.8399405,-0.9735416
7.88E-18,-3.299638,-0.00214578,3.0567613,1.6892824,1.4749297,7.58E-23,-0.059410915,0.40496856,3.275954,1.1101922,-3.71E-15,-1.29E-21,-0.29017904,1.73E-21,-0.000569658,-0.8545214,1.34E-23,-0.02597801,0.00159727,-0.009585127,-3.1898003,3.0475461,7.86E-20,-2.0723937,3.24E-07,2.24E-05,0.046701394,2.8243136,1.54E-18,-1.0774401,-1.2499386
7.41E-18,-3.5434558,-0.002299141,3.2819834,1.8109674,1.5800401,7.89E-23,-0.063334666,0.43248403,3.5179262,1.1891534,-3.79E-15,-1.65E-21,-0.30975795,1.83E-21,-0.000611669,-0.9151485,1.40E-23,-0.027934056,0.001718468,-0.010251227,-3.4249606,3.2717774,8.72E-20,-2.222393,3.47E-07,2.41E-05,0.050305948,3.031197,1.58E-18,-1.154188,-1.3390406
1.95E-18,-2.689544,-0.001724896,2.49132,1.3724613,1.1961823,6.89E-23,-0.047085352,0.32620856,2.6701155,0.90033394,-3.42E-15,-3.56E-21,-0.2333138,1.60E-21,-0.00044821,-0.6929563,1.23E-23,-0.021684807,0.001222252,-0.007851395,-2.5987844,2.4824455,8.76E-20,-1.684195,2.53E-07,1.64E-05,0.03789906,2.2989554,1.16E-18,-0.8739105,-1.0136892
2.93E-19,-2.7115304,-0.001694843,2.5107808,1.3847272,1.2103238,6.68E-23,-0.049902275,0.33324352,2.6918182,0.9097003,-3.12E-15,-3.85E-21,-0.23904812,1.55E-21,-0.000443441,-0.6995293,1.19E-23,-0.020294402,0.001221204,-0.007616235,-2.6213427,2.5038388,8.67E-20,-1.7002709,2.52E-07,1.66E-05,0.036483686,2.3201911,1.09E-18,-0.8821431,-1.024232
-4.08E-19,-2.20988,-0.001358973,2.0467758,1.1326057,0.9927597,5.98E-23,-0.042078406,0.27621964,2.1938498,0.7457927,-2.84E-15,-4.11E-21,-0.19851586,1.36E-21,-0.000350718,-0.57342994,1.07E-23,-0.015928786,0.000947793,-0.006149181,-2.1375093,2.0421674,7.52E-20,-1.3901794,2.01E-07,1.26E-05,0.028570808,1.8940401,9.03E-19,-0.72260904,-0.8393117
9.62E-19,-2.3500683,-0.001474705,2.1771898,1.2079682,1.0591737,6.25E-23,-0.044599194,0.29512557,2.3331165,0.7964436,-2.87E-15,-5.18E-21,-0.2120496,1.43E-21,-0.000382046,-0.61289686,1.12E-23,-0.017296556,0.001031142,-0.006654572,-2.273708,2.1726851,8.07E-20,-1.4815972,2.21E-07,1.40E-05,0.031060185,2.0159943,8.88E-19,-0.7717798,-0.8959154
-6.15E-18,-1.9237676,-0.001178238,1.7822443,0.99088967,0.8705321,5.77E-23,-0.03758975,0.24463272,1.9098604,0.6545975,-2.32E-15,-7.87E-21,-0.17609367,1.36E-21,-0.000300222,-0.50391936,1.05E-23,-0.013556327,0.000800595,-0.005351935,-1.8619658,1.7793707,9.55E-20,-1.2149997,1.74E-07,1.06E-05,0.024393233,1.651946,4.93E-19,-0.63386583,-0.73585296
1.24E-17,-2.8069437,-0.001746483,2.5997636,1.4433281,1.2684859,6.39E-23,-0.05472196,0.35493454,2.7865684,0.95205384,-3.37E-15,-2.04E-21,-0.25529534,1.38E-21,-0.000457623,-0.7316028,1.11E-23,-0.019738361,0.001223075,-0.00777872,-2.7169492,2.5961092,4.78E-20,-1.7716322,2.71E-07,1.72E-05,0.036168434,2.4102564,1.32E-18,-0.92186266,-1.0713738
-1.25E-17,-1.6356249,-0.000972122,1.5151594,0.8444096,0.7436676,5.44E-23,-0.03327364,0.21124923,1.6237717,0.55915284,-1.84E-15,-9.98E-21,-0.15247165,1.31E-21,-0.000244593,-0.4305757,1.01E-23,-0.010762849,0.000653047,-0.004420668,-1.583831,1.5136677,1.09E-19,-1.0351758,1.41E-07,8.40E-06,0.01967009,1.4061842,1.82E-19,-0.54098344,-0.62812793
-1.11E-17,-0.8877985,-0.000507458,0.8235272,0.46033973,0.4057624,4.52E-23,-0.01724384,0.11549541,0.88142085,0.30522382,-2.02E-15,-9.00E-21,-0.08301533,1.07E-21,-0.000110131,-0.23525655,8.41E-24,-0.006465378,0.000224968,-0.002561933,-0.85964626,0.82201076,8.90E-20,-0.5633165,6.33E-08,1.74E-06,0.010115329,0.7640316,9.33E-20,-0.29505348,-0.34238532
-4.10E-17,0.5408085,0.000166914,-0.49410683,-0.26046693,-0.23644577,4.11E-23,0.018010512,-0.069202326,-0.5358985,-0.16794404,-6.71E-16,-2.00E-20,0.051729143,1.23E-21,7.98E-05,0.123124525,8.77E-24,-0.002151683,-0.000284908,9.87E-05,0.52492946,-0.4986843,1.87E-19,0.3309221,-6.56E-08,-5.99E-06,-0.000866651,-0.46274287,-1.21E-18,0.16040654,0.19288489
-2.93E-17,0.78521913,0.000292894,-0.7198463,-0.39038754,-0.3534939,3.65E-23,0.02645756,-0.10699103,-0.77850527,-0.2567057,-1.69E-15,-1.59E-20,0.08022772,1.04E-21,0.000124326,0.19213423,7.65E-24,-0.002417626,-0.000486865,0.000420467,0.76298785,-0.7263041,1.46E-19,0.4897035,-9.06E-08,-9.33E-06,-0.002679537,-0.6756044,-7.98E-19,0.24592654,0.2919045
-2.64E-17,0.35489455,3.57E-05,-0.32152689,-0.16545932,-0.1530541,3.94E-23,0.015030333,-0.046963245,-0.3513779,-0.1060244,-1.50E-15,-1.47E-20,0.036071807,1.06E-21,4.62E-05,0.076036066,7.98E-24,-0.003951687,-0.000232129,-0.000518721,0.34519136,-0.32685876,1.34E-19,0.21403787,-4.06E-08,-5.18E-06,0.001862283,-0.30329812,-6.21E-19,0.10050739,0.12290429
-3.64E-18,-1.3108455,-0.000777976,1.215108,0.6805463,0.60192394,4.71E-23,-0.026696749,0.17220062,1.3014779,0.45149344,-2.36E-15,-5.83E-21,-0.12411176,1.05E-21,-0.000188856,-0.3470339,8.50E-24,-0.008773034,0.000457295,-0.003643112,-1.2703625,1.2146258,6.54E-20,-0.8341497,1.11E-07,5.61E-06,0.015351677,1.1301328,4.92E-19,-0.4363274,-0.5074075
9.01E-18,-2.6049802,-0.001574661,2.412346,1.3443332,1.1868308,5.89E-23,-0.054487504,0.33768618,2.5860758,0.8895462,-2.86E-15,-1.34E-21,-0.24399406,1.25E-21,-0.000417474,-0.6830059,1.02E-23,-0.01624522,0.001146831,-0.006879,-2.5235615,2.4116569,4.05E-20,-1.6505222,2.49E-07,1.63E-05,0.031348612,2.2416584,1.22E-18,-0.8602855,-1.0009116
6.97E-18,-2.3312688,-0.001400125,2.1592195,1.2049195,1.0647811,5.64E-23,-0.04929989,0.30417413,2.3143957,0.7979986,-2.74E-15,-1.70E-21,-0.21993071,1.19E-21,-0.000368732,-0.6127302,9.79E-24,-0.014330248,0.001008812,-0.006145055,-2.258789,2.158883,4.17E-20,-1.4790294,2.20E-07,1.42E-05,0.027579444,2.0073287,1.10E-18,-0.7715675,-0.89776546
-1.27E-17,-0.4889035,-0.000369513,0.45665747,0.26142842,0.22763528,4.48E-23,-0.005282977,0.062237293,0.4859081,0.17426652,-2.21E-15,-1.08E-20,-0.04344989,1.10E-21,-6.66E-05,-0.13614962,8.58E-24,-0.006707106,7.51E-05,-0.0021493,-0.47307372,0.45372915,1.02E-19,-0.315734,3.29E-08,-4.66E-07,0.008600984,0.4223796,-6.06E-20,-0.16945322,-0.19452119
-3.30E-17,0.6025344,0.000270847,-0.5528224,-0.29870355,-0.26874343,3.83E-23,0.01943444,-0.079762734,-0.5973655,-0.19559768,-1.41E-15,-1.78E-20,0.05961491,1.11E-21,0.000116713,0.14642878,8.10E-24,-0.001211026,-0.000450356,0.000439431,0.5847372,-0.55669737,1.60E-19,0.3743515,-8.40E-08,-8.79E-06,-0.003479583,-0.51700586,-9.61E-19,0.18773775,0.2225151
-7.28E-17,2.42332,0.000950792,-2.2295454,-1.2175695,-1.0978986,3.92E-23,0.072818115,-0.32846966,-2.4032662,-0.80176485,-2.04E-16,-3.44E-20,0.24336088,1.54E-21,0.000317069,0.6030319,1.00E-23,-0.001090145,-0.001020316,0.002778272,2.3525753,-2.2424626,3.14E-19,1.518338,-2.34E-07,-1.77E-05,-0.010555226,-2.0861838,-2.66E-18,0.76853883,0.9086049
-4.29E-17,0.91139024,0.000344447,-0.8362778,-0.45047367,-0.40645376,3.94E-23,0.028701983,-0.12054416,-0.9035614,-0.29433453,-9.39E-16,-2.16E-20,0.08974366,1.22E-21,0.000136706,0.21958722,8.67E-24,-0.001713064,-0.000487988,0.000686828,0.8844904,-0.8420103,1.96E-19,0.56543213,-1.03E-07,-9.25E-06,-0.003513034,-0.78218055,-1.34E-18,0.28197044,0.33510223
-5.58E-17,1.5267364,0.000601349,-1.4029733,-0.7597901,-0.68376756,3.90E-23,0.044893425,-0.20124626,-1.5139619,-0.49738774,-3.65E-16,-2.66E-20,0.14885333,1.33E-21,0.000209443,0.37266317,9.10E-24,-0.000671869,-0.000677399,0.001657254,1.4814258,-1.4110963,2.42E-19,0.95048153,-1.53E-07,-1.21E-05,-0.007137703,-1.3112891,-1.91E-18,0.4769748,0.56519663
-1.43E-17,-0.7918802,-0.000392917,0.7338143,0.41048843,0.36461917,4.24E-23,-0.017917838,0.10700257,0.7860731,0.27314252,-1.69E-15,-8.33E-21,-0.07769943,9.96E-22,-8.28E-05,-0.20996724,7.85E-24,-0.004136344,0.000176011,-0.001962305,-0.7674813,0.73371977,8.56E-20,-0.5032957,4.76E-08,1.03E-06,0.006898592,0.68268746,3.97E-20,-0.26331344,-0.3064317
-1.97E-17,-0.2457926,-9.17E-05,0.22972478,0.134244,0.120545514,4.02E-23,-0.005757018,0.038153477,0.24414644,0.091826916,-1.43E-15,-1.18E-20,-0.027739756,9.96E-22,5.39E-06,-0.07187897,7.74E-24,-0.001655138,-9.20E-05,-0.000781588,-0.23881382,0.22933455,1.06E-19,-0.16174367,-4.43E-09,-3.12E-06,0.001001282,0.21477666,-3.66E-19,-0.088195615,-0.101527214
2.37E-18,-0.8740824,-0.000551214,0.8120702,0.44792134,0.3887613,4.70E-23,-0.012234876,0.10385259,0.8678121,0.29328007,-3.19E-15,-6.09E-21,-0.073116004,1.04E-21,-0.000108985,-0.226365,8.45E-24,-0.00923615,0.000140083,-0.003034063,-0.8436824,0.8066803,5.75E-20,-0.54754514,6.61E-08,-1.03E-07,0.01222734,0.74673223,5.19E-19,-0.28466144,-0.32928863
-1.41E-17,-0.21869966,-0.000244545,0.20815223,0.12389594,0.10317314,4.54E-23,0.001602138,0.025808506,0.21773931,0.083429515,-2.13E-15,-1.18E-20,-0.016876418,1.13E-21,-2.89E-05,-0.06791053,8.74E-24,-0.006268834,-3.50E-05,-0.001708341,-0.21014161,0.20306993,1.09E-19,-0.14430341,1.18E-08,-2.40E-06,0.006547472,0.18828899,-2.00E-19,-0.08230983,-0.091295056
-3.60E-17,1.2964125,0.000303861,-1.1868638,-0.64302313,-0.5892566,4.07E-23,0.047603056,-0.1840052,-1.2850127,-0.42411974,-1.79E-15,-1.99E-20,0.1387384,1.25E-21,0.000133054,0.31555375,8.91E-24,-0.006881913,-0.000525897,0.000114692,1.2614491,-1.2002939,1.90E-19,0.8095664,-1.10E-07,-9.90E-06,0.001412153,-1.1184609,-1.10E-18,0.40418798,0.4824484
-5.85E-17,2.243499,0.000768612,-2.061233,-1.1256092,-1.020813,4.00E-23,0.07268448,-0.310665,-2.2246394,-0.74276316,-1.27E-15,-2.89E-20,0.23161364,1.45E-21,0.000273768,0.5573364,9.70E-24,-0.004635364,-0.000937478,0.001828996,2.18029,-2.077418,2.71E-19,1.4070024,-2.07E-07,-1.65E-05,-0.005835685,-1.9345555,-2.00E-18,0.7106538,0.8422859
-6.97E-17,2.9419045,0.000997858,-2.7031772,-1.4740744,-1.3348645,3.77E-23,0.09287363,-0.40348938,-2.917279,-0.97132236,-8.19E-16,-3.24E-20,0.30014336,1.50E-21,0.000338284,0.7289816,9.70E-24,-0.004794681,-0.00110522,0.002633348,2.8582346,-2.7232559,3.08E-19,1.8425803,-2.56E-07,-1.89E-05,-0.007907599,-2.535119,-2.43E-18,0.92973995,1.1017001
-2.06E-17,0.52948004,-7.21E-05,-0.478925,-0.25568688,-0.24593438,4.75E-23,0.030052759,-0.086408086,-0.5240052,-0.17009875,-2.96E-15,-1.54E-20,0.06783845,1.30E-21,3.85E-05,0.12240352,9.66E-24,-0.010236513,-0.000297748,-0.001518663,0.51890635,-0.49189347,1.49E-19,0.330058,-4.55E-08,-6.87E-06,0.007824725,-0.4611532,-3.78E-19,0.15905382,0.19527715
1.05E-18,-0.6684933,-0.000597009,0.6251265,0.3503856,0.29747745,4.89E-23,-0.002506651,0.07335718,0.66438586,0.22934309,-3.47E-15,-7.02E-21,-0.049548965,1.13E-21,-0.000118567,-0.17971866,9.03E-24,-0.012010749,0.000156187,-0.003408415,-0.64365625,0.6169838,7.09E-20,-0.4227064,6.33E-08,3.27E-07,0.015342958,0.5704408,5.14E-19,-0.2246703,-0.25651723
6.46E-18,-0.8321729,-0.000657214,0.7757794,0.43107986,0.36935705,4.88E-23,-0.006857145,0.0938377,0.8266766,0.2817317,-3.67E-15,-5.03E-21,-0.06456324,1.08E-21,-0.000136033,-0.2190576,8.80E-24,-0.012219993,0.000197399,-0.003636457,-0.8021048,0.7679303,5.17E-20,-0.5235311,7.74E-08,8.84E-07,0.016091505,0.7102796,7.08E-19,-0.2749864,-0.31598812
-7.27E-18,-0.24206293,-0.000148912,0.22719784,0.1288804,0.11166039,3.82E-23,-0.001747096,0.030079458,0.24052353,0.085438386,-2.41E-15,-7.03E-21,-0.02061091,8.60E-22,-4.88E-06,-0.06683937,7.01E-24,-0.003945476,-0.000120347,-0.001197994,-0.23344553,0.22418052,6.34E-20,-0.15496346,1.93E-09,-3.73E-06,0.003366052,0.20811853,1.50E-19,-0.082848325,-0.094937295
-5.31E-18,-0.64143217,-0.000389623,0.5965245,0.33330905,0.29189467,4.20E-23,-0.010595671,0.08131915,0.63694996,0.22028154,-2.41E-15,-5.78E-21,-0.057840373,9.37E-22,-7.65E-05,-0.17013147,7.60E-24,-0.006009874,0.000112719,-0.002143853,-0.62016535,0.5935249,6.18E-20,-0.4066235,4.38E-08,-6.51E-08,0.00817018,0.55100256,3.22E-19,-0.21332751,-0.2469593
2.59E-18,-1.6938906,-0.001046896,1.5700614,0.8701601,0.76251316,5.41E-23,-0.03129714,0.2118026,1.6816804,0.5730952,-3.01E-15,-3.72E-21,-0.1518484,1.20E-21,-0.00025901,-0.4408784,9.60E-24,-0.013032205,0.000646888,-0.00491693,-1.6382822,1.5656978,5.83E-20,-1.0670257,1.51E-07,7.99E-06,0.021964995,1.4523773,8.44E-19,-0.5552989,-0.64466256
1.10E-17,-2.1524267,-0.0013979,1.9955598,1.1048931,0.96506506,6.11E-23,-0.037496295,0.26464492,2.1370196,0.7264075,-3.70E-15,-2.12E-21,-0.18905887,1.33E-21,-0.000352525,-0.559283,1.07E-23,-0.018029328,0.000892187,-0.006525627,-2.0808804,1.9887295,4.95E-20,-1.3542265,2.06E-07,1.16E-05,0.03022004,1.8437456,1.21E-18,-0.7047453,-0.8173363
8.78E-18,-2.910731,-0.001860119,2.696228,1.4898868,1.3023335,6.92E-23,-0.05285259,0.3582628,2.8896985,0.979297,-3.61E-15,-2.14E-21,-0.25671023,1.56E-21,-0.00048668,-0.7533127,1.22E-23,-0.022562064,0.001320063,-0.008384112,-2.814313,2.6886966,6.79E-20,-1.8283546,2.80E-07,1.82E-05,0.040102847,2.4923072,1.37E-18,-0.94981426,-1.102453
9.14E-18,-3.0840073,-0.001991687,2.856949,1.5785322,1.3787111,7.23E-23,-0.05545649,0.37849927,3.0617957,1.0373,-3.72E-15,-1.72E-21,-0.27110457,1.64E-21,-0.000523934,-0.7981992,1.28E-23,-0.024280634,0.001438328,-0.008956006,-2.9814806,2.8484614,7.15E-20,-1.9367762,3.00E-07,1.99E-05,0.043215904,2.6399794,1.46E-18,-1.0064384,-1.1678075
1.12E-17,-2.8859868,-0.001879846,2.674044,1.476178,1.2875123,7.06E-23,-0.05026247,0.35137156,2.865215,0.96909213,-3.92E-15,-1.90E-21,-0.25112778,1.59E-21,-0.000488123,-0.74593085,1.25E-23,-0.023732811,0.001304405,-0.008571466,-2.7893116,2.6649163,6.62E-20,-1.8107545,2.81E-07,1.77E-05,0.041166093,2.4690971,1.44E-18,-0.94058216,-1.0909632
3.26E-18,-2.2590032,-0.001450646,2.0933108,1.1545786,1.006489,6.35E-23,-0.03912159,0.27461448,2.2427394,0.7577187,-3.40E-15,-3.52E-21,-0.19622985,1.45E-21,-0.000369694,-0.58335257,1.13E-23,-0.018656958,0.000974313,-0.006715751,-2.1828406,2.0854874,7.50E-20,-1.416095,2.10E-07,1.27E-05,0.031771153,1.9317085,1.06E-18,-0.7354294,-0.8528747
6.80E-18,-2.5510232,-0.001640967,2.3637593,1.3065522,1.1411537,6.60E-23,-0.045551833,0.31336704,2.5326788,0.85869265,-3.52E-15,-2.44E-21,-0.22432876,1.49E-21,-0.000424765,-0.6608894,1.17E-23,-0.020373087,0.001140091,-0.007482907,-2.4661098,2.3563051,6.75E-20,-1.6025807,2.44E-07,1.54E-05,0.03553272,2.1839128,1.24E-18,-0.83309907,-0.96653235
3.54E-18,-2.3848863,-0.00148996,2.2092233,1.2234701,1.0721425,6.19E-23,-0.044987846,0.297882,2.367647,0.8056993,-3.09E-15,-3.24E-21,-0.21394047,1.39E-21,-0.00038635,-0.61962676,1.10E-23,-0.017577838,0.00104266,-0.006730828,-2.306867,2.2041574,6.81E-20,-1.5013045,2.23E-07,1.41E-05,0.03145063,2.0444875,1.06E-18,-0.7808245,-0.90673006
9.82E-18,-2.6308858,-0.001646361,2.4368777,1.3494809,1.183132,6.35E-23,-0.049605332,0.32845426,2.6118011,0.8885378,-3.42E-15,-2.21E-21,-0.23579533,1.39E-21,-0.000427695,-0.6830042,1.11E-23,-0.019377816,0.001136254,-0.007420539,-2.5451453,2.4317384,5.45E-20,-1.6563816,2.50E-07,1.56E-05,0.034677662,2.255927,1.26E-18,-0.86091745,-1.0000728
1.68E-18,-2.4430082,-0.001502905,2.2623296,1.2520525,1.0980282,6.18E-23,-0.04680674,0.30566388,2.4252331,0.8245683,-2.93E-15,-4.17E-21,-0.21972582,1.40E-21,-0.000390551,-0.63383347,1.10E-23,-0.017390054,0.001055794,-0.006750017,-2.3633628,2.2578256,7.46E-20,-1.5371473,2.26E-07,1.43E-05,0.031534635,2.0943806,9.76E-19,-0.798783,-0.9279994
3.37E-18,-2.422958,-0.001467709,2.2434404,1.2425588,1.0917281,5.98E-23,-0.04765412,0.30556974,2.4052682,0.8189602,-2.91E-15,-3.36E-21,-0.21997221,1.33E-21,-0.000381969,-0.6290586,1.05E-23,-0.016488552,0.001029208,-0.006557926,-2.3447015,2.239989,6.39E-20,-1.526062,2.23E-07,1.40E-05,0.030307688,2.0787091,1.02E-18,-0.7928532,-0.9217546
-6.89E-18,-2.0035012,-0.001179337,1.854744,1.0276824,0.9038625,5.61E-23,-0.040371746,0.25454238,1.9888225,0.6780854,-2.26E-15,-6.59E-21,-0.18357792,1.31E-21,-0.000303301,-0.5210053,1.01E-23,-0.012965196,0.000822301,-0.005286506,-1.9390529,1.8523691,8.92E-20,-1.2621413,1.75E-07,1.09E-05,0.024062116,1.7192252,5.66E-19,-0.6561469,-0.76284117
-5.66E-18,-1.4384195,-0.000830939,1.3322085,0.7384406,0.6497933,4.92E-23,-0.028348379,0.1828602,1.4278936,0.48719594,-2.38E-15,-6.20E-21,-0.13158943,1.12E-21,-0.000202125,-0.37422934,8.88E-24,-0.009714321,0.000496421,-0.003893844,-1.3921028,1.3300737,7.48E-20,-0.90660787,1.17E-07,5.83E-06,0.016849713,1.2346802,4.77E-19,-0.47120613,-0.54794174
-1.07E-17,-1.1277225,-0.000662972,1.0456681,0.58511275,0.5162249,4.64E-23,-0.022978242,0.14783815,1.1195971,0.38841516,-1.86E-15,-7.93E-21,-0.10665045,1.08E-21,-0.000158736,-0.29931578,8.51E-24,-0.007605225,0.000392486,-0.003131316,-1.0922458,1.0443559,8.54E-20,-0.7161953,9.13E-08,4.49E-06,0.013217632,0.97088915,2.05E-19,-0.37546843,-0.43579352
-8.22E-18,-0.90319043,-0.000484735,0.83709943,0.46842837,0.4156467,4.22E-23,-0.019043315,0.120154485,0.8966285,0.31107557,-2.09E-15,-7.06E-21,-0.08672804,9.56E-22,-0.000105719,-0.23883538,7.69E-24,-0.005532119,0.000210336,-0.002405378,-0.8754772,0.8369896,7.03E-20,-0.57448304,6.22E-08,1.67E-06,0.009049514,0.7790161,2.41E-19,-0.3000412,-0.3493504
3.86E-18,-2.018487,-0.001175441,1.8691205,1.0425221,0.92251456,5.21E-23,-0.043408852,0.26448125,2.003756,0.6906412,-2.54E-15,-2.89E-21,-0.19138038,1.10E-21,-0.000304463,-0.5299587,9.08E-24,-0.011844737,0.0008098,-0.005199001,-1.9560206,1.86933,4.47E-20,-1.2802622,1.83E-07,1.11E-05,0.022741858,1.7383752,8.98E-19,-0.667267,-0.7768848
6.57E-18,-2.7900157,-0.001691067,2.583413,1.4383936,1.268911,6.16E-23,-0.058325805,0.3606063,2.7697845,0.95137674,-2.75E-15,-1.28E-21,-0.2606453,1.33E-21,-0.000453049,-0.7305834,1.07E-23,-0.017322823,0.00127739,-0.007328654,-2.7023683,2.582358,4.98E-20,-1.7661808,2.67E-07,1.83E-05,0.033882834,2.3996415,1.24E-18,-0.92035383,-1.0706427
1.24E-17,-2.8028538,-0.001760812,2.596731,1.4475098,1.2748424,6.38E-23,-0.056062385,0.35978353,2.7827377,0.95701474,-3.24E-15,-1.07E-21,-0.25924933,1.36E-21,-0.000466631,-0.7355651,1.11E-23,-0.019228172,0.001280318,-0.007764596,-2.7143915,2.5944014,4.39E-20,-1.775775,2.76E-07,1.84E-05,0.036005773,2.4107528,1.37E-18,-0.92648274,-1.0768268
-1.52E-17,-0.6992651,-0.000444297,0.6500676,0.3671593,0.32278082,4.66E-23,-0.011392711,0.090876415,0.6946166,0.24402386,-2.09E-15,-1.08E-20,-0.06469027,1.16E-21,-8.95E-05,-0.18878342,8.93E-24,-0.006616748,0.000166312,-0.002385533,-0.6771978,0.6482428,1.11E-19,-0.4474785,4.53E-08,9.08E-07,0.009481089,0.6032187,-5.36E-20,-0.23643897,-0.27358505
-7.18E-17,2.15441,0.000850317,-1.9821559,-1.0824196,-0.976225,4.26E-23,0.06616378,-0.2930305,-2.1364136,-0.7131906,-4.94E-16,-3.47E-20,0.21750015,1.63E-21,0.000293546,0.53658164,1.07E-23,-0.001603566,-0.000959628,0.002345497,2.0915258,-1.9936764,3.22E-19,1.3496084,-2.20E-07,-1.68E-05,-0.009253647,-1.854629,-2.59E-18,0.6834645,0.80787414
-7.36E-17,2.327151,0.00097885,-2.1420805,-1.1700642,-1.051782,3.93E-23,0.068100035,-0.31209236,-2.3079844,-0.7700903,-1.40E-16,-3.45E-20,0.23077741,1.55E-21,0.000325271,0.5803838,1.00E-23,0.000401378,-0.001031344,0.002964275,2.2583122,-2.1529,3.19E-19,1.4573069,-2.37E-07,-1.78E-05,-0.012382649,-2.0019255,-2.69E-18,0.73902196,0.8722544
-1.19E-16,4.0681357,0.001558277,-3.7434993,-2.039583,-1.8368331,4.21E-23,0.118746415,-0.5452531,-4.0344787,-1.3403419,1.69E-15,-5.30E-20,0.40280968,2.05E-21,0.000491286,1.0075988,1.24E-23,-3.55E-05,-0.001453312,0.00498896,3.9480257,-3.763068,4.91E-19,2.5440352,-3.68E-07,-2.41E-05,-0.017366413,-3.4994373,-4.57E-18,1.2849017,1.5194446
-4.59E-17,1.2298355,0.000460785,-1.129051,-0.61039555,-0.55054396,3.83E-23,0.03770065,-0.16312712,-1.219434,-0.39958224,-8.31E-16,-2.25E-20,0.121129334,1.23E-21,0.000170044,0.29885775,8.59E-24,-0.001631263,-0.000580515,0.001093691,1.193765,-1.1367049,2.06E-19,0.7649464,-1.26E-07,-1.07E-05,-0.004861465,-1.0564592,-1.48E-18,0.3829375,0.45444465
-3.58E-17,0.5499467,0.000206177,-0.5028627,-0.26451582,-0.23743896,3.87E-23,0.01665857,-0.06741845,-0.54506725,-0.1700014,-8.62E-16,-1.81E-20,0.050074257,1.12E-21,9.15E-05,0.12541044,8.14E-24,-0.001178142,-0.000331575,0.000288204,0.5329884,-0.5063766,1.64E-19,0.335085,-6.83E-08,-6.65E-06,-0.002423725,-0.46890897,-1.04E-18,0.16305278,0.19506922
-2.97E-18,-0.8142159,-0.000416476,0.75473017,0.41850483,0.3697479,4.15E-23,-0.016209504,0.105085135,0.8081419,0.27635053,-2.48E-15,-6.04E-21,-0.07550032,9.04E-22,-8.08E-05,-0.21197316,7.43E-24,-0.00546275,0.000101511,-0.002219183,-0.788149,0.7532571,5.51E-20,-0.513708,5.13E-08,-3.35E-07,0.007759152,0.69970244,3.55E-19,-0.26658493,-0.31039128
-1.53E-18,-0.44266832,-0.000292495,0.41332495,0.23031555,0.198653,4.22E-23,-0.004146261,0.05217144,0.43967396,0.15118091,-2.93E-15,-6.55E-21,-0.036042325,9.36E-22,-3.81E-05,-0.11760907,7.67E-24,-0.006314692,-5.69E-05,-0.001921667,-0.42673057,0.40881044,5.70E-20,-0.27922472,2.35E-08,-3.01E-06,0.006702664,0.37846845,3.45E-19,-0.14698774,-0.1689766
3.38E-18,-0.4707681,-0.000468023,0.44176376,0.24202727,0.19869839,4.78E-23,0.003950705,0.041192636,0.46796232,0.15477644,-3.84E-15,-7.23E-21,-0.025546264,1.10E-21,-7.54E-05,-0.12205869,8.83E-24,-0.011809298,-1.42E-05,-0.003012448,-0.45050102,0.4318444,6.84E-20,-0.2907323,3.86E-08,-2.69E-06,0.013319263,0.39619225,4.96E-19,-0.15291972,-0.17311978
-3.06E-17,1.338587,0.000448464,-1.2292142,-0.67823166,-0.61943424,3.79E-23,0.048734613,-0.19558898,-1.327271,-0.45184022,-2.61E-15,-1.84E-20,0.14741811,1.16E-21,0.000184201,0.33990923,8.30E-24,-0.005514219,-0.000745237,0.000610079,1.3030003,-1.2418804,1.71E-19,0.84672177,-1.38E-07,-1.38E-05,-0.002064105,-1.1588361,-9.11E-19,0.43172073,0.5112716
-6.27E-17,2.626922,0.0009351,-2.414756,-1.3199441,-1.1942301,3.60E-23,0.08288781,-0.36160755,-2.6050491,-0.8710382,-1.01E-15,-2.96E-20,0.269076,1.39E-21,0.000317525,0.6549953,9.12E-24,-0.003775833,-0.001057033,0.002490272,2.5520632,-2.432052,2.81E-19,1.6477339,-2.38E-07,-1.82E-05,-0.008188931,-2.264111,-2.19E-18,0.83422714,0.987116
-5.37E-17,2.2251034,0.000833152,-2.0457056,-1.1210947,-1.0147654,3.78E-23,0.07093674,-0.30814976,-2.2066157,-0.74090755,-1.69E-15,-2.66E-20,0.22948968,1.35E-21,0.000296318,0.5574646,9.10E-24,-0.003487196,-0.00102759,0.002090299,2.1623847,-2.0610545,2.48E-19,1.398669,-2.17E-07,-1.82E-05,-0.007987689,-1.9195826,-1.77E-18,0.70958644,0.8393115
-4.40E-17,2.025192,0.000677879,-1.8601886,-1.0193295,-0.9265447,3.69E-23,0.067917265,-0.2852338,-2.0081873,-0.67471504,-2.07E-15,-2.28E-20,0.21335988,1.25E-21,0.00024992,0.50677615,8.60E-24,-0.005457853,-0.000909442,0.00142858,1.9693228,-1.8765218,2.14E-19,1.273739,-1.87E-07,-1.62E-05,-0.004394038,-1.7487514,-1.40E-18,0.6453089,0.76461625
-1.66E-17,0.67853576,6.68E-05,-0.6187022,-0.34050798,-0.32086426,4.22E-23,0.033854216,-0.110525765,-0.67220366,-0.22912323,-3.28E-15,-1.36E-20,0.08567363,1.15E-21,7.80E-05,0.16953672,8.58E-24,-0.008962289,-0.00045401,-0.000965796,0.6637245,-0.6313246,1.27E-19,0.43074843,-6.81E-08,-9.39E-06,0.005082681,-0.5917708,-2.80E-19,0.21649636,0.2602486
-1.44E-17,0.66796565,0.000179124,-0.61107457,-0.3372538,-0.31194705,3.60E-23,0.028202169,-0.102295235,-0.66214436,-0.22569752,-2.90E-15,-1.10E-20,0.0782167,9.28E-22,0.000100867,0.16862868,7.16E-24,-0.005460165,-0.000498235,-0.000263746,0.6517559,-0.6205308,9.62E-20,0.4236296,-7.43E-08,-9.91E-06,0.000856322,-0.5802143,-1.99E-19,0.21490677,0.25604668
-1.36E-17,0.59999985,0.000156942,-0.5484353,-0.30172044,-0.27892593,3.54E-23,0.025396865,-0.09128764,-0.59474605,-0.201671,-2.69E-15,-1.05E-20,0.069877274,9.00E-22,8.98E-05,0.15061264,6.99E-24,-0.005000553,-0.000448687,-0.00027827,0.5852956,-0.5570049,9.32E-20,0.37943736,-6.62E-08,-8.97E-06,0.000846236,-0.5205136,-2.08E-19,0.19210456,0.22896013
-3.64E-18,-0.6514158,-0.000484685,0.60707575,0.33672345,0.28882176,4.49E-23,-0.006051383,0.07432707,0.6470587,0.22032669,-2.85E-15,-6.27E-21,-0.051413655,1.03E-21,-9.68E-05,-0.17135431,8.21E-24,-0.009027531,0.000137375,-0.002728386,-0.62776256,0.60091496,6.81E-20,-0.40899637,5.18E-08,8.48E-08,0.011851309,0.5555979,3.94E-19,-0.2148043,-0.24689916
3.34E-18,-1.2576566,-0.000816205,1.1673272,0.6474086,0.56483084,4.99E-23,-0.020529568,0.15423638,1.2487217,0.4257498,-3.09E-15,-4.31E-21,-0.10967631,1.10E-21,-0.00019111,-0.32823527,8.89E-24,-0.011535137,0.000417886,-0.004047007,-1.2155209,1.1621802,5.41E-20,-0.79215026,1.12E-07,4.46E-06,0.017791394,1.0774935,7.17E-19,-0.41302145,-0.47848806
9.08E-18,-2.1721504,-0.001360853,2.0126042,1.1134613,0.97487956,5.90E-23,-0.0395584,0.26909828,2.156394,0.7323964,-3.45E-15,-2.98E-21,-0.19269976,1.29E-21,-0.00034352,-0.5631588,1.04E-23,-0.016874332,0.00086499,-0.006296554,-2.1007085,2.0072088,5.20E-20,-1.3662072,2.02E-07,1.13E-05,0.028883828,1.8614727,1.10E-18,-0.7097844,-0.8241732
6.75E-18,-2.251939,-0.001427529,2.0866344,1.1534326,1.0082921,6.14E-23,-0.040393908,0.2773217,2.2356727,0.7581846,-3.42E-15,-3.03E-21,-0.19849579,1.37E-21,-0.000363359,-0.58330476,1.08E-23,-0.017850239,0.000941479,-0.00658319,-2.1772275,2.0802839,6.14E-20,-1.4149684,2.11E-07,1.24E-05,0.03066504,1.928428,1.11E-18,-0.7352297,-0.85328126
7.52E-18,-2.6451952,-0.001656942,2.4499774,1.3551595,1.186964,6.44E-23,-0.04940939,0.32861087,2.626,0.89166385,-3.36E-15,-2.63E-21,-0.2358137,1.43E-21,-0.000430895,-0.68550247,1.13E-23,-0.019660868,0.001153941,-0.007470533,-2.558445,2.4442706,6.27E-20,-1.6634638,2.50E-07,1.58E-05,0.035145856,2.2667966,1.22E-18,-0.86417365,-1.0036774
9.11E-18,-2.229348,-0.001445913,2.066485,1.1420887,0.99643487,6.25E-23,-0.038443387,0.27223653,2.2133486,0.7501119,-3.67E-15,-2.57E-21,-0.19439587,1.39E-21,-0.00036584,-0.5775318,1.10E-23,-0.018743563,0.000936195,-0.006736667,-2.1547065,2.0589926,5.79E-20,-1.4001919,2.12E-07,1.22E-05,0.03150502,1.908056,1.19E-18,-0.7279261,-0.84414697
9.33E-18,-2.2343955,-0.001453023,2.0712297,1.1445488,0.9982797,6.28E-23,-0.038317617,0.27245015,2.2183688,0.7516027,-3.71E-15,-2.54E-21,-0.19448541,1.39E-21,-0.000367463,-0.578729,1.11E-23,-0.01891987,0.000939406,-0.006776879,-2.1594715,2.0635529,5.80E-20,-1.4031341,2.13E-07,1.22E-05,0.03172795,1.9121547,1.20E-18,-0.7294459,-0.84582853
5.71E-18,-2.010962,-0.001325258,1.8647238,1.0290203,0.8951033,6.19E-23,-0.03301294,0.24244937,1.9966259,0.6748628,-3.61E-15,-3.10E-21,-0.17268215,1.40E-21,-0.000331377,-0.5201262,1.10E-23,-0.017948382,0.000843793,-0.006269216,-1.9424642,1.8562706,6.65E-20,-1.2607838,1.89E-07,1.06E-05,0.02941663,1.718903,1.08E-18,-0.65553766,-0.759424
6.32E-18,-2.4108682,-0.001536844,2.2338684,1.2356467,1.0803616,6.35E-23,-0.043666787,0.2977039,2.3935087,0.812596,-3.40E-15,-2.62E-21,-0.21327378,1.42E-21,-0.000396181,-0.6252634,1.12E-23,-0.018906951,0.001055241,-0.007016917,-2.3310425,2.2273183,6.43E-20,-1.5156989,2.28E-07,1.41E-05,0.03300305,2.064915,1.17E-18,-0.7880874,-0.91456413
4.55E-18,-2.4474735,-0.001524436,2.2670856,1.2561468,1.1015986,6.20E-23,-0.04672692,0.3068103,2.4297762,0.82755333,-3.10E-15,-2.67E-21,-0.22051305,1.38E-21,-0.000397101,-0.63627493,1.10E-23,-0.017717648,0.001077854,-0.0068525,-2.367739,2.2623436,6.36E-20,-1.5415822,2.30E-07,1.47E-05,0.031997643,2.0988586,1.12E-18,-0.80184895,-0.9313766
5.38E-18,-2.581805,-0.001608288,2.3913076,1.32485,1.1620059,6.33E-23,-0.0494515,0.32368213,2.5631166,0.8728074,-3.14E-15,-2.49E-21,-0.2326849,1.41E-21,-0.000420905,-0.6709857,1.12E-23,-0.018558387,0.001148052,-0.007197305,-2.4977908,2.3865273,6.34E-20,-1.626109,2.44E-07,1.58E-05,0.033747748,2.2141185,1.17E-18,-0.84566236,-0.9823673
1.81E-19,-2.64393,-0.001608312,2.4476404,1.3539646,1.1883538,6.31E-23,-0.05180258,0.33184206,2.624636,0.8918073,-2.80E-15,-3.61E-21,-0.23892878,1.44E-21,-0.000423816,-0.685134,1.12E-23,-0.017974831,0.001176907,-0.007119899,-2.5579882,2.4434938,7.71E-20,-1.6631353,2.44E-07,1.62E-05,0.033521418,2.266706,1.03E-18,-0.86370534,-1.0039351
3.51E-18,-2.8402383,-0.00174768,2.629647,1.4554195,1.2771598,6.53E-23,-0.055298395,0.35626405,2.8195605,0.958682,-3.00E-15,-2.86E-21,-0.25639546,1.47E-21,-0.000462262,-0.7366235,1.15E-23,-0.0196262,0.001283131,-0.00772512,-2.7479823,2.6251278,7.17E-20,-1.7874373,2.67E-07,1.79E-05,0.03654375,2.4353592,1.18E-18,-0.928622,-1.0792246
5.32E-18,-3.1498454,-0.001946348,2.9159148,1.6118709,1.4132916,6.88E-23,-0.060642667,0.39276898,3.1268573,1.0608557,-3.18E-15,-2.76E-21,-0.28245685,1.56E-21,-0.000516646,-0.8150617,1.21E-23,-0.022029899,0.001434107,-0.008584785,-3.0470915,2.910568,7.45E-20,-1.9800096,2.98E-07,2.01E-05,0.041006234,2.6994512,1.29E-18,-1.0277797,-1.1944221
2.99E-18,-2.5145147,-0.001512966,2.3278537,1.2895476,1.1338654,6.01E-23,-0.050150968,0.31814995,2.4961193,0.85023147,-2.83E-15,-3.38E-21,-0.22923571,1.34E-21,-0.000396092,-0.6528947,1.06E-23,-0.016641138,0.001077083,-0.006710748,-2.433641,2.324863,6.48E-20,-1.5841427,2.31E-07,1.48E-05,0.03105634,2.1577935,1.03E-18,-0.82292616,-0.9569951
3.14E-18,-2.3519049,-0.001398056,2.17738,1.2084374,1.0646515,5.73E-23,-0.048093036,0.30073386,2.3346944,0.7978532,-2.71E-15,-3.26E-21,-0.21699572,1.26E-21,-0.00036503,-0.6124851,1.01E-23,-0.014956348,0.000986978,-0.00619094,-2.2771184,2.1755462,5.83E-20,-1.4844831,2.15E-07,1.36E-05,0.028188517,2.0203545,9.78E-19,-0.7717786,-0.8978933
2.86E-18,-2.34585,-0.001389864,2.1718087,1.2069018,1.0644575,5.69E-23,-0.048766017,0.30196095,2.3287091,0.7975775,-2.62E-15,-3.01E-21,-0.218122,1.24E-21,-0.000364619,-0.61222994,9.98E-24,-0.014518906,0.000995842,-0.00611861,-2.271766,2.1705778,5.65E-20,-1.4825122,2.15E-07,1.38E-05,0.027760841,2.0164142,9.77E-19,-0.77132934,-0.89752656
1.22E-17,-3.17286,-0.001967666,2.9383159,1.6345174,1.4392387,6.67E-23,-0.06435532,0.40613085,3.1499155,1.0798806,-3.18E-15,-1.57E-22,-0.29297706,1.43E-21,-0.000528136,-0.8296181,1.15E-23,-0.020927053,0.001481555,-0.00855954,-3.0722969,2.9358506,4.40E-20,-2.0065272,3.11E-07,2.14E-05,0.04017096,2.7270734,1.50E-18,-1.04534,-1.2153862
6.71E-18,-2.5241382,-0.001558206,2.3380804,1.3011781,1.1456355,6.10E-23,-0.05062643,0.3232066,2.5059452,0.8597414,-2.99E-15,-2.16E-21,-0.2329649,1.33E-21,-0.000409812,-0.6606417,1.07E-23,-0.01703804,0.00112303,-0.006903065,-2.4440248,2.3356855,5.42E-20,-1.5968181,2.40E-07,1.58E-05,0.03180506,2.1696615,1.16E-18,-0.8322307,-0.96745473
-1.23E-17,-0.72910947,-0.000544342,0.67935604,0.38377273,0.3329855,5.04E-23,-0.00838813,0.089758754,0.72449493,0.2540383,-2.58E-15,-1.10E-20,-0.06286245,1.26E-21,-0.000110218,-0.19777305,9.66E-24,-0.009324475,0.000198039,-0.002978507,-0.7046977,0.67499256,1.14E-19,-0.46557105,5.55E-08,1.20E-06,0.012750428,0.62678605,6.57E-20,-0.2473509,-0.28451192
-4.68E-17,1.3574346,0.000592191,-1.2486018,-0.683228,-0.6150638,3.98E-23,0.042214107,-0.18430325,-1.3461268,-0.45075864,-1.49E-15,-2.39E-20,0.13707644,1.31E-21,0.000220222,0.33994278,9.07E-24,-0.001130252,-0.000771851,0.001457702,1.3180648,-1.2563978,2.23E-19,0.8512206,-1.59E-07,-1.41E-05,-0.007478281,-1.168793,-1.52E-18,0.43251795,0.51041424
-9.27E-17,3.3482723,0.001267685,-3.0800812,-1.6801255,-1.5150522,3.99E-23,0.10014382,-0.4522794,-3.3205252,-1.1055893,3.51E-16,-4.20E-20,0.3348778,1.76E-21,0.000412372,0.8312952,1.10E-23,-0.001475754,-0.001275953,0.003828416,3.2505789,-3.0981467,3.92E-19,2.0960867,-3.07E-07,-2.15E-05,-0.013527725,-2.8821373,-3.42E-18,1.0596272,1.2531886
-6.61E-17,2.3489606,0.000885185,-2.1596475,-1.1766202,-1.0611522,3.72E-23,0.07102372,-0.3168342,-2.32944,-0.7739576,-3.69E-16,-3.07E-20,0.23490778,1.42E-21,0.00029609,0.58169764,9.33E-24,-0.001651162,-0.000948837,0.002525314,2.2805321,-2.1730974,2.88E-19,1.4690708,-2.20E-07,-1.63E-05,-0.009344408,-2.0213232,-2.35E-18,0.741898,0.87773424
-6.30E-17,2.0077078,0.000699009,-1.843942,-0.9978745,-0.9007371,3.80E-23,0.060700312,-0.26732668,-1.9908121,-0.653632,-8.11E-17,-2.90E-20,0.19814527,1.38E-21,0.000236384,0.4890963,9.23E-24,-0.002162705,-0.000744102,0.001914804,1.9488822,-1.8560076,2.69E-19,1.2498488,-1.79E-07,-1.30E-05,-0.006507744,-1.7254342,-2.18E-18,0.6261061,0.7429513
-9.37E-18,-0.25825846,-0.000132297,0.24182422,0.13968728,0.12408635,3.66E-23,-0.004261619,0.03678651,0.25653177,0.094265684,-2.05E-15,-7.42E-21,-0.026092459,8.22E-22,-4.30E-06,-0.07343395,6.73E-24,-0.002798008,-0.000101933,-0.001021403,-0.25030643,0.24038324,6.48E-20,-0.16837347,2.97E-09,-3.23E-06,0.002340796,0.22456405,6.45E-20,-0.090711616,-0.1045533
-7.22E-18,-0.5047444,-0.00024274,0.46892154,0.26469225,0.23603345,3.80E-23,-0.01064533,0.06955965,0.5010967,0.17677237,-2.18E-15,-6.75E-21,-0.050105855,8.36E-22,-3.47E-05,-0.13600272,6.89E-24,-0.003345942,-1.72E-05,-0.001445091,-0.48951143,0.4685048,5.83E-20,-0.3234762,2.26E-08,-1.94E-06,0.004034747,0.43681777,1.93E-19,-0.17007904,-0.19785294
-1.30E-17,0.19169533,2.81E-05,-0.17303,-0.09632753,-0.09333779,3.84E-23,0.013181088,-0.035058685,-0.18979971,-0.065948024,-2.67E-15,-1.08E-20,0.028191477,9.63E-22,5.53E-05,0.04824825,7.47E-24,-0.004710501,-0.000342223,-0.000717039,0.18879037,-0.17917377,9.67E-20,0.12346471,-4.13E-08,-7.45E-06,0.00184335,-0.1688998,-1.60E-19,0.062126935,0.07547339
-2.37E-17,1.0423576,0.000310666,-0.95551425,-0.52558726,-0.48216787,3.85E-23,0.03999249,-0.15376231,-1.033366,-0.35011962,-2.78E-15,-1.53E-20,0.116455376,1.10E-21,0.000143477,0.26240477,8.08E-24,-0.005888883,-0.000619945,0.000118901,1.0153812,-0.96713907,1.42E-19,0.6583132,-1.08E-07,-1.19E-05,-0.000298022,-0.90283924,-5.88E-19,0.33397174,0.39674246
-3.25E-17,1.250726,0.000365025,-1.1471272,-0.62921137,-0.5758507,3.88E-23,0.046638492,-0.18206945,-1.2399617,-0.41814116,-2.26E-15,-1.90E-20,0.13752782,1.20E-21,0.000155765,0.31347647,8.51E-24,-0.006133544,-0.000634083,0.000320075,1.2174592,-1.1596558,1.81E-19,0.7878857,-1.22E-07,-1.18E-05,-0.000262848,-1.0816911,-9.90E-19,0.39912295,0.47392827
-2.79E-17,0.90435904,0.000283187,-0.82889944,-0.45407432,-0.4155251,3.90E-23,0.0342493,-0.13124472,-0.8965246,-0.30155388,-2.29E-15,-1.68E-20,0.09933117,1.14E-21,0.000130916,0.22583683,8.26E-24,-0.00481863,-0.000551259,0.000138995,0.8804313,-0.8384345,1.57E-19,0.56917804,-9.97E-08,-1.06E-05,-0.000715055,-0.78198117,-7.68E-19,0.2878955,0.3420656
-4.36E-17,1.8396808,0.000653287,-1.6899698,-0.92378885,-0.83692044,3.54E-23,0.05946648,-0.25443748,-1.8243135,-0.6099384,-1.63E-15,-2.18E-20,0.18978932,1.18E-21,0.000235292,0.45831898,8.17E-24,-0.003657184,-0.000831817,0.001525826,1.7879153,-1.7035017,2.05E-19,1.1542623,-1.74E-07,-1.48E-05,-0.005539298,-1.5862863,-1.39E-18,0.58405423,0.69157505
-3.27E-17,1.4336444,0.000533401,-1.3171164,-0.72416055,-0.65750897,3.58E-23,0.048325807,-0.20267081,-1.4216958,-0.48022708,-2.32E-15,-1.80E-20,0.15176892,1.10E-21,0.000205661,0.36146584,7.86E-24,-0.003754946,-0.000783557,0.001055326,1.3942932,-1.3288453,1.66E-19,0.9037235,-1.48E-07,-1.44E-05,-0.004579298,-1.2386024,-9.46E-19,0.4597276,0.5438606
-2.35E-17,1.1708823,0.000399758,-1.0747025,-0.5928302,-0.541525,3.55E-23,0.042369932,-0.17056462,-1.1610425,-0.39468762,-2.75E-15,-1.46E-20,0.12852526,1.01E-21,0.000167909,0.29663157,7.47E-24,-0.00489931,-0.000697565,0.00050807,1.1400237,-1.0863802,1.31E-19,0.7407218,-1.21E-07,-1.31E-05,-0.002162224,-1.0139008,-5.74E-19,0.3771956,0.44698533
-1.77E-17,0.862572,0.000246183,-0.79037166,-0.43764228,-0.40372387,3.66E-23,0.035124306,-0.13162264,-0.8551583,-0.2931137,-2.94E-15,-1.28E-20,0.10022871,9.93E-22,0.00012294,0.21970113,7.48E-24,-0.005989878,-0.000574244,-9.44E-05,0.8412578,-0.8014257,1.15E-19,0.5481157,-9.17E-08,-1.12E-05,0.000563867,-0.74931824,-3.64E-19,0.27932197,0.33198997
-7.48E-18,-0.062559865,-0.000251597,0.0645151,0.03674051,0.018209774,4.25E-23,0.011719567,-0.008101219,0.06293462,0.02110773,-3.08E-15,-8.14E-21,0.009734423,1.03E-21,-2.49E-05,-0.020388361,8.05E-24,-0.009135397,-0.000106695,-0.001976193,-0.05573286,0.055174775,8.18E-20,-0.03681659,2.34E-09,-3.81E-06,0.009211279,0.047214486,1.97E-19,-0.0237571,-0.022084698
-1.96E-18,-0.5855972,-0.000500448,0.54716253,0.30217856,0.25470787,4.64E-23,-0.001597842,0.06084726,0.5818617,0.19609359,-3.17E-15,-6.73E-21,-0.040760458,1.08E-21,-9.65E-05,-0.15341167,8.55E-24,-0.010552038,0.000110246,-0.002932099,-0.56278884,0.5390232,7.25E-20,-0.3653817,4.96E-08,-4.73E-07,0.013219798,0.4968241,4.11E-19,-0.19222842,-0.21958116
9.18E-18,-2.2065175,-0.001436785,2.0453985,1.1308371,0.9866551,6.18E-23,-0.037888497,0.26944885,2.1906867,0.7428264,-3.64E-15,-2.73E-21,-0.19233337,1.37E-21,-0.000363658,-0.5719678,1.09E-23,-0.018662434,0.000926143,-0.006695045,-2.132743,2.0380468,5.73E-20,-1.3862535,2.11E-07,1.21E-05,0.031369954,1.8887994,1.17E-18,-0.7208321,-0.8358781
1.06E-17,-2.0056188,-0.001303129,1.859601,1.0282799,0.89710927,5.95E-23,-0.03402633,0.24475092,1.9912341,0.6753546,-3.72E-15,-2.67E-21,-0.17452854,1.30E-21,-0.000323822,-0.5200289,1.05E-23,-0.017295469,0.000793933,-0.006162917,-1.938466,1.8525503,5.02E-20,-1.2602674,1.89E-07,1.00E-05,0.028379817,1.7169192,1.14E-18,-0.65532786,-0.75986
4.26E-18,-2.1475146,-0.001373815,1.9901675,1.0985812,0.9583967,6.16E-23,-0.03740673,0.26204607,2.1320503,0.7213219,-3.39E-15,-3.45E-21,-0.18727627,1.39E-21,-0.000347784,-0.55526716,1.10E-23,-0.017669741,0.00090229,-0.006387576,-2.0754075,1.9829696,6.90E-20,-1.3473102,1.99E-07,1.16E-05,0.029915042,1.8371984,1.04E-18,-0.6999233,-0.8118129
7.27E-18,-2.4162004,-0.001540826,2.2388382,1.2385066,1.0829574,6.35E-23,-0.043719713,0.29838598,2.398796,0.81448644,-3.45E-15,-2.53E-21,-0.21373037,1.41E-21,-0.000396691,-0.6266898,1.12E-23,-0.018985763,0.001050909,-0.007042064,-2.3362556,2.232314,6.19E-20,-1.5192076,2.29E-07,1.41E-05,0.033071753,2.0696297,1.19E-18,-0.78988814,-0.9166813
9.62E-18,-2.5150127,-0.001582037,2.329931,1.2905831,1.1310532,6.27E-23,-0.047014333,0.31368908,2.4968166,0.84972805,-3.43E-15,-2.19E-21,-0.22507872,1.37E-21,-0.000409159,-0.6533467,1.10E-23,-0.018850267,0.001081003,-0.007168386,-2.4328825,2.3246274,5.36E-20,-1.5836754,2.39E-07,1.47E-05,0.03341032,2.1564727,1.24E-18,-0.82345146,-0.95632285
2.64E-18,-2.0259602,-0.001286404,1.8775313,1.0367548,0.9049398,5.99E-23,-0.035627574,0.24801895,2.0113678,0.68098253,-3.25E-15,-3.70E-21,-0.17735815,1.36E-21,-0.000324356,-0.52418125,1.07E-23,-0.016473101,0.000839952,-0.005993001,-1.9580665,1.8708924,6.98E-20,-1.2714844,1.86E-07,1.07E-05,0.027877754,1.7335455,9.68E-19,-0.6606571,-0.76635754
4.92E-18,-2.1182451,-0.001364387,1.9634978,1.086082,0.9482619,6.13E-23,-0.037306096,0.26031065,2.1030824,0.7139179,-3.38E-15,-2.87E-21,-0.1861832,1.37E-21,-0.000346694,-0.5497217,1.09E-23,-0.017375726,0.000908241,-0.00632755,-2.0475338,1.9566723,6.45E-20,-1.3314165,1.99E-07,1.18E-05,0.029546708,1.8135184,1.08E-18,-0.6927227,-0.8033668
5.22E-18,-2.3006022,-0.001459246,2.1317978,1.1803603,1.0329294,6.19E-23,-0.04225207,0.2856776,2.2840555,0.7768136,-3.27E-15,-2.65E-21,-0.20483887,1.38E-21,-0.000375873,-0.59770703,1.10E-23,-0.017757528,0.001003533,-0.006658281,-2.2247803,2.1259186,6.32E-20,-1.4477637,2.17E-07,1.34E-05,0.031115878,1.9714074,1.12E-18,-0.7532168,-0.87420976
4.47E-18,-2.4168844,-0.001506524,2.238946,1.2420142,1.0899526,6.16E-23,-0.04661923,0.30448472,2.3994539,0.8188441,-3.05E-15,-2.39E-21,-0.2189956,1.37E-21,-0.000393432,-0.6296251,1.09E-23,-0.017315138,0.001074986,-0.006754369,-2.3384972,2.2345912,6.15E-20,-1.5239801,2.28E-07,1.47E-05,0.03145677,2.0736315,1.12E-18,-0.79333144,-0.92150474
1.97E-18,-2.3993952,-0.00147385,2.222067,1.2304472,1.0796062,6.10E-23,-0.046387427,0.30122024,2.3819737,0.81062895,-2.92E-15,-3.27E-21,-0.21667254,1.37E-21,-0.000384047,-0.62304515,1.08E-23,-0.016886305,0.001046915,-0.006605275,-2.3213224,2.2177808,6.90E-20,-1.5105844,2.22E-07,1.42E-05,0.030778527,2.057491,1.02E-18,-0.7852316,-0.91237426
2.30E-18,-2.5309448,-0.001556723,2.3437297,1.2977837,1.138768,6.23E-23,-0.049085498,0.3177934,2.5125628,0.85501117,-2.93E-15,-3.10E-21,-0.22865063,1.40E-21,-0.000407989,-0.657118,1.10E-23,-0.017697014,0.001121393,-0.006941062,-2.4486609,2.339384,6.99E-20,-1.5933905,2.36E-07,1.54E-05,0.032517415,2.1703336,1.07E-18,-0.82822824,-0.9623842
5.90E-18,-3.1627507,-0.00197515,2.9282813,1.6182973,1.4175066,7.01E-23,-0.059927918,0.3927263,3.1397376,1.0646211,-3.30E-15,-2.55E-21,-0.28216723,1.59E-21,-0.000523637,-0.81825614,1.24E-23,-0.022764672,0.001452885,-0.008746541,-3.0590525,2.9220924,7.53E-20,-1.9874022,3.02E-07,2.03E-05,0.0419463,2.7095897,1.33E-18,-1.0318124,-1.1986611
9.43E-18,-3.3050601,-0.00208375,3.0604546,1.6925323,1.482439,7.18E-23,-0.06231014,0.41053692,3.2810762,1.1136564,-3.51E-15,-1.74E-21,-0.29485473,1.61E-21,-0.000553237,-0.85609245,1.26E-23,-0.024125338,0.001531768,-0.009228791,-3.1968193,3.0539162,6.84E-20,-2.0781026,3.20E-07,2.16E-05,0.04431874,2.8321114,1.47E-18,-1.0794666,-1.2538292
6.02E-18,-3.1795566,-0.001968361,2.9435215,1.6276953,1.4273592,6.91E-23,-0.061293557,0.39688236,3.1563725,1.0714557,-3.20E-15,-2.54E-21,-0.28543738,1.56E-21,-0.000523016,-0.82323337,1.22E-23,-0.022239108,0.001453141,-0.008675326,-3.0759552,2.9382176,7.27E-20,-1.9993229,3.02E-07,2.04E-05,0.041438114,2.7252836,1.32E-18,-1.0380461,-1.2063367
5.53E-18,-2.5305321,-0.001577306,2.343791,1.2969854,1.1365391,6.30E-23,-0.0477082,0.31538293,2.5121796,0.8537364,-3.21E-15,-2.84E-21,-0.2264714,1.41E-21,-0.000410035,-0.65633863,1.11E-23,-0.018564388,0.001103391,-0.007106816,-2.4477105,2.3385358,6.47E-20,-1.5920129,2.38E-07,1.50E-05,0.03331301,2.1689699,1.15E-18,-0.82731444,-0.9609374
4.00E-18,-2.5959578,-0.001572942,2.4035854,1.3339207,1.1738393,6.09E-23,-0.052404787,0.33059353,2.5770578,0.8803986,-2.82E-15,-2.61E-21,-0.2384136,1.34E-21,-0.000415206,-0.6761866,1.07E-23,-0.016990252,0.001146402,-0.006928529,-2.512999,2.4009871,6.07E-20,-1.6381723,2.43E-07,1.60E-05,0.032113735,2.229243,1.10E-18,-0.8521012,-0.9908768
7.29E-18,-2.6430156,-0.00163395,2.4479547,1.3597262,1.1955898,6.24E-23,-0.05243776,0.33589467,2.6238966,0.8974243,-3.06E-15,-1.74E-21,-0.24197099,1.36E-21,-0.000430963,-0.68964803,1.09E-23,-0.018067718,0.001185198,-0.00723341,-2.5583477,2.4446635,5.37E-20,-1.6689498,2.52E-07,1.66E-05,0.03363907,2.2697775,1.23E-18,-0.86895746,-1.00996
8.89E-18,-2.3371131,-0.001455466,2.1655986,1.2062638,1.0617598,5.92E-23,-0.04644274,0.29939222,2.3203316,0.7971893,-3.11E-15,-1.49E-21,-0.21564892,1.27E-21,-0.000379545,-0.61282706,1.03E-23,-0.016243387,0.001023106,-0.006511868,-2.262839,2.1628687,4.41E-20,-1.4795816,2.24E-07,1.42E-05,0.029726826,2.009246,1.19E-18,-0.77180094,-0.8968861
-9.01E-18,-0.48672342,-0.000349101,0.45448512,0.2561944,0.22152917,4.50E-23,-0.004612899,0.059145875,0.48365426,0.16923162,-2.66E-15,-8.59E-21,-0.041058075,1.07E-21,-5.58E-05,-0.1319317,8.45E-24,-0.006924321,3.02E-05,-0.002137922,-0.46975106,0.45022398,8.72E-20,-0.3100443,2.72E-08,-1.51E-06,0.008197868,0.41758272,1.72E-19,-0.16475654,-0.18921646
-3.48E-17,1.1496476,0.000381563,-1.0542405,-0.57535046,-0.5246534,4.07E-23,0.040246002,-0.16178572,-1.1397984,-0.3801114,-2.10E-15,-1.91E-20,0.12145375,1.22E-21,0.000162525,0.2841054,8.76E-24,-0.004487926,-0.000627167,0.000491927,1.1186372,-1.0652717,1.78E-19,0.7215734,-1.21E-07,-1.20E-05,-0.002233485,-0.9930243,-9.66E-19,0.36310887,0.431783
-4.28E-17,1.7282751,0.000617934,-1.5872473,-0.86594933,-0.78393865,3.58E-23,0.055344675,-0.23711747,-1.7138155,-0.5708974,-1.56E-15,-2.12E-20,0.17673156,1.17E-21,0.0002241,0.42865923,8.16E-24,-0.003284328,-0.000787285,0.001439613,1.6794295,-1.5998918,2.00E-19,1.0827094,-1.65E-07,-1.41E-05,-0.005510769,-1.4894034,-1.34E-18,0.5467693,0.6477089
-5.32E-17,2.0687351,0.000676606,-1.8990403,-1.0304343,-0.9331899,3.59E-23,0.06489157,-0.280304,-2.0513303,-0.6767835,-7.47E-16,-2.49E-20,0.20843917,1.25E-21,0.000233708,0.5063938,8.51E-24,-0.003750496,-0.000772827,0.00169174,2.009591,-1.9137311,2.33E-19,1.2911263,-1.76E-07,-1.35E-05,-0.005095969,-1.780652,-1.77E-18,0.6477632,0.7690983
-2.11E-17,0.7700206,0.000242755,-0.7046727,-0.38163644,-0.3472916,3.36E-23,0.026756018,-0.10621687,-0.76343775,-0.25109804,-1.85E-15,-1.21E-20,0.0798926,8.87E-22,0.000105482,0.18738271,6.78E-24,-0.003193818,-0.00043642,0.000224427,0.7488338,-0.7123673,1.10E-19,0.480159,-7.62E-08,-8.41E-06,-0.001313321,-0.66312397,-4.97E-19,0.24026568,0.2859927
-1.13E-17,-0.1667544,-9.62E-05,0.15760647,0.09407996,0.08342947,3.62E-23,-0.001942994,0.025148079,0.16576678,0.064453065,-1.90E-15,-8.03E-21,-0.017581472,8.27E-22,4.58E-06,-0.050905578,6.71E-24,-0.002584252,-0.000119923,-0.000871242,-0.16165957,0.15592492,7.17E-20,-0.11156669,-3.63E-09,-3.43E-06,0.001838977,0.1462056,-2.57E-20,-0.06201673,-0.07075389
-1.24E-17,-0.1573776,-5.81E-05,0.14793357,0.08637149,0.07743676,3.60E-23,-0.001880641,0.023046445,0.15639086,0.058439977,-1.93E-15,-8.79E-21,-0.016042076,8.45E-22,1.62E-05,-0.045364413,6.78E-24,-0.002047605,-0.000161079,-0.000717323,-0.1527608,0.1469562,7.92E-20,-0.103849925,-1.13E-08,-4.10E-06,0.000892445,0.13783708,-1.04E-19,-0.055931564,-0.0646933
-2.31E-17,0.46205056,0.000194519,-0.42323476,-0.23109491,-0.20984407,3.68E-23,0.017802916,-0.0655415,-0.45801133,-0.15314063,-2.10E-15,-1.38E-20,0.049869895,1.00E-21,9.87E-05,0.115054145,7.51E-24,-0.002479384,-0.000434573,4.54E-05,0.44939518,-0.42783475,1.27E-19,0.2895511,-7.17E-08,-8.63E-06,-0.001748047,-0.39824098,-5.42E-19,0.14676093,0.1738033
-3.23E-17,1.3003514,0.000529778,-1.1959236,-0.6605488,-0.59819555,3.48E-23,0.04376338,-0.18499336,-1.2896047,-0.43936747,-2.18E-15,-1.81E-20,0.13862222,1.08E-21,0.000200159,0.3322794,7.70E-24,-0.002731541,-0.000764891,0.001128724,1.2641891,-1.2054114,1.69E-19,0.82170045,-1.44E-07,-1.39E-05,-0.005295185,-1.1233084,-1.02E-18,0.4211768,0.49651396
-8.29E-19,-0.6293365,-0.000546329,0.58794314,0.3262102,0.27599585,4.82E-23,-0.001408367,0.06606032,0.62539065,0.21197584,-3.35E-15,-8.08E-21,-0.04413281,1.14E-21,-0.000105128,-0.16555165,9.00E-24,-0.011474936,0.000112974,-0.003196685,-0.605504,0.57999897,8.20E-20,-0.39467695,5.44E-08,-3.62E-07,0.01437353,0.53547585,3.69E-19,-0.20767127,-0.23755905
-6.62E-18,-0.41695726,-0.000389,0.39161372,0.2223029,0.18782759,4.58E-23,-0.000147102,0.046201028,0.41454363,0.14631967,-2.73E-15,-9.35E-21,-0.030800615,1.10E-21,-6.57E-05,-0.11562708,8.63E-24,-0.008646103,3.71E-05,-0.002409027,-0.4011994,0.3852998,9.00E-20,-0.2659655,3.29E-08,-1.35E-06,0.010185771,0.35642245,1.31E-19,-0.14347252,-0.16273762
-8.95E-18,-0.12016549,-0.000136753,0.11549993,0.06509092,0.05069135,4.08E-23,0.004586707,0.008332411,0.119696796,0.041686654,-2.71E-15,-8.77E-21,-0.003833895,9.70E-22,6.56E-06,-0.034274112,7.68E-24,-0.005551321,-0.000179816,-0.001327856,-0.113684684,0.10990389,8.12E-20,-0.07498577,-8.91E-09,-4.93E-06,0.004422623,0.10013719,7.61E-20,-0.04164651,-0.045502104
-1.47E-17,0.4188034,0.00015565,-0.382186,-0.20786239,-0.19033955,3.62E-23,0.016472947,-0.05955769,-0.41514605,-0.13746361,-2.43E-15,-1.02E-20,0.045383908,8.94E-22,8.84E-05,0.10233049,7.02E-24,-0.0029689,-0.000413533,-0.000130131,0.408149,-0.38804078,9.02E-20,0.26232025,-5.98E-08,-8.45E-06,-0.001161911,-0.36184725,-1.93E-19,0.13141276,0.15678817
-8.24E-18,-0.2971703,-0.000256571,0.27912346,0.15452772,0.12843293,4.30E-23,0.001810899,0.028782118,0.2954415,0.09990853,-2.84E-15,-8.57E-21,-0.018344143,1.03E-21,-2.71E-05,-0.07885884,8.08E-24,-0.007047923,-8.34E-05,-0.001846569,-0.28473788,0.27313817,8.38E-20,-0.18524262,9.15E-09,-3.46E-06,0.007218847,0.25123593,1.51E-19,-0.09825799,-0.11139249
-1.64E-18,-0.7478946,-0.000555703,0.69660366,0.38625044,0.33164376,4.67E-23,-0.007395466,0.08564826,0.7428814,0.25275773,-3.10E-15,-5.84E-21,-0.059413422,1.06E-21,-0.000113857,-0.19644739,8.51E-24,-0.010093865,0.000177017,-0.003071101,-0.720879,0.6899142,6.46E-20,-0.46955574,6.18E-08,5.95E-07,0.013464803,0.6379533,5.07E-19,-0.24644789,-0.28343463
5.32E-19,-1.1781411,-0.000842885,1.0948437,0.6053206,0.522476,5.28E-23,-0.014823108,0.13725123,1.1700284,0.39617085,-3.33E-15,-5.70E-21,-0.096293546,1.22E-21,-0.000193635,-0.3066235,9.62E-24,-0.013535453,0.000412466,-0.004313204,-1.1367091,1.0870222,7.32E-20,-0.7388048,1.07E-07,4.15E-06,0.019871283,1.0057169,6.57E-19,-0.38574374,-0.44517195
9.88E-18,-2.3026068,-0.00151807,2.1347628,1.1804265,1.0290781,6.39E-23,-0.039106276,0.28050748,2.2861638,0.77527606,-3.75E-15,-2.25E-21,-0.20014435,1.42E-21,-0.000386398,-0.5972043,1.13E-23,-0.019816298,0.000998552,-0.007059347,-2.2253482,2.1266544,5.82E-20,-1.4466335,2.23E-07,1.32E-05,0.033337582,1.9706513,1.25E-18,-0.7526356,-0.8724239
1.27E-17,-2.1937296,-0.001425943,2.0337005,1.1246973,0.98169994,6.14E-23,-0.037612714,0.26813918,2.1779706,0.7388142,-3.84E-15,-2.27E-21,-0.1913237,1.33E-21,-0.000357966,-0.5687537,1.08E-23,-0.018644959,0.000889489,-0.006683783,-2.1205406,2.0264635,4.78E-20,-1.378748,2.10E-07,1.15E-05,0.03099256,1.8783247,1.24E-18,-0.71682066,-0.8313467
1.12E-17,-2.4455297,-0.00157417,2.2664764,1.2552683,1.0979022,6.37E-23,-0.044031337,0.3025618,2.4279642,0.8258352,-3.66E-15,-1.79E-21,-0.216613,1.39E-21,-0.000404491,-0.6355056,1.12E-23,-0.019510072,0.001058568,-0.0072135,-2.3648772,2.2599235,5.17E-20,-1.5393143,2.36E-07,1.43E-05,0.03375211,2.095713,1.30E-18,-0.8009046,-0.9293654
7.14E-18,-2.1478684,-0.001394172,1.991078,1.100186,0.9594405,6.20E-23,-0.036865614,0.2619526,2.1324794,0.72248995,-3.58E-15,-2.81E-21,-0.18702976,1.38E-21,-0.000352122,-0.55638546,1.10E-23,-0.018168543,0.000905011,-0.006510444,-2.0757334,1.9835529,6.19E-20,-1.348652,2.03E-07,1.17E-05,0.030452892,1.837902,1.13E-18,-0.701235,-0.81304467
6.61E-18,-2.3759503,-0.001514808,2.2015793,1.2177613,1.0646638,6.31E-23,-0.042915203,0.29325986,2.3588407,0.8007883,-3.42E-15,-2.64E-21,-0.21004243,1.41E-21,-0.000389497,-0.616183,1.12E-23,-0.0187129,0.001031646,-0.006931997,-2.2972538,2.1950498,6.31E-20,-1.4937172,2.25E-07,1.38E-05,0.032538053,2.0349867,1.17E-18,-0.7766345,-0.9012562
3.49E-18,-2.3952668,-0.00148166,2.2184389,1.2276597,1.0761755,6.13E-23,-0.04548137,0.2991237,2.3778803,0.80826336,-3.07E-15,-3.23E-21,-0.21489829,1.38E-21,-0.000384027,-0.62132776,1.09E-23,-0.017354675,0.001033112,-0.006684205,-2.3169484,2.2135923,6.70E-20,-1.5070038,2.22E-07,1.39E-05,0.031171206,2.0531726,1.06E-18,-0.7831293,-0.9097186
2.34E-18,-2.3274486,-0.001432393,2.155658,1.1941181,1.0477445,6.03E-23,-0.044891044,0.29236832,2.3105733,0.78679806,-2.94E-15,-3.20E-21,-0.21026637,1.35E-21,-0.000371997,-0.6047943,1.07E-23,-0.016501259,0.001008561,-0.006441001,-2.2517352,2.1514041,6.68E-20,-1.4657607,2.15E-07,1.36E-05,0.029902393,1.9960103,1.02E-18,-0.76216334,-0.8854968
1.91E-18,-2.1418324,-0.001334083,1.9843122,1.0981756,0.9617024,5.95E-23,-0.03994891,0.26670316,2.1263607,0.72283727,-3.03E-15,-3.44E-21,-0.19141611,1.34E-21,-0.000341973,-0.55597407,1.06E-23,-0.016051702,0.000911432,-0.006092415,-2.0713646,1.9791662,6.82E-20,-1.3473997,1.97E-07,1.20E-05,0.028239913,1.8353753,9.72E-19,-0.70061547,-0.8134553
4.50E-18,-2.4109728,-0.001502838,2.2334797,1.2389848,1.0872886,6.15E-23,-0.04649187,0.30373028,2.3935852,0.81684375,-3.05E-15,-2.40E-21,-0.21844772,1.36E-21,-0.000392331,-0.6280886,1.08E-23,-0.01728239,0.001071274,-0.006739982,-2.3327744,2.2291262,6.14E-20,-1.5202551,2.27E-07,1.47E-05,0.03138006,2.06856,1.12E-18,-0.7913932,-0.9192507
4.51E-18,-2.4134018,-0.001504388,2.2357266,1.2402307,1.0883836,6.15E-23,-0.046541587,0.30403736,2.3959963,0.81766546,-3.05E-15,-2.39E-21,-0.21866967,1.36E-21,-0.000392779,-0.62871957,1.09E-23,-0.017297637,0.001072666,-0.006746278,-2.3351257,2.2313719,6.14E-20,-1.5217862,2.28E-07,1.47E-05,0.031412568,2.0706444,1.12E-18,-0.7921894,-0.9201765
5.64E-18,-2.4749565,-0.001549849,2.292715,1.2705332,1.1139411,6.25E-23,-0.04698493,0.30995876,2.4570851,0.8369797,-3.18E-15,-2.43E-21,-0.22269338,1.39E-21,-0.000403668,-0.6436033,1.10E-23,-0.0181221,0.001093475,-0.006974935,-2.3942637,2.2877557,6.16E-20,-1.5590467,2.34E-07,1.49E-05,0.03260762,2.1224053,1.16E-18,-0.8110762,-0.9419755
3.89E-18,-2.5417247,-0.001575889,2.3538918,1.3021379,1.1412079,6.30E-23,-0.048215628,0.3169163,2.523264,0.8571136,-3.11E-15,-3.11E-21,-0.22767945,1.42E-21,-0.000410663,-0.658856,1.12E-23,-0.018396635,0.001113257,-0.007078655,-2.4585423,2.3487675,6.88E-20,-1.5986006,2.37E-07,1.52E-05,0.033238135,2.1783822,1.11E-18,-0.8305249,-0.9647809
8.09E-18,-2.8084033,-0.001772944,2.601268,1.4395548,1.2607361,6.67E-23,-0.052515224,0.3491565,2.7880862,0.947398,-3.41E-15,-2.12E-21,-0.25062,1.49E-21,-0.000464705,-0.72850144,1.17E-23,-0.020913206,0.001264003,-0.007949362,-2.716337,2.595221,6.35E-20,-1.7667987,2.69E-07,1.75E-05,0.037677716,2.4068637,1.31E-18,-0.91835314,-1.066441
6.10E-18,-2.9789245,-0.001857711,2.7583306,1.5252542,1.3364962,6.78E-23,-0.056567334,0.37073871,2.9572651,1.0037341,-3.27E-15,-2.56E-21,-0.26638278,1.53E-21,-0.000490301,-0.77147126,1.20E-23,-0.021445204,0.001350081,-0.008255953,-2.8814504,2.7525935,7.08E-20,-1.8729159,2.83E-07,1.88E-05,0.039322436,2.5527623,1.28E-18,-0.97269785,-1.1300081
4.34E-18,-2.552445,-0.001598385,2.3640554,1.3064947,1.1433862,6.41E-23,-0.04731305,0.31593826,2.5339332,0.8592158,-3.24E-15,-3.15E-21,-0.22665946,1.45E-21,-0.00041513,-0.66069114,1.14E-23,-0.019127231,0.001119331,-0.007222412,-2.4682534,2.3580122,7.08E-20,-1.6036918,2.39E-07,1.51E-05,0.034086924,2.186173,1.13E-18,-0.83292335,-0.96718454
2.34E-19,-2.3114488,-0.001413262,2.1403809,1.1827084,1.0363874,6.04E-23,-0.04389965,0.28774083,2.294601,0.7781921,-2.91E-15,-4.05E-21,-0.20673972,1.38E-21,-0.000365159,-0.5980922,1.08E-23,-0.01656685,0.000983407,-0.006384031,-2.2355504,2.1355476,7.52E-20,-1.4523091,2.10E-07,1.31E-05,0.029772945,1.9802369,9.39E-19,-0.75395185,-0.87594205
2.19E-18,-2.0317965,-0.001277982,1.8826879,1.0400131,0.9087253,5.93E-23,-0.036395587,0.24992019,2.0171273,0.68347985,-3.17E-15,-3.78E-21,-0.17891002,1.34E-21,-0.000322987,-0.5259278,1.06E-23,-0.016090322,0.000839392,-0.005927859,-1.9640659,1.8765796,6.96E-20,-1.2757655,1.85E-07,1.08E-05,0.027485669,1.7392019,9.47E-19,-0.6628447,-0.7691684
3.17E-18,-2.3737283,-0.00144775,2.1983807,1.2203388,1.0731548,5.95E-23,-0.04731507,0.30178028,2.356516,0.8053494,-2.83E-15,-2.74E-21,-0.21747038,1.32E-21,-0.00037892,-0.6188163,1.05E-23,-0.016005207,0.001037774,-0.006440769,-2.2975593,2.1953564,6.08E-20,-1.4980785,2.21E-07,1.43E-05,0.029696679,2.0381062,1.04E-18,-0.7796727,-0.90630203
3.95E-18,-1.9354868,-0.001191447,1.7935218,0.99598974,0.8748297,5.57E-23,-0.037328012,0.24500257,1.9215269,0.65703493,-2.97E-15,-3.01E-21,-0.17613782,1.22E-21,-0.000302646,-0.50519234,9.83E-24,-0.013979974,0.000788632,-0.005457872,-1.8729246,1.7899605,5.47E-20,-1.2217191,1.77E-07,1.03E-05,0.024609536,1.6615062,9.48E-19,-0.6362967,-0.73915976
-3.99E-18,-1.040061,-0.000661706,0.9656487,0.53550947,0.46673855,4.93E-23,-0.016632292,0.1276074,1.0327284,0.3522573,-2.81E-15,-6.28E-21,-0.0907048,1.13E-21,-0.00014693,-0.27188903,8.97E-24,-0.009746817,0.000307987,-0.003387017,-1.0048397,0.9608122,7.48E-20,-0.6547402,8.28E-08,2.66E-06,0.01445446,0.8904591,4.73E-19,-0.34182155,-0.39567664
-2.25E-17,0.27775845,5.84E-05,-0.25177562,-0.13729204,-0.13040666,4.12E-23,0.014661389,-0.04404635,-0.2750615,-0.091610014,-2.22E-15,-1.28E-20,0.034347706,1.09E-21,6.19E-05,0.06667854,8.19E-24,-0.004343282,-0.000307332,-0.000556799,0.27252215,-0.25869137,1.27E-19,0.17587736,-5.04E-08,-6.99E-06,0.001375698,-0.24298546,-3.77E-19,0.08649421,0.10515713
-2.49E-17,0.46382153,3.11E-05,-0.42111677,-0.22816466,-0.21669911,4.15E-23,0.022755831,-0.072649665,-0.45943248,-0.15146214,-2.08E-15,-1.36E-20,0.05613567,1.13E-21,5.31E-05,0.10994209,8.34E-24,-0.006444989,-0.000278736,-0.000769821,0.45439953,-0.43142056,1.36E-19,0.29234865,-5.00E-08,-6.47E-06,0.003894322,-0.40481448,-4.63E-19,0.14280228,0.17395785
-2.39E-17,0.6519838,0.000201743,-0.5961414,-0.3228144,-0.29491252,3.59E-23,0.023524307,-0.09069475,-0.64631253,-0.21246946,-1.80E-15,-1.26E-20,0.06838281,9.62E-22,9.44E-05,0.15808801,7.24E-24,-0.003262806,-0.000387758,7.70E-05,0.6345837,-0.60354114,1.21E-19,0.40695116,-7.11E-08,-7.79E-06,-0.00078039,-0.5623118,-5.22E-19,0.20301612,0.24221435
-1.39E-17,0.30549383,0.000103914,-0.27747852,-0.14696555,-0.13377059,3.39E-23,0.011489205,-0.04019605,-0.3027779,-0.0955624,-1.90E-15,-9.04E-21,0.030644637,8.07E-22,6.27E-05,0.0704416,6.46E-24,-0.002188522,-0.000300705,-0.000169072,0.2971843,-0.28179872,8.05E-20,0.18739063,-4.19E-08,-6.29E-06,-0.000804764,-0.26173478,-2.01E-19,0.091618374,0.10996633
-1.02E-17,0.10464262,5.89E-05,-0.09338477,-0.048255987,-0.04419398,3.41E-23,0.005355462,-0.013635218,-0.103643015,-0.031209324,-2.09E-15,-7.86E-21,0.010968086,7.79E-22,5.06E-05,0.02261649,6.36E-24,-0.001777202,-0.000276377,-0.000310276,0.10211985,-0.096213765,6.77E-20,0.063059635,-3.11E-08,-6.01E-06,-0.000825603,-0.08917371,-6.64E-20,0.030135632,0.036589116
-1.22E-17,-0.2782726,-0.000108383,0.25938463,0.14868566,0.13379197,3.67E-23,-0.0056262,0.040477782,0.27633747,0.10012887,-1.87E-15,-8.66E-21,-0.02900355,8.54E-22,1.14E-06,-0.07711004,6.87E-24,-0.002028344,-0.000109754,-0.000880292,-0.27032232,0.25917247,7.77E-20,-0.18092205,-1.08E-09,-3.28E-06,0.001462322,0.24255276,-7.52E-20,-0.09593324,-0.11163935
-2.26E-17,0.40373766,0.000209773,-0.36997384,-0.20059557,-0.17959514,3.53E-23,0.013585783,-0.053508498,-0.4002974,-0.13192838,-1.70E-15,-1.32E-20,0.040319405,9.41E-22,9.52E-05,0.09956339,7.14E-24,-0.000953456,-0.000395105,0.000253363,0.39176148,-0.37281924,1.22E-19,0.2508837,-6.60E-08,-7.79E-06,-0.003097587,-0.34595364,-5.91E-19,0.12712254,0.14986876
-1.38E-17,-0.11251288,-0.00021029,0.109281346,0.062284127,0.044924673,4.49E-23,0.008782144,0.002328018,0.11242247,0.038717646,-2.77E-15,-1.26E-20,0.001708737,1.16E-21,-9.91E-06,-0.032600764,8.84E-24,-0.007823089,-0.000147569,-0.001778088,-0.10570641,0.10251827,1.21E-19,-0.0703366,-6.64E-09,-4.35E-06,0.007389907,0.09284661,-1.83E-19,-0.039754383,-0.042362045
-2.60E-18,-1.090769,-0.000785215,1.0144461,0.5660922,0.4903918,5.47E-23,-0.014274507,0.13102849,1.0833539,0.3725907,-3.03E-15,-9.72E-21,-0.09215355,1.30E-21,-0.000174256,-0.2890862,1.02E-23,-0.012578891,0.000347794,-0.004075344,-1.053586,1.0081416,9.64E-20,-0.68942684,9.89E-08,3.29E-06,0.018103179,0.93443674,3.24E-19,-0.36254364,-0.4178417
5.31E-18,-1.1735796,-0.000766792,1.0899286,0.6049068,0.5270963,5.08E-23,-0.018358625,0.14331919,1.165274,0.39770406,-3.31E-15,-5.07E-21,-0.10164237,1.11E-21,-0.000171514,-0.30694136,9.07E-24,-0.011415366,0.000335818,-0.003919745,-1.1340177,1.0844746,5.38E-20,-0.739466,1.03E-07,3.06E-06,0.016714673,1.0053326,6.98E-19,-0.38597518,-0.44672287
-4.62E-18,-0.42824605,-0.000261597,0.39966172,0.22358175,0.19418201,4.20E-23,-0.005261186,0.052782014,0.42532933,0.14746879,-2.64E-15,-6.99E-21,-0.03694314,9.44E-22,-3.29E-05,-0.11458354,7.68E-24,-0.005353263,-4.63E-05,-0.00171995,-0.4132635,0.39594558,6.42E-20,-0.27126423,2.00E-08,-2.76E-06,0.005643465,0.36704773,2.47E-19,-0.14308666,-0.16476983
-4.60E-19,-1.358024,-0.000829843,1.259252,0.69832313,0.61188513,5.07E-23,-0.02476319,0.17008159,1.3482715,0.46004647,-2.85E-15,-4.53E-21,-0.121825345,1.13E-21,-0.000197742,-0.35406166,9.06E-24,-0.010711066,0.000467832,-0.004008743,-1.3132993,1.2553066,6.16E-20,-0.8558318,1.15E-07,5.22E-06,0.01735396,1.1644651,6.72E-19,-0.44572312,-0.5172996
3.79E-18,-1.4263372,-0.00092548,1.3234406,0.73211396,0.63775325,5.33E-23,-0.023206431,0.17346677,1.4161925,0.48078117,-3.31E-15,-3.96E-21,-0.123398416,1.18E-21,-0.000219321,-0.37065348,9.49E-24,-0.013033782,0.000501733,-0.004546658,-1.378034,1.317276,5.70E-20,-0.8962535,1.27E-07,5.55E-06,0.020291917,1.2204783,8.26E-19,-0.46669912,-0.5406138
9.74E-18,-2.5945168,-0.001665876,2.4039109,1.3288864,1.1612592,6.56E-23,-0.04621974,0.3187507,2.575803,0.8733603,-3.66E-15,-2.59E-21,-0.22805887,1.46E-21,-0.000429371,-0.6719403,1.16E-23,-0.020739872,0.001128985,-0.007614906,-2.5084872,2.3967369,6.22E-20,-1.6302607,2.49E-07,1.52E-05,0.036008153,2.22177,1.27E-18,-0.8470997,-0.98303986
1.11E-17,-2.8369567,-0.001827503,2.6285028,1.4542851,1.2714995,6.85E-23,-0.051359423,0.35007727,2.8165388,0.9563729,-3.72E-15,-1.54E-21,-0.25078046,1.52E-21,-0.000476933,-0.73585546,1.20E-23,-0.022283785,0.001284716,-0.008264519,-2.743219,2.6211193,5.95E-20,-1.7840095,2.76E-07,1.77E-05,0.039345346,2.4301724,1.42E-18,-0.92762727,-1.0765145
1.42E-17,-2.6858382,-0.001741478,2.4889216,1.3760886,1.2019031,6.69E-23,-0.04726448,0.32919425,2.6664963,0.9041814,-3.95E-15,-1.62E-21,-0.23532976,1.47E-21,-0.000448149,-0.6957916,1.17E-23,-0.021939553,0.001166787,-0.007985175,-2.5966113,2.481078,5.19E-20,-1.687798,2.61E-07,1.58E-05,0.03775341,2.2998514,1.43E-18,-0.87717515,-1.0177058
1.43E-17,-2.5636332,-0.001658251,2.3759847,1.3161426,1.151139,6.49E-23,-0.045968026,0.31696293,2.5452185,0.865845,-3.84E-15,-1.30E-21,-0.2268354,1.40E-21,-0.00042662,-0.6662703,1.13E-23,-0.020596564,0.001110509,-0.007594251,-2.4791718,2.3691723,4.59E-20,-1.6139389,2.50E-07,1.51E-05,0.035588738,2.1971436,1.40E-18,-0.83971924,-0.9744061
1.13E-17,-2.1590197,-0.001374667,2.0011957,1.109673,0.971875,5.93E-23,-0.0392821,0.2688329,2.1434894,0.7306229,-3.55E-15,-2.09E-21,-0.19251412,1.28E-21,-0.00034793,-0.5620882,1.04E-23,-0.017063096,0.000880853,-0.006361879,-2.0883095,1.9958146,4.45E-20,-1.3606647,2.05E-07,1.16E-05,0.029135969,1.8515366,1.19E-18,-0.7082006,-0.82203776
8.03E-18,-2.2447026,-0.00142424,2.0802338,1.152803,1.0094588,6.07E-23,-0.041245338,0.27947515,2.2285545,0.7589669,-3.38E-15,-2.35E-21,-0.20033443,1.33E-21,-0.000364462,-0.583906,1.07E-23,-0.017399974,0.000952808,-0.006529972,-2.1710446,2.074719,5.42E-20,-1.413818,2.12E-07,1.27E-05,0.030228883,1.9244256,1.15E-18,-0.73575175,-0.85403436
6.76E-18,-2.5287688,-0.001590462,2.3425448,1.296883,1.1360296,6.35E-23,-0.04727236,0.31491396,2.5104887,0.85369277,-3.31E-15,-2.48E-21,-0.22601974,1.41E-21,-0.000413167,-0.6564908,1.12E-23,-0.018897884,0.001110031,-0.007183791,-2.4459097,2.3369863,6.18E-20,-1.5914448,2.40E-07,1.51E-05,0.03370011,2.1675313,1.19E-18,-0.8274425,-0.96084285
8.93E-18,-2.4511201,-0.001539147,2.270781,1.25793,1.1025387,6.20E-23,-0.04587853,0.30592474,2.4333885,0.8282961,-3.39E-15,-2.32E-21,-0.21952541,1.36E-21,-0.000397331,-0.63687205,1.09E-23,-0.018343981,0.001047996,-0.006983314,-2.3710954,2.265613,5.42E-20,-1.5435708,2.32E-07,1.42E-05,0.032468107,2.1017687,1.21E-18,-0.8026535,-0.9321764
2.35E-18,-2.3299646,-0.001434034,2.1579864,1.195411,1.0488796,6.03E-23,-0.044942208,0.29268682,2.3130713,0.78765106,-2.94E-15,-3.20E-21,-0.21049662,1.35E-21,-0.000372475,-0.60545015,1.07E-23,-0.01651752,0.001010085,-0.006447651,-2.2541704,2.1537306,6.68E-20,-1.4673481,2.15E-07,1.37E-05,0.029937103,1.9981694,1.02E-18,-0.76299065,-0.88645804
5.64E-18,-2.4710703,-0.001547406,2.2891214,1.2685456,1.1121956,6.25E-23,-0.046905085,0.30947,2.4532275,0.8356702,-3.18E-15,-2.44E-21,-0.22233987,1.39E-21,-0.000402958,-0.6425979,1.10E-23,-0.018098392,0.001091227,-0.00696509,-2.3905027,2.2841642,6.16E-20,-1.5566027,2.34E-07,1.49E-05,0.03255616,2.1190736,1.16E-18,-0.80980706,-0.94049954
6.79E-18,-2.5349605,-0.00159456,2.3482747,1.3000472,1.1387942,6.35E-23,-0.047388352,0.31567407,2.5166354,0.8557722,-3.31E-15,-2.47E-21,-0.22656603,1.41E-21,-0.000414332,-0.65808994,1.12E-23,-0.018943083,0.001113583,-0.007200933,-2.4518971,2.3427048,6.18E-20,-1.5953314,2.40E-07,1.52E-05,0.033789728,2.1728313,1.20E-18,-0.829461,-0.963186
5.19E-18,-2.2816758,-0.001446215,2.114273,1.1706988,1.0245296,6.17E-23,-0.041918285,0.2833956,2.2652633,0.77047586,-3.27E-15,-2.68E-21,-0.20320275,1.38E-21,-0.000372155,-0.59282327,1.09E-23,-0.01760577,0.000991845,-0.006603335,-2.2064948,2.108453,6.29E-20,-1.4359095,2.15E-07,1.32E-05,0.03082193,1.9552386,1.11E-18,-0.7470528,-0.86706716
6.80E-18,-2.5368915,-0.001595836,2.350062,1.3010343,1.1396571,6.35E-23,-0.04742429,0.31591105,2.5185525,0.85642076,-3.31E-15,-2.47E-21,-0.22673622,1.41E-21,-0.000414691,-0.6585884,1.12E-23,-0.018957328,0.001114644,-0.007206314,-2.453765,2.3444884,6.19E-20,-1.5965439,2.40E-07,1.52E-05,0.033817522,2.1744847,1.20E-18,-0.83009034,-0.9639169
6.33E-18,-2.3455355,-0.001493278,2.1733959,1.2021728,1.0511014,6.27E-23,-0.042399958,0.28958863,2.328641,0.7905563,-3.40E-15,-2.72E-21,-0.2074206,1.40E-21,-0.000383498,-0.6082978,1.11E-23,-0.01844985,0.001014078,-0.006838833,-2.267858,2.1669621,6.32E-20,-1.4746075,2.21E-07,1.35E-05,0.032054007,2.0089643,1.15E-18,-0.76668555,-0.88972986
7.28E-18,-2.6144934,-0.001643231,2.4217994,1.3406979,1.1745859,6.42E-23,-0.04903245,0.32570302,2.595577,0.8825555,-3.33E-15,-2.38E-21,-0.23380825,1.43E-21,-0.00042815,-0.67861754,1.13E-23,-0.019417044,0.001154051,-0.007399922,-2.528913,2.4162374,6.17E-20,-1.6453738,2.48E-07,1.58E-05,0.034793552,2.2410946,1.23E-18,-0.8553749,-0.9933657
7.29E-18,-2.5662591,-0.001609382,2.3771498,1.316389,1.1536779,6.35E-23,-0.04832022,0.32025763,2.5476897,0.86674786,-3.30E-15,-2.39E-21,-0.2299456,1.41E-21,-0.000418766,-0.66642547,1.12E-23,-0.018964015,0.001125648,-0.007251341,-2.4824123,2.3718517,6.02E-20,-1.6155288,2.43E-07,1.54E-05,0.03398221,2.2001395,1.21E-18,-0.8399635,-0.9755389
2.71E-18,-2.3916845,-0.001463346,2.2147815,1.2259101,1.0756997,6.05E-23,-0.046177164,0.29994094,2.3742738,0.8074667,-2.96E-15,-3.41E-21,-0.21570009,1.36E-21,-0.00037999,-0.6204929,1.07E-23,-0.016814524,0.001025028,-0.006572203,-2.3138676,2.2105649,6.73E-20,-1.5052466,2.20E-07,1.39E-05,0.030536067,2.0507572,1.02E-18,-0.78207433,-0.9088284
6.52E-18,-2.0200987,-0.001290587,1.8724476,1.0351464,0.90400386,5.94E-23,-0.035373177,0.24786228,2.0055656,0.6802017,-3.44E-15,-3.15E-21,-0.17713854,1.32E-21,-0.00032359,-0.52357,1.05E-23,-0.016639244,0.000818187,-0.006040962,-1.952701,1.8659651,5.91E-20,-1.2692293,1.88E-07,1.04E-05,0.027881758,1.7294812,1.05E-18,-0.6598139,-0.7653892
5.89E-19,-2.0757442,-0.001283722,1.9228617,1.0627497,0.93018806,5.88E-23,-0.0384528,0.25738597,2.0606961,0.6990314,-2.98E-15,-3.99E-21,-0.18464136,1.33E-21,-0.000327022,-0.5375887,1.05E-23,-0.015596773,0.000863524,-0.005889801,-2.007145,1.9176154,7.19E-20,-1.3042318,1.88E-07,1.12E-05,0.027253915,1.7778331,9.04E-19,-0.6775391,-0.78670347
6.11E-18,-2.376109,-0.001508544,2.2015145,1.2169731,1.0638727,6.30E-23,-0.042898312,0.2928399,2.358958,0.8000444,-3.40E-15,-2.90E-21,-0.2097269,1.41E-21,-0.000387419,-0.6155219,1.11E-23,-0.0186483,0.001023338,-0.006906049,-2.2973163,2.1949785,6.49E-20,-1.4930098,2.24E-07,1.36E-05,0.032419033,2.0347357,1.14E-18,-0.77587134,-0.900457
5.16E-18,-2.3783238,-0.001495153,2.203259,1.2183975,1.0662086,6.23E-23,-0.0437542,0.29453713,2.3611186,0.8014094,-3.28E-15,-3.04E-21,-0.21118502,1.40E-21,-0.000385124,-0.6163761,1.10E-23,-0.018136084,0.001023292,-0.006810307,-2.2998636,2.1973553,6.56E-20,-1.4950918,2.22E-07,1.37E-05,0.03188329,2.03737,1.11E-18,-0.7769273,-0.9019963
-1.91E-18,-1.4414706,-0.000903849,1.336465,0.73561305,0.6400297,5.38E-23,-0.023760393,0.17356971,1.4310803,0.482069,-3.04E-15,-5.15E-21,-0.12361752,1.24E-21,-0.000214793,-0.3713446,9.71E-24,-0.012619951,0.000508882,-0.004420212,-1.3920172,1.3300419,7.44E-20,-0.9016999,1.21E-07,5.50E-06,0.01989625,1.2311461,6.75E-19,-0.4679259,-0.542325
-1.03E-17,-1.3066312,-0.000843143,1.2115935,0.66205,0.57100874,5.54E-23,-0.018446047,0.15039,1.2972375,0.43162116,-2.86E-15,-8.07E-21,-0.10624206,1.36E-21,-0.000194709,-0.3332461,1.03E-23,-0.013033131,0.000454341,-0.00424561,-1.2596712,1.2031851,1.08E-19,-0.8109714,1.03E-07,4.36E-06,0.019732587,1.1110057,4.00E-19,-0.41990972,-0.48549804
-2.58E-17,-0.34016585,-0.000241543,0.31799984,0.17545828,0.14705795,4.63E-23,-0.001730602,0.03707344,0.3380473,0.11480042,-1.69E-15,-1.22E-20,-0.025448643,1.22E-21,-3.35E-05,-0.0908871,9.03E-24,-0.005601936,3.87E-05,-0.001583192,-0.3261289,0.31237423,1.36E-19,-0.21097395,6.09E-09,-1.65E-06,0.006536321,0.2869504,-3.30E-19,-0.11264362,-0.12771252
-1.26E-17,-0.35796615,-0.000206485,0.33401436,0.18422784,0.15817422,4.14E-23,-0.003808616,0.042056296,0.35550046,0.12074043,-2.22E-15,-7.87E-21,-0.029318128,9.81E-22,-2.19E-05,-0.0941016,7.70E-24,-0.004639749,-4.03E-05,-0.001428917,-0.34437436,0.32971814,8.36E-20,-0.22336629,8.30E-09,-2.76E-06,0.004812862,0.30427194,6.86E-20,-0.11737864,-0.1347686
-1.83E-17,0.033049352,4.19E-05,-0.027623206,-0.010483474,-0.009661686,3.70E-23,0.002162656,-0.001510657,-0.032572165,-0.005116835,-1.62E-15,-1.04E-20,0.001563408,9.08E-22,4.34E-05,0.002336256,7.11E-24,-0.001207025,-0.000215048,-0.000298799,0.032317266,-0.029589333,9.56E-20,0.016630866,-2.90E-08,-5.09E-06,-0.000938293,-0.026877888,-3.10E-19,0.00504129,0.007439468
-1.65E-17,-0.040220186,3.56E-05,0.039625064,0.02825996,0.027348887,3.66E-23,-0.001243605,0.011480313,0.040059075,0.02149839,-1.61E-15,-1.03E-20,-0.008320475,8.77E-22,4.21E-05,-0.01757358,6.97E-24,-0.000519056,-0.000216444,-0.000278143,-0.03970073,0.03915429,8.90E-20,-0.031745657,-2.46E-08,-5.04E-06,-0.001618996,0.03818012,-2.86E-19,-0.020025996,-0.022509987
-1.99E-17,0.07363104,8.01E-05,-0.06531711,-0.029007025,-0.023990829,3.65E-23,0.001905342,-0.00368667,-0.0728624,-0.016160414,-1.44E-15,-1.16E-20,0.002841475,9.07E-22,5.38E-05,0.010876481,7.09E-24,-0.000360738,-0.000244586,-0.000104654,0.070656344,-0.06608493,1.02E-19,0.039429396,-3.38E-08,-5.42E-06,-0.002135351,-0.05958516,-4.38E-19,0.01613275,0.02008421
-2.53E-17,-0.09232627,-6.77E-05,0.0888383,0.057582024,0.05006379,4.29E-23,0.000830926,0.015077186,0.09210865,0.040775806,-1.48E-15,-1.53E-20,-0.010097675,1.15E-21,1.81E-05,-0.03362405,8.60E-24,-0.002830773,-0.000142552,-0.000825873,-0.08958452,0.08715369,1.41E-19,-0.0657347,-1.84E-08,-3.92E-06,0.001724984,0.08234486,-6.23E-19,-0.03969332,-0.04386107
-5.72E-18,-0.6122155,-0.000423308,0.5703127,0.31787187,0.27487484,4.62E-23,-0.00640045,0.072390705,0.6081143,0.20868498,-2.76E-15,-8.93E-21,-0.050302587,1.09E-21,-7.58E-05,-0.1618561,8.63E-24,-0.007971803,6.70E-05,-0.002483246,-0.59090066,0.5656778,8.68E-20,-0.38661453,4.12E-08,-9.67E-07,0.009916034,0.52415276,1.76E-19,-0.20294829,-0.23388085
-1.58E-17,-0.17322132,-0.000176038,0.16483614,0.09672782,0.08003399,4.44E-23,0.002409651,0.018817717,0.17250709,0.06437826,-2.22E-15,-1.22E-20,-0.011814409,1.12E-21,-7.55E-06,-0.052238766,8.62E-24,-0.005435834,-0.000105937,-0.001431529,-0.1661215,0.16039795,1.14E-19,-0.11295411,-2.39E-09,-3.60E-06,0.004972615,0.14839488,-2.38E-19,-0.06357472,-0.0706561
-2.57E-17,0.20627487,1.17E-05,-0.18527807,-0.09275937,-0.08737062,4.32E-23,0.010516517,-0.02759666,-0.20398973,-0.058914606,-1.59E-15,-1.59E-20,0.02167948,1.17E-21,4.20E-05,0.041011956,8.76E-24,-0.003644628,-0.00022416,-0.000623367,0.20093228,-0.18957952,1.44E-19,0.122294955,-3.52E-08,-5.26E-06,0.001523098,-0.17581531,-6.89E-19,0.05532588,0.069033355
6.16E-19,-1.2189455,-0.000749648,1.1309959,0.6290417,0.5516166,4.92E-23,-0.0222718,0.15399492,1.2102665,0.41499203,-2.85E-15,-4.06E-21,-0.11030726,1.08E-21,-0.000175534,-0.3195871,8.76E-24,-0.009801407,0.0004026,-0.003672905,-1.1790001,1.1273232,5.47E-20,-0.7701941,1.03E-07,4.28E-06,0.015525814,1.0462358,6.76E-19,-0.40205067,-0.466427
4.84E-18,-1.7085123,-0.001091499,1.584628,0.88093245,0.771624,5.54E-23,-0.031171598,0.21449658,1.6963863,0.5808262,-3.16E-15,-2.59E-21,-0.15370905,1.21E-21,-0.000272259,-0.44732025,9.79E-24,-0.013714395,0.000693798,-0.005122982,-1.6525149,1.5798521,5.18E-20,-1.0789924,1.58E-07,8.78E-06,0.023025513,1.4659446,9.63E-19,-0.5631524,-0.65322
1.30E-17,-3.3462937,-0.002164075,3.1000128,1.7164226,1.5016134,7.43E-23,-0.061637916,0.41462174,3.322245,1.1294307,-3.82E-15,-4.22E-22,-0.29740655,1.65E-21,-0.00057462,-0.8689547,1.30E-23,-0.025669843,0.00159385,-0.009635655,-3.2362616,3.0922017,6.13E-20,-2.1057937,3.31E-07,2.25E-05,0.046471085,2.8674755,1.65E-18,-1.095462,-1.2714534
1.20E-17,-2.7418065,-0.001808743,2.5412674,1.4040337,1.2238272,6.98E-23,-0.047006793,0.33350068,2.7221909,0.9218226,-3.99E-15,-1.51E-21,-0.23814595,1.56E-21,-0.000467651,-0.7099242,1.23E-23,-0.023200393,0.001243331,-0.008300071,-2.649743,2.5319288,6.18E-20,-1.7213426,2.69E-07,1.68E-05,0.03976551,2.345864,1.45E-18,-0.89500505,-1.0376209
7.45E-18,-3.0361176,-0.0019087,2.8116806,1.5560497,1.3634914,6.88E-23,-0.057586465,0.3784176,3.0141215,1.0243406,-3.34E-15,-1.98E-21,-0.27189824,1.54E-21,-0.000505101,-0.787496,1.21E-23,-0.022040758,0.001397305,-0.00847388,-2.936889,2.8057868,6.76E-20,-1.9102349,2.92E-07,1.96E-05,0.04042677,2.6023672,1.36E-18,-0.992797,-1.153156
6.82E-18,-2.6384726,-0.001683774,2.4443247,1.3507017,1.1803943,6.63E-23,-0.047644828,0.3245988,2.6194296,0.8877692,-3.49E-15,-2.58E-21,-0.23251063,1.49E-21,-0.000437092,-0.6830196,1.17E-23,-0.020648658,0.001175355,-0.007644097,-2.5508904,2.437129,6.84E-20,-1.6572675,2.51E-07,1.59E-05,0.036318146,2.2589858,1.25E-18,-0.8610847,-0.9993243
9.77E-18,-2.2099128,-0.001437078,2.0486202,1.1324774,0.9879949,6.23E-23,-0.03796912,0.26984638,2.194068,0.7438265,-3.71E-15,-2.46E-21,-0.19263846,1.38E-21,-0.000362944,-0.5727362,1.10E-23,-0.01870383,0.000924285,-0.006708427,-2.1359236,2.041112,5.59E-20,-1.3882598,2.10E-07,1.20E-05,0.031324618,1.8915374,1.20E-18,-0.72185284,-0.83704484
7.80E-18,-2.0856721,-0.001345167,1.9335264,1.0704198,0.93514574,6.03E-23,-0.03671459,0.2569233,2.0707402,0.7038726,-3.50E-15,-2.54E-21,-0.18369679,1.33E-21,-0.000339755,-0.54192644,1.07E-23,-0.017201185,0.00087124,-0.006265982,-2.0163393,1.9269997,5.58E-20,-1.3120749,1.97E-07,1.13E-05,0.029013215,1.7864693,1.12E-18,-0.6828396,-0.7919837
6.36E-18,-2.345847,-0.001493746,2.1736894,1.2023269,1.0512173,6.27E-23,-0.042391036,0.28960148,2.3289506,0.79064983,-3.40E-15,-2.72E-21,-0.20742539,1.40E-21,-0.0003836,-0.6083729,1.11E-23,-0.01846169,0.001014227,-0.006841548,-2.268152,2.167244,6.32E-20,-1.4747909,2.21E-07,1.35E-05,0.03206844,2.0092182,1.15E-18,-0.7667809,-0.88983524
8.93E-18,-2.4496572,-0.001538171,2.2694268,1.2571833,1.1018871,6.20E-23,-0.04585191,0.30574676,2.431936,0.82780606,-3.38E-15,-2.32E-21,-0.21939777,1.36E-21,-0.000397056,-0.6364952,1.09E-23,-0.018332861,0.001047172,-0.006979189,-2.369681,2.2642624,5.41E-20,-1.5426537,2.32E-07,1.42E-05,0.032446563,2.1005175,1.21E-18,-0.8021776,-0.93162405
4.49E-18,-2.2433023,-0.001376848,2.0778835,1.1518579,1.0113668,5.87E-23,-0.04337722,0.2825903,2.2270226,0.759232,-3.02E-15,-3.04E-21,-0.20320581,1.30E-21,-0.000354968,-0.5835085,1.04E-23,-0.015899967,0.000942944,-0.006222745,-2.1706393,2.0740337,5.90E-20,-1.413821,2.07E-07,1.27E-05,0.028577294,1.9246926,1.03E-18,-0.73526883,-0.85438514
7.81E-18,-2.3931508,-0.001495914,2.2171075,1.2294575,1.0785881,6.10E-23,-0.045507636,0.30045113,2.3758585,0.8101861,-3.26E-15,-2.28E-21,-0.21582484,1.33E-21,-0.000387078,-0.62291217,1.07E-23,-0.017541833,0.001029104,-0.006763775,-2.315427,2.212542,5.39E-20,-1.5085622,2.26E-07,1.40E-05,0.031319954,2.0530813,1.17E-18,-0.78493315,-0.9117345
5.65E-18,-2.4740353,-0.001549346,2.2918656,1.2700676,1.1135306,6.25E-23,-0.046964426,0.30984306,2.4561713,0.8366736,-3.18E-15,-2.43E-21,-0.22260927,1.39E-21,-0.00040352,-0.64336944,1.10E-23,-0.018118065,0.001093004,-0.006973004,-2.393372,2.2869055,6.16E-20,-1.5584719,2.34E-07,1.49E-05,0.032597475,2.1216168,1.16E-18,-0.81078047,-0.94163024
6.34E-18,-2.3444443,-0.001492639,2.1723883,1.2016225,1.0506201,6.27E-23,-0.042377666,0.2894555,2.3275578,0.79019576,-3.40E-15,-2.72E-21,-0.20732427,1.40E-21,-0.000383311,-0.6080213,1.11E-23,-0.018443778,0.001013459,-0.006836306,-2.266803,2.1659558,6.32E-20,-1.4739288,2.21E-07,1.35E-05,0.032040216,2.008033,1.15E-18,-0.766336,-0.889323
6.32E-18,-2.3406768,-0.001490127,2.1689014,1.1996996,1.0489426,6.27E-23,-0.042309105,0.2889973,2.3238175,0.78893363,-3.39E-15,-2.72E-21,-0.20699555,1.40E-21,-0.000382603,-0.60705066,1.11E-23,-0.018415153,0.001011339,-0.006825687,-2.2631607,2.1624775,6.31E-20,-1.471567,2.21E-07,1.35E-05,0.03198477,2.0048103,1.15E-18,-0.76511055,-0.8879007
5.89E-18,-2.153513,-0.001390536,1.9961191,1.1029803,0.9622468,6.19E-23,-0.037353463,0.26317412,2.1380677,0.72447246,-3.48E-15,-2.96E-21,-0.18803582,1.39E-21,-0.000352231,-0.55784136,1.10E-23,-0.01794491,0.00091315,-0.006471147,-2.0813036,1.9888198,6.45E-20,-1.3522571,2.02E-07,1.18E-05,0.030288741,1.8428717,1.10E-18,-0.7030708,-0.81529486
5.76E-18,-2.1276188,-0.001371524,1.9721184,1.089787,0.9508641,6.15E-23,-0.03696369,0.26016903,2.1123548,0.7158534,-3.47E-15,-3.01E-21,-0.18590164,1.38E-21,-0.000346942,-0.5511847,1.09E-23,-0.017694041,0.000897224,-0.006387651,-2.0563183,1.9649504,6.41E-20,-1.3360952,1.99E-07,1.16E-05,0.029841304,1.8208088,1.09E-18,-0.6946676,-0.80558187
5.83E-18,-2.2245784,-0.001407352,2.0613556,1.1406882,0.9979526,6.09E-23,-0.04050575,0.27549726,2.2085428,0.75039345,-3.32E-15,-2.89E-21,-0.1973953,1.36E-21,-0.000359605,-0.57732236,1.08E-23,-0.017341804,0.000942644,-0.006463784,-2.1511164,2.0554676,6.14E-20,-1.3991975,2.08E-07,1.25E-05,0.030050386,1.9058933,1.09E-18,-0.72756886,-0.84446204
4.90E-18,-2.2378888,-0.00138339,2.0730805,1.1489186,1.0080581,5.92E-23,-0.042750135,0.2810034,2.221678,0.75702846,-3.08E-15,-2.96E-21,-0.201917,1.31E-21,-0.000356006,-0.581956,1.04E-23,-0.016204145,0.000943145,-0.006274205,-2.1651278,2.0688107,5.91E-20,-1.4099754,2.08E-07,1.26E-05,0.028884683,1.9195564,1.04E-18,-0.73331904,-0.8519018
4.69E-18,-2.0602367,-0.00125354,1.9084289,1.0582794,0.9297817,5.62E-23,-0.039948136,0.26015303,2.0452578,0.6977249,-2.99E-15,-3.30E-21,-0.18705375,1.23E-21,-0.000319213,-0.536138,9.90E-24,-0.014555644,0.000826913,-0.00571433,-1.9936851,1.9050163,5.52E-20,-1.2989572,1.88E-07,1.09E-05,0.025845217,1.7681313,9.61E-19,-0.67549723,-0.7850702
-1.09E-18,-1.6799717,-0.001013536,1.5566014,0.8633739,0.75813437,5.33E-23,-0.032325022,0.21224785,1.6677954,0.56936055,-2.70E-15,-4.83E-21,-0.15256709,1.20E-21,-0.000252206,-0.437815,9.53E-24,-0.012069325,0.000642046,-0.004706783,-1.625429,1.5532844,6.75E-20,-1.0591562,1.47E-07,8.00E-06,0.020905534,1.4414637,7.00E-19,-0.55127907,-0.64037824
3.12E-18,-2.1311703,-0.00131744,1.9741279,1.0910494,0.9552196,5.89E-23,-0.03940978,0.26415804,2.1156816,0.71758175,-3.12E-15,-3.81E-21,-0.18942478,1.32E-21,-0.000334818,-0.55171865,1.04E-23,-0.016042043,0.000870213,-0.006051948,-2.0608892,1.9689245,6.64E-20,-1.3391352,1.94E-07,1.13E-05,0.027929908,1.8255681,9.59E-19,-0.69540745,-0.80758905
9.11E-19,-2.3928993,-0.001501438,2.216563,1.2260575,1.0729645,6.32E-23,-0.044353098,0.29685038,2.3755908,0.80677587,-3.02E-15,-4.47E-21,-0.21299762,1.45E-21,-0.000388509,-0.62069887,1.13E-23,-0.018021207,0.001049451,-0.006803574,-2.3140461,2.2108514,8.07E-20,-1.504388,2.23E-07,1.41E-05,0.032032173,2.0499072,9.63E-19,-0.7821395,-0.90790236
1.28E-17,-2.6572886,-0.001698485,2.4618766,1.3603091,1.1889561,6.56E-23,-0.047395628,0.3262037,2.6380448,0.8938046,-3.82E-15,-2.20E-21,-0.23335148,1.44E-21,-0.000436443,-0.6874687,1.15E-23,-0.021166563,0.00113091,-0.007774702,-2.5692334,2.4546604,5.42E-20,-1.6691644,2.55E-07,1.52E-05,0.03661958,2.27547,1.35E-18,-0.8667747,-1.0060749
6.44E-18,-2.3999932,-0.001546672,2.2237387,1.2248392,1.0668162,6.51E-23,-0.040714066,0.28954738,2.3826394,0.8029993,-3.66E-15,-3.66E-21,-0.20657448,1.48E-21,-0.000392683,-0.6181132,1.16E-23,-0.02021937,0.0010136,-0.007186585,-2.3187509,2.215106,7.30E-20,-1.5026045,2.25E-07,1.32E-05,0.034110777,2.0512595,1.14E-18,-0.77945495,-0.9039198
-1.61E-17,-1.0739006,-0.000677734,0.996515,0.5516499,0.47951305,5.29E-23,-0.017685346,0.13127688,1.0663126,0.3630242,-2.11E-15,-1.02E-20,-0.093657024,1.32E-21,-0.0001557,-0.28090563,9.98E-24,-0.009657146,0.000381551,-0.003383306,-1.0371108,0.9914004,1.18E-19,-0.6742266,8.30E-08,3.70E-06,0.015027728,0.9179615,6.41E-20,-0.3526038,-0.40747264
-1.90E-17,-1.024065,-0.000641278,0.9502937,0.5271901,0.45874855,5.27E-23,-0.017255258,0.12640119,1.0168391,0.3475543,-1.88E-15,-1.15E-20,-0.09032659,1.33E-21,-0.000146541,-0.26915038,1.00E-23,-0.009016627,0.000363044,-0.003199719,-0.98926944,0.9457455,1.28E-19,-0.6440153,7.74E-08,3.48E-06,0.014129203,0.8760466,-7.78E-20,-0.33747888,-0.3898575
-3.31E-17,0.063118376,8.24E-05,-0.055750474,-0.021955915,-0.017757501,4.07E-23,0.000341384,0.000136448,-0.06234406,-0.010167941,-7.03E-16,-1.56E-20,-0.000564389,1.11E-21,5.02E-05,0.005376168,8.23E-24,0.000269269,-0.000171452,-1.40E-06,0.06036949,-0.056186818,1.47E-19,0.031617112,-3.68E-08,-4.35E-06,-0.002329346,-0.05038861,-8.46E-19,0.010102574,0.013833012
-2.37E-17,0.059907578,6.78E-05,-0.052222416,-0.019222379,-0.015024159,3.94E-23,0.000949477,0.000272201,-0.059156016,-0.008528441,-1.23E-15,-1.36E-20,-0.000317223,1.01E-21,5.08E-05,0.004343778,7.78E-24,-0.000303203,-0.000218529,-0.000144295,0.057051003,-0.052777193,1.19E-19,0.028420314,-3.23E-08,-5.05E-06,-0.002087997,-0.046749376,-5.95E-19,0.008619241,0.011952035
-2.85E-17,0.22077045,0.000183366,-0.20142792,-0.101509124,-0.086576656,3.77E-23,0.003431166,-0.018762197,-0.21887864,-0.06228945,-8.94E-16,-1.50E-20,0.013161092,1.00E-21,8.14E-05,0.04563052,7.59E-24,0.001257913,-0.00029492,0.000384559,0.21245708,-0.20130658,1.31E-19,0.12937799,-5.12E-08,-6.18E-06,-0.004663292,-0.18433529,-8.02E-19,0.060888767,0.0726127
-4.30E-17,0.4808821,0.000299697,-0.44126064,-0.22947924,-0.19977318,3.97E-23,0.009284346,-0.049732722,-0.4768135,-0.14479536,-1.56E-16,-2.08E-20,0.03550518,1.17E-21,0.000112949,0.107488275,8.48E-24,0.00228089,-0.000349001,0.000884664,0.46386468,-0.4408903,1.86E-19,0.2890673,-7.65E-08,-6.88E-06,-0.006566957,-0.4059928,-1.38E-18,0.14027268,0.1664038
-3.92E-17,0.6402816,0.000369694,-0.5884002,-0.31477618,-0.27801383,3.87E-23,0.015525541,-0.07588501,-0.6349869,-0.20337522,-7.16E-16,-1.96E-20,0.05532472,1.14E-21,0.000139397,0.15259893,8.25E-24,0.001676694,-0.000465426,0.001022305,0.6196065,-0.5898494,1.76E-19,0.39372241,-9.37E-08,-8.92E-06,-0.007153207,-0.54591304,-1.24E-18,0.19634424,0.23184615
-5.00E-17,0.85674727,0.000310193,-0.7852018,-0.4190781,-0.3783253,4.48E-23,0.026861615,-0.11070039,-0.8492198,-0.27219766,-5.35E-16,-2.55E-20,0.082280785,1.43E-21,0.000128121,0.2018533,9.96E-24,-0.001846195,-0.00043186,0.000549947,0.8312083,-0.7907166,2.36E-19,0.5280801,-9.89E-08,-8.41E-06,-0.003063579,-0.7339895,-1.67E-18,0.260471,0.3108085
-8.19E-17,2.3510277,0.00096128,-2.1631207,-1.1748272,-1.0548856,4.07E-23,0.06676423,-0.30943972,-2.3315558,-0.76997894,7.38E-16,-3.74E-20,0.2281568,1.63E-21,0.000311668,0.57866436,1.05E-23,0.001021405,-0.000935934,0.0030318,2.280371,-2.1731324,3.45E-19,1.4659461,-2.30E-07,-1.60E-05,-0.012219649,-2.0191948,-3.04E-18,0.73887146,0.8735346
-3.04E-17,0.5958243,0.000189,-0.5449716,-0.29379493,-0.2682097,4.03E-23,0.022076651,-0.082748905,-0.59048575,-0.1930975,-1.63E-15,-1.69E-20,0.06253995,1.15E-21,9.41E-05,0.14344402,8.43E-24,-0.003239501,-0.000387146,5.04E-06,0.5794332,-0.5510797,1.58E-19,0.37042528,-7.30E-08,-7.83E-06,-0.000726754,-0.51285756,-8.48E-19,0.1842963,0.22000232
-1.50E-17,-0.4078796,-0.00034375,0.38219982,0.21864264,0.18737702,4.51E-23,-0.002741031,0.04943721,0.4055205,0.14532764,-2.09E-15,-1.04E-20,-0.03406133,1.12E-21,-6.20E-05,-0.114574045,8.66E-24,-0.006819663,8.28E-05,-0.002045327,-0.39351112,0.3778002,1.06E-19,-0.26233724,2.79E-08,-4.71E-07,0.008574545,0.3505405,-8.63E-20,-0.14204887,-0.16177896
9.53E-18,-2.803778,-0.001808289,2.5981557,1.4413811,1.2622685,6.79E-23,-0.05228121,0.3502594,2.783729,0.94958466,-3.49E-15,-8.49E-22,-0.25144276,1.50E-21,-0.000476705,-0.73076993,1.19E-23,-0.021369383,0.001317659,-0.008098018,-2.7120817,2.5918343,5.77E-20,-1.7675581,2.75E-07,1.84E-05,0.038484562,2.4043777,1.42E-18,-0.9208537,-1.068722
1.27E-17,-2.9656606,-0.001950481,2.7485416,1.5214636,1.3285668,7.17E-23,-0.052631043,0.36466601,2.9444814,1.0003792,-3.92E-15,-6.46E-22,-0.2609865,1.59E-21,-0.000511349,-0.7702668,1.26E-23,-0.024136133,0.001393969,-0.008825192,-2.867167,2.7398713,5.94E-20,-1.865387,2.94E-07,1.93E-05,0.042402156,2.539861,1.56E-18,-0.9709199,-1.1260289
9.20E-18,-3.28779,-0.002100072,3.0451427,1.6848005,1.4744724,7.31E-23,-0.061252072,0.40767777,3.2640672,1.1085324,-3.57E-15,-1.29E-21,-0.29264745,1.65E-21,-0.000558293,-0.8526064,1.29E-23,-0.024610136,0.001557455,-0.009319679,-3.1797252,3.0378711,6.97E-20,-2.0677347,3.21E-07,2.19E-05,0.044947203,2.8169398,1.51E-18,-1.0749483,-1.2480074
-5.75E-19,-2.08069,-0.001259205,1.9268879,1.0659598,0.9351441,5.74E-23,-0.04006755,0.2607468,2.0655303,0.701975,-2.79E-15,-4.18E-21,-0.18748899,1.30E-21,-0.000322524,-0.5394641,1.02E-23,-0.014654707,0.000859138,-0.005717248,-2.0127425,1.9228718,7.14E-20,-1.3087959,1.86E-07,1.13E-05,0.026241321,1.7835922,8.52E-19,-0.67986166,-0.7900123
-6.18E-19,-2.3310077,-0.0014094,2.1583,1.1950532,1.0495645,5.95E-23,-0.045937397,0.29388705,2.3140235,0.7876223,-2.71E-15,-3.78E-21,-0.21166244,1.35E-21,-0.000367701,-0.6051341,1.06E-23,-0.015784923,0.001009182,-0.006287695,-2.255459,2.1547163,7.30E-20,-1.4676086,2.12E-07,1.37E-05,0.029166054,1.9992411,9.27E-19,-0.7626512,-0.88649166
3.30E-18,-2.2490447,-0.001411636,2.0836,1.1518577,1.0075942,6.12E-23,-0.04118155,0.27814406,2.2327855,0.7574995,-3.19E-15,-3.38E-21,-0.1993896,1.38E-21,-0.000361924,-0.5826884,1.09E-23,-0.017259095,0.000959852,-0.006458143,-2.1746247,2.0777056,6.87E-20,-1.4133253,2.08E-07,1.27E-05,0.030157423,1.9261814,1.03E-18,-0.7344288,-0.8525458
6.38E-18,-2.350258,-0.001496665,2.1777718,1.2045813,1.0531873,6.28E-23,-0.04247341,0.29014271,2.3333297,0.7921311,-3.40E-15,-2.71E-21,-0.20781425,1.40E-21,-0.000384427,-0.609512,1.11E-23,-0.018494051,0.001016724,-0.006853793,-2.272418,2.171318,6.32E-20,-1.47756,2.22E-07,1.36E-05,0.032132227,2.0129945,1.15E-18,-0.76821864,-0.8915045
6.82E-18,-2.5418334,-0.001599131,2.3546357,1.3035564,1.1418576,6.36E-23,-0.047514223,0.31651205,2.523459,0.8580762,-3.31E-15,-2.46E-21,-0.2271673,1.41E-21,-0.00041562,-0.6598617,1.12E-23,-0.018994883,0.001117424,-0.007220243,-2.4585426,2.3490512,6.19E-20,-1.5996418,2.41E-07,1.52E-05,0.033890255,2.178712,1.20E-18,-0.83169776,-0.96578246
3.50E-18,-2.390901,-0.001479342,2.2144089,1.2254037,1.0741539,6.13E-23,-0.045364074,0.29851943,2.3735476,0.8067591,-3.07E-15,-3.23E-21,-0.21445373,1.38E-21,-0.000383306,-0.62017876,1.09E-23,-0.017344788,0.001030655,-0.006676159,-2.3127072,2.2095423,6.70E-20,-1.5042212,2.22E-07,1.39E-05,0.031131655,2.0493965,1.06E-18,-0.7816809,-0.9080239
4.49E-18,-2.241255,-0.001375529,2.0759892,1.1508018,1.0104364,5.87E-23,-0.04333307,0.28232533,2.2249904,0.7585332,-3.02E-15,-3.05E-21,-0.20301342,1.30E-21,-0.000354577,-0.5829713,1.03E-23,-0.015888076,0.000941653,-0.00621754,-2.1686568,2.0721393,5.90E-20,-1.4125245,2.07E-07,1.27E-05,0.028550135,1.9229329,1.03E-18,-0.7345914,-0.85359764
-2.10E-18,-2.1166592,-0.001268224,1.9600133,1.0865321,0.95524704,5.70E-23,-0.04233071,0.26866627,2.1012578,0.7167388,-2.57E-15,-3.93E-21,-0.19368145,1.29E-21,-0.000329094,-0.5506665,1.01E-23,-0.014038253,0.00090181,-0.005672822,-2.0484052,1.9570808,7.16E-20,-1.3341486,1.90E-07,1.21E-05,0.02597142,1.816391,8.37E-19,-0.69381374,-0.80658376
3.51E-18,-2.393641,-0.001481114,2.216943,1.2267988,1.0753723,6.13E-23,-0.04541566,0.29885373,2.3762674,0.80767465,-3.07E-15,-3.23E-21,-0.21469405,1.38E-21,-0.000383809,-0.6208824,1.09E-23,-0.01736416,0.001032191,-0.00668354,-2.315356,2.2120714,6.70E-20,-1.5059364,2.22E-07,1.39E-05,0.031170435,2.0517397,1.06E-18,-0.78256935,-0.909056
6.78E-18,-2.5333545,-0.001593479,2.3467884,1.299229,1.1380821,6.35E-23,-0.0473599,0.3154808,2.515041,0.8552359,-3.31E-15,-2.47E-21,-0.22642756,1.41E-21,-0.000414027,-0.6576772,1.12E-23,-0.018930469,0.001112655,-0.007196347,-2.4503453,2.3412228,6.18E-20,-1.5943269,2.40E-07,1.52E-05,0.033765484,2.1714592,1.20E-18,-0.8289398,-0.9625815
6.33E-18,-2.3416364,-0.001490767,2.1697896,1.2001894,1.0493699,6.27E-23,-0.04232656,0.28911397,2.32477,0.789255,-3.40E-15,-2.72E-21,-0.20707929,1.40E-21,-0.000382783,-0.60729784,1.11E-23,-0.018422443,0.001011879,-0.006828392,-2.2640884,2.1633632,6.31E-20,-1.4721686,2.21E-07,1.35E-05,0.03199889,2.005631,1.15E-18,-0.76542264,-0.888263
6.33E-18,-2.343731,-0.001492064,2.171726,1.2012607,1.0503119,6.27E-23,-0.042370275,0.28937864,2.3268495,0.78996116,-3.40E-15,-2.72E-21,-0.20727083,1.40E-21,-0.000383159,-0.60783976,1.11E-23,-0.018434752,0.001013059,-0.006833605,-2.2661161,2.1652997,6.32E-20,-1.4734864,2.21E-07,1.35E-05,0.03202591,2.007428,1.15E-18,-0.7661066,-0.8890589
4.56E-18,-2.0491843,-0.001314997,1.8995143,1.0509083,0.9178347,6.02E-23,-0.036218744,0.25222158,2.0345097,0.6909218,-3.33E-15,-2.99E-21,-0.18042676,1.35E-21,-0.000332958,-0.53198326,1.07E-23,-0.016741015,0.000867288,-0.006111942,-1.9808666,1.8929924,6.37E-20,-1.2882911,1.91E-07,1.12E-05,0.028399795,1.7546288,1.04E-18,-0.67032725,-0.7774512
5.19E-18,-2.1694012,-0.00136963,2.0102775,1.112724,0.9737088,6.02E-23,-0.039645568,0.2690924,2.1537702,0.7321503,-3.26E-15,-2.97E-21,-0.19285285,1.34E-21,-0.000349489,-0.56329185,1.07E-23,-0.016843777,0.000915972,-0.006295271,-2.0978339,2.0045977,6.15E-20,-1.3648398,2.02E-07,1.21E-05,0.029183667,1.8588402,1.06E-18,-0.7098375,-0.8239002
2.75E-18,-2.107129,-0.001288792,1.9518439,1.0817575,0.9496266,5.75E-23,-0.04064818,0.26529658,2.0918424,0.71296084,-2.93E-15,-3.40E-21,-0.19075131,1.28E-21,-0.000330324,-0.5479994,1.02E-23,-0.014987106,0.000873869,-0.005853888,-2.0387285,1.9480076,6.18E-20,-1.3276888,1.92E-07,1.16E-05,0.026755754,1.8075873,9.50E-19,-0.69047624,-0.80227387
-5.66E-18,-1.324516,-0.000784846,1.2277018,0.6813912,0.5983399,5.00E-23,-0.025532454,0.1680918,1.3149617,0.44963083,-2.45E-15,-5.54E-21,-0.12087496,1.14E-21,-0.000189204,-0.34596232,9.04E-24,-0.009552988,0.000471611,-0.003732197,-1.2813333,1.2246544,7.35E-20,-0.83540106,1.08E-07,5.36E-06,0.016071158,1.136433,5.09E-19,-0.43532968,-0.5054999
-5.94E-18,-1.4224756,-0.00081603,1.3175368,0.7301701,0.64240646,4.96E-23,-0.028348614,0.18113935,1.4120606,0.48179182,-2.35E-15,-6.01E-21,-0.13048454,1.13E-21,-0.000198298,-0.37017745,8.95E-24,-0.009474142,0.000493322,-0.003824863,-1.376523,1.3152305,7.46E-20,-0.89634603,1.15E-07,5.72E-06,0.016425915,1.2207195,4.79E-19,-0.46602154,-0.54180413
-1.80E-17,-1.1191832,-0.000660793,1.0376228,0.57768786,0.506875,5.08E-23,-0.021746635,0.14331764,1.1111807,0.3822756,-1.72E-15,-1.03E-20,-0.10324456,1.26E-21,-0.000156708,-0.2950835,9.58E-24,-0.008054279,0.000409404,-0.003163334,-1.082741,1.0350112,1.17E-19,-0.7070371,8.54E-08,4.43E-06,0.013646295,0.96052235,-5.63E-21,-0.37025988,-0.4290688
5.27E-18,-2.4577494,-0.001548565,2.2765734,1.2572132,1.0990025,6.38E-23,-0.0442926,0.30203563,2.439889,0.82618815,-3.35E-15,-4.49E-21,-0.21624172,1.45E-21,-0.000396467,-0.6355195,1.14E-23,-0.019162871,0.001033524,-0.00708895,-2.3762758,2.2700953,7.41E-20,-1.5428941,2.30E-07,1.37E-05,0.033328258,2.104186,1.04E-18,-0.8010565,-0.9298166
1.10E-17,-2.7386909,-0.001755779,2.5373971,1.4048932,1.2292024,6.70E-23,-0.04972074,0.33887166,2.7189116,0.9243874,-3.62E-15,-3.32E-21,-0.24271531,1.49E-21,-0.000454325,-0.71126604,1.18E-23,-0.021445788,0.001195422,-0.007974831,-2.6487193,2.5308425,6.36E-20,-1.7233311,2.65E-07,1.64E-05,0.0376439,2.3470976,1.26E-18,-0.89628637,-1.0401988
1.40E-17,-2.4639084,-0.00158235,2.2834256,1.2654278,1.1075678,6.33E-23,-0.044291276,0.30527425,2.4461286,0.83281344,-3.74E-15,-2.97E-21,-0.21842279,1.38E-21,-0.000402961,-0.6408108,1.11E-23,-0.019710623,0.001019306,-0.00728523,-2.3831596,2.277381,4.99E-20,-1.5517986,2.39E-07,1.37E-05,0.03381142,2.112506,1.25E-18,-0.80736595,-0.9369732
3.26E-18,-2.2408848,-0.001434884,2.0770967,1.1561193,1.0140699,6.22E-23,-0.04209644,0.282983,2.2248502,0.76333207,-2.94E-15,-5.79E-21,-0.2031591,1.41E-21,-0.000368603,-0.5879878,1.12E-23,-0.017116591,0.000974115,-0.006530371,-2.1686018,2.072847,7.77E-20,-1.4165564,2.16E-07,1.33E-05,0.030219834,1.9243481,8.53E-19,-0.7397798,-0.8581861
-2.92E-17,-0.5432932,-0.000307809,0.5056144,0.29384595,0.2622602,4.66E-23,-0.013149079,0.08094028,0.5397013,0.19999212,-7.08E-16,-1.56E-20,-0.059192862,1.23E-21,-6.22E-05,-0.15619753,9.23E-24,-0.003169678,0.00016497,-0.001564187,-0.52809644,0.50631744,1.48E-19,-0.35580972,3.14E-08,1.16E-06,0.005385548,0.47362366,-6.75E-19,-0.19307283,-0.22245938
-1.43E-17,-0.8079933,-0.000516576,0.7516883,0.42965293,0.37985593,4.87E-23,-0.016290722,0.11112389,0.80255693,0.28828397,-1.68E-15,-1.14E-20,-0.08018478,1.18E-21,-0.000114652,-0.22392853,9.24E-24,-0.006414964,0.000266375,-0.002582528,-0.7836601,0.7507632,1.08E-19,-0.5221711,6.63E-08,2.64E-06,0.010146877,0.70005494,-1.22E-19,-0.27902988,-0.3221666
-2.25E-17,-0.16294053,-6.75E-05,0.15387957,0.09631497,0.08767664,4.12E-23,-0.004285596,0.03014137,0.16206434,0.06830351,-1.21E-15,-1.33E-20,-0.022074267,1.04E-21,1.10E-05,-0.054569084,8.05E-24,-0.001345044,-9.48E-05,-0.000667998,-0.15921655,0.15386653,1.18E-19,-0.11361816,-8.30E-09,-3.02E-06,0.000495321,0.14572263,-5.20E-19,-0.0655778,-0.07452611
-2.10E-17,-0.07371857,-4.47E-05,0.07204081,0.05016526,0.044811737,4.20E-23,-0.000635036,0.015866434,0.07360038,0.03696815,-1.46E-15,-1.32E-20,-0.011241697,1.07E-21,2.10E-05,-0.03091063,8.22E-24,-0.001965605,-0.00013946,-0.000668518,-0.07200198,0.07071889,1.18E-19,-0.056153916,-1.52E-08,-3.85E-06,0.000587285,0.067685686,-4.81E-19,-0.035822105,-0.039266016
-2.99E-17,0.36412,0.000252116,-0.33390993,-0.1766452,-0.15461904,3.79E-23,0.008359595,-0.04038007,-0.36108738,-0.11305435,-1.11E-15,-1.59E-20,0.029363744,1.03E-21,0.000105763,0.084550366,7.75E-24,0.001102472,-0.000384659,0.000570226,0.35199088,-0.33470553,1.41E-19,0.2217617,-6.85E-08,-7.72E-06,-0.005469891,-0.3090271,-8.57E-19,0.109573275,0.12948579
-7.72E-17,1.9477932,0.000859656,-1.7921635,-0.9688356,-0.86587346,4.12E-23,0.051948126,-0.24844548,-1.9316983,-0.6320556,8.27E-16,-3.49E-20,0.18222031,1.56E-21,0.000279952,0.47471753,1.03E-23,0.002638598,-0.000816789,0.002812455,1.8878158,-1.7986889,3.21E-19,1.209496,-2.02E-07,-1.42E-05,-0.012739232,-1.6694298,-2.80E-18,0.6073597,0.717917
-5.16E-17,1.3160111,0.000575819,-1.2096896,-0.65425694,-0.5859822,3.85E-23,0.03684303,-0.16962573,-1.305081,-0.42741194,-4.22E-16,-2.46E-20,0.1250034,1.27E-21,0.000200997,0.32081565,8.79E-24,0.000629898,-0.000644551,0.001654934,1.2761788,-1.2155904,2.25E-19,0.8177184,-1.43E-07,-1.16E-05,-0.008235833,-1.1286788,-1.74E-18,0.41060722,0.48572004
-6.15E-17,1.955754,0.000779369,-1.7986068,-0.9793608,-0.8814613,3.74E-23,0.057965025,-0.2616159,-1.9395435,-0.64361197,-3.13E-16,-2.90E-20,0.19368686,1.37E-21,0.000261862,0.48400334,9.13E-24,-0.000546249,-0.000840969,0.002259197,1.8980757,-1.8087415,2.68E-19,1.2221589,-1.92E-07,-1.46E-05,-0.009166142,-1.6816756,-2.19E-18,0.6173914,0.72990584
-6.63E-17,2.192015,0.000857352,-2.0162833,-1.0994333,-0.99034643,3.69E-23,0.06550774,-0.2953648,-2.1738656,-0.7233713,-1.37E-16,-3.11E-20,0.21881808,1.41E-21,0.000283286,0.5442407,9.28E-24,-0.000789723,-0.000905502,0.002520005,2.1275547,-2.0276573,2.88E-19,1.3713582,-2.09E-07,-1.56E-05,-0.00959577,-1.8856162,-2.43E-18,0.6937229,0.8199545
-1.06E-17,-0.2672293,-0.000262405,0.2521546,0.1423556,0.11780435,4.34E-23,0.002020507,0.026861485,0.2658419,0.092923746,-2.55E-15,-8.69E-21,-0.01715577,1.05E-21,-3.39E-05,-0.07405695,8.21E-24,-0.006879882,-3.10E-05,-0.001816878,-0.2560042,0.24616995,9.04E-20,-0.16908124,1.18E-08,-2.49E-06,0.00737698,0.22669783,7.64E-20,-0.091662124,-0.103158936
4.46E-18,-1.8107224,-0.001179825,1.6794047,0.93294525,0.81592315,5.67E-23,-0.03212452,0.22540984,1.7978876,0.61464953,-3.15E-15,-3.01E-21,-0.1612559,1.26E-21,-0.000297556,-0.47357252,1.01E-23,-0.015018105,0.000766401,-0.005510608,-1.7510594,1.6739738,5.79E-20,-1.142518,1.72E-07,9.93E-06,0.025350835,1.5528364,9.59E-19,-0.5962167,-0.6912618
1.45E-17,-3.3599248,-0.00218005,3.1127696,1.7230384,1.5068161,7.46E-23,-0.06134651,0.41531026,3.3357778,1.1334502,-3.94E-15,-3.23E-22,-0.2977155,1.66E-21,-0.000577433,-0.87209696,1.31E-23,-0.026105024,0.001590766,-0.009735996,-3.2492325,3.1045928,5.90E-20,-2.1138175,3.34E-07,2.24E-05,0.046950825,2.8787298,1.68E-18,-1.0994682,-1.2759814
9.26E-18,-2.5611122,-0.001632901,2.3729231,1.3129723,1.1485823,6.47E-23,-0.04663059,0.31674853,2.5426397,0.86360914,-3.54E-15,-2.19E-21,-0.22694919,1.43E-21,-0.000422259,-0.6643548,1.14E-23,-0.019939274,0.00112053,-0.007429057,-2.4766412,2.3664129,5.87E-20,-1.6107669,2.45E-07,1.52E-05,0.034965746,2.1942353,1.27E-18,-0.83741397,-0.97200763
4.67E-18,-2.289997,-0.001384006,2.1205869,1.1756039,1.0336088,5.80E-23,-0.045202903,0.2898398,2.2732856,0.7752202,-2.94E-15,-3.23E-21,-0.20865239,1.27E-21,-0.000357598,-0.59542745,1.02E-23,-0.015574215,0.000947806,-0.0062167,-2.2163422,2.1175303,5.75E-20,-1.4436309,2.10E-07,1.28E-05,0.028402759,1.9655577,1.01E-18,-0.75034446,-0.8724123
2.00E-18,-2.0019085,-0.001224283,1.8543483,1.0252223,0.8983034,5.70E-23,-0.037444126,0.24911457,1.9873365,0.67457795,-3.00E-15,-4.07E-21,-0.17874949,1.28E-21,-0.000309282,-0.51855236,1.01E-23,-0.014809276,0.000797169,-0.005639364,-1.9361128,1.8497355,6.59E-20,-1.2584337,1.80E-07,1.02E-05,0.025760287,1.7153442,8.86E-19,-0.65352815,-0.7591293
3.53E-18,-2.3959723,-0.001482733,2.2191017,1.2279773,1.0763903,6.14E-23,-0.045450114,0.29911965,2.3785815,0.8084418,-3.07E-15,-3.23E-21,-0.21488217,1.38E-21,-0.000384243,-0.62147295,1.09E-23,-0.017386232,0.001033357,-0.006690818,-2.3176057,2.214219,6.70E-20,-1.5073838,2.22E-07,1.39E-05,0.031208422,2.053724,1.06E-18,-0.783316,-0.9099209
5.66E-18,-2.4752786,-0.00155019,2.2930167,1.2706984,1.114078,6.25E-23,-0.0469848,0.30998898,2.4574056,0.8370859,-3.18E-15,-2.43E-21,-0.22271316,1.39E-21,-0.000403751,-0.6436866,1.10E-23,-0.018128712,0.001093655,-0.006976692,-2.3945732,2.288052,6.16E-20,-1.559247,2.34E-07,1.49E-05,0.032616727,2.1226776,1.16E-18,-0.811181,-0.94209474
6.83E-18,-2.5428863,-0.001599831,2.3556106,1.3040938,1.1423265,6.36E-23,-0.047533445,0.31664023,2.5245044,0.858429,-3.31E-15,-2.46E-21,-0.22725923,1.41E-21,-0.000415817,-0.66013306,1.12E-23,-0.019002847,0.001118016,-0.007223202,-2.4595606,2.3500235,6.19E-20,-1.600302,2.41E-07,1.52E-05,0.033905707,2.1796129,1.20E-18,-0.83204025,-0.96618
5.23E-18,-2.2860293,-0.001449344,2.1183062,1.172902,1.0264269,6.17E-23,-0.04198011,0.28388864,2.2695856,0.7719099,-3.27E-15,-2.68E-21,-0.20355123,1.38E-21,-0.000373003,-0.5939293,1.09E-23,-0.017649036,0.00099423,-0.006617372,-2.2106934,2.1124625,6.30E-20,-1.4386125,2.15E-07,1.33E-05,0.030896414,1.9589413,1.11E-18,-0.74845034,-0.8686836
-2.12E-18,-2.111184,-0.001264619,1.9549458,1.0837264,0.95279014,5.69E-23,-0.042224195,0.26798436,2.0958219,0.71489143,-2.57E-15,-3.94E-21,-0.19319005,1.29E-21,-0.000328058,-0.549246,1.01E-23,-0.014000271,0.000898589,-0.005657948,-2.0431082,1.9520214,7.15E-20,-1.3307029,1.89E-07,1.20E-05,0.02589377,1.8116983,8.34E-19,-0.6920213,-0.8045021
-2.12E-18,-2.112803,-0.001265643,1.9564427,1.0845494,0.9535095,5.69E-23,-0.04225537,0.2681823,2.097429,0.7154317,-2.57E-15,-3.94E-21,-0.19333257,1.29E-21,-0.000328351,-0.54966086,1.01E-23,-0.014011139,0.000899495,-0.005662171,-2.0446737,1.9535158,7.16E-20,-1.3317155,1.89E-07,1.21E-05,0.025916068,1.8130828,8.35E-19,-0.69254524,-0.805111
-9.77E-19,-2.1752481,-0.001311814,2.0142589,1.1153178,0.9794721,5.80E-23,-0.04271461,0.2742163,2.159403,0.7350543,-2.70E-15,-3.97E-21,-0.19743744,1.31E-21,-0.000339452,-0.5647839,1.03E-23,-0.014843653,0.000921045,-0.005893764,-2.1046727,2.0107238,7.18E-20,-1.3695433,1.96E-07,1.23E-05,0.027127141,1.8656083,8.73E-19,-0.71173304,-0.82725734
3.50E-18,-2.3912973,-0.001479551,2.214774,1.2256026,1.0743288,6.13E-23,-0.045373,0.29856864,2.3739405,0.8068896,-3.07E-15,-3.23E-21,-0.21448958,1.38E-21,-0.000383369,-0.62027854,1.09E-23,-0.017346349,0.001030873,-0.006676934,-2.3130903,2.2099075,6.70E-20,-1.5044672,2.22E-07,1.39E-05,0.031135947,2.049735,1.06E-18,-0.78180707,-0.9081712
6.81E-18,-2.540626,-0.001598294,2.3535182,1.3029479,1.141333,6.36E-23,-0.0474969,0.31637603,2.5222604,0.8576808,-3.31E-15,-2.46E-21,-0.22707123,1.41E-21,-0.000415397,-0.6595574,1.12E-23,-0.018983256,0.001116832,-0.007216461,-2.457378,2.3479397,6.19E-20,-1.5988942,2.41E-07,1.52E-05,0.033870447,2.1776857,1.20E-18,-0.8313128,-0.9653366
4.50E-18,-2.406232,-0.001499733,2.2290936,1.2365628,1.085172,6.14E-23,-0.04640004,0.30314475,2.3888783,0.81525093,-3.05E-15,-2.40E-21,-0.21802552,1.36E-21,-0.00039143,-0.62686336,1.08E-23,-0.017249808,0.001068374,-0.006727282,-2.3281898,2.2247484,6.13E-20,-1.51728,2.27E-07,1.46E-05,0.03131236,2.0645027,1.12E-18,-0.78984696,-0.9174555
1.82E-18,-2.1351879,-0.001329331,1.9781688,1.0949634,0.95902,5.94E-23,-0.03991378,0.2661125,2.1197684,0.720811,-3.02E-15,-3.42E-21,-0.19102046,1.34E-21,-0.00034087,-0.5544142,1.06E-23,-0.015959278,0.000909501,-0.006067939,-2.0649934,1.9730992,6.80E-20,-1.3434391,1.96E-07,1.20E-05,0.028109115,1.8298254,9.69E-19,-0.6986314,-0.8111659
4.08E-18,-2.1685622,-0.001366143,2.0094843,1.113078,0.97459614,6.01E-23,-0.04014329,0.27012622,2.1529589,0.73280543,-3.16E-15,-2.90E-21,-0.1937751,1.34E-21,-0.000350274,-0.5637986,1.06E-23,-0.016564049,0.000930435,-0.006249399,-2.0972612,2.0041177,6.30E-20,-1.3652287,2.02E-07,1.23E-05,0.028979424,1.8587013,1.05E-18,-0.71040136,-0.8246189
1.94E-18,-1.8295971,-0.001155959,1.6959988,0.93896854,0.8209945,5.71E-23,-0.032930803,0.22666472,1.8164829,0.6177885,-3.09E-15,-3.50E-21,-0.16232038,1.28E-21,-0.000289841,-0.47559443,1.02E-23,-0.014604778,0.000748491,-0.005400622,-1.768864,1.6904658,6.47E-20,-1.151073,1.66E-07,9.46E-06,0.024705986,1.5672772,9.07E-19,-0.5991254,-0.6950498
-4.86E-18,-1.4617472,-0.0008603,1.3542819,0.74975616,0.65811956,5.09E-23,-0.028212387,0.18429217,1.4511218,0.4940869,-2.52E-15,-5.09E-21,-0.13252607,1.16E-21,-0.000210387,-0.3798337,9.15E-24,-0.010335299,0.000532226,-0.004044301,-1.4139019,1.3510158,7.19E-20,-0.92004204,1.21E-07,6.24E-06,0.01768218,1.2532501,5.81E-19,-0.47834617,-0.555765
-2.24E-17,-0.26234773,-0.000112876,0.24512734,0.14122042,0.124993086,4.16E-23,-0.005411113,0.03827528,0.26063555,0.09571233,-1.39E-15,-1.16E-20,-0.027720012,1.05E-21,-1.85E-06,-0.07508973,8.04E-24,-0.00211928,-5.12E-05,-0.000874513,-0.25405124,0.24380752,1.14E-19,-0.17017573,-3.56E-09,-2.61E-06,0.001801385,0.22722146,-3.67E-19,-0.09239273,-0.10604842
-1.25E-17,-0.9133865,-0.00052906,0.8471778,0.46900117,0.41002944,4.76E-23,-0.016254053,0.11394833,0.9067914,0.30903554,-2.15E-15,-8.96E-21,-0.08155062,1.14E-21,-0.000113966,-0.23842946,8.86E-24,-0.00737757,0.000240136,-0.002715549,-0.8827535,0.8437409,9.67E-20,-0.57410395,6.30E-08,1.63E-06,0.011128774,0.78202397,1.14E-19,-0.29939824,-0.3468902
-1.89E-17,-0.908369,-0.000597226,0.84403497,0.4716022,0.41012186,5.24E-23,-0.014608857,0.113173656,0.9021066,0.31192935,-1.84E-15,-1.26E-20,-0.080675684,1.33E-21,-0.000132979,-0.24237363,1.01E-23,-0.008753015,0.00031388,-0.003041653,-0.87776494,0.8397177,1.31E-19,-0.5744093,7.05E-08,2.84E-06,0.013288803,0.7784877,-1.69E-19,-0.30309033,-0.34929287
1.48E-17,-2.326734,-0.001508008,2.1564806,1.1913946,1.0398494,6.25E-23,-0.039455958,0.28310987,2.309915,0.7821391,-3.99E-15,-3.26E-21,-0.20178463,1.36E-21,-0.000377085,-0.60186607,1.10E-23,-0.019857328,0.00091444,-0.007078905,-2.249182,2.1490924,5.03E-20,-1.4611037,2.23E-07,1.19E-05,0.03289318,1.9919059,1.24E-18,-0.75870425,-0.88014644
1.77E-17,-2.4992776,-0.001612721,2.3166358,1.2863175,1.1271911,6.29E-23,-0.04562881,0.3120601,2.4813297,0.8474336,-3.88E-15,-1.14E-21,-0.22348706,1.33E-21,-0.000413097,-0.65198684,1.09E-23,-0.019781888,0.001053575,-0.007392537,-2.4179792,2.311021,3.44E-20,-1.5770772,2.46E-07,1.44E-05,0.03416398,2.1446593,1.42E-18,-0.82141626,-0.95344204
3.90E-18,-1.6059177,-0.000972049,1.4887155,0.8316094,0.7335767,5.13E-23,-0.03216422,0.20823854,1.5943394,0.5506817,-2.75E-15,-4.83E-21,-0.14994109,1.11E-21,-0.000239583,-0.42351446,9.09E-24,-0.011180257,0.000581528,-0.004520148,-1.5555298,1.487165,5.24E-20,-1.0192655,1.45E-07,7.38E-06,0.019373845,1.3825876,7.16E-19,-0.5325851,-0.6188506
2.88E-18,-1.7921048,-0.001090713,1.661264,0.93236125,0.82493883,5.30E-23,-0.03776946,0.23710361,1.7792679,0.6193933,-2.48E-15,-5.21E-21,-0.17133844,1.15E-21,-0.000277708,-0.4765062,9.43E-24,-0.011565999,0.00072024,-0.004918221,-1.7372336,1.6612121,5.70E-20,-1.1423371,1.68E-07,9.82E-06,0.021295872,1.5460951,6.98E-19,-0.5987588,-0.69585526
-8.63E-18,-0.86987215,-0.000487085,0.80743754,0.45750058,0.40716776,4.42E-23,-0.019392192,0.12018939,0.863702,0.30604923,-1.89E-15,-8.25E-21,-0.08712336,1.01E-21,-0.000107498,-0.23594706,8.12E-24,-0.00527273,0.000229669,-0.002393849,-0.8441006,0.8078291,7.63E-20,-0.55907565,6.58E-08,2.10E-06,0.008735724,0.7533443,1.34E-19,-0.29523712,-0.34288293
1.93E-18,-0.99073726,-0.000688321,0.9217181,0.51973474,0.45507836,4.80E-23,-0.016128734,0.12661436,0.9840193,0.34471276,-2.85E-15,-5.56E-21,-0.09004932,1.05E-21,-0.000156582,-0.26696333,8.66E-24,-0.009876133,0.000323307,-0.003483397,-0.9588428,0.91806716,5.55E-20,-0.63287044,9.28E-08,3.35E-06,0.014794298,0.8535272,5.57E-19,-0.33444852,-0.38639367
-7.21E-18,-0.22071972,-0.000150334,0.20791589,0.11951341,0.10334791,3.95E-23,-0.000754737,0.027606662,0.21944028,0.079466745,-2.50E-15,-7.67E-21,-0.018662866,9.04E-22,-2.88E-06,-0.062399358,7.33E-24,-0.004234522,-0.000130567,-0.001249194,-0.21288437,0.20478606,7.01E-20,-0.14293352,1.49E-10,-3.88E-06,0.003486055,0.19041452,1.23E-19,-0.07720116,-0.08817159
-4.02E-17,0.9548325,0.00036186,-0.8756966,-0.47149646,-0.42512354,4.00E-23,0.029694151,-0.12547594,-0.9466364,-0.3081029,-1.04E-15,-2.07E-20,0.0933175,1.22E-21,0.000141966,0.23008116,8.70E-24,-0.001664742,-0.000497954,0.000730646,0.9267286,-0.88198704,1.91E-19,0.59188104,-1.04E-07,-9.41E-06,-0.003967624,-0.8192989,-1.27E-18,0.29523385,0.35073894
-4.91E-17,1.3368034,0.000563854,-1.2282885,-0.66461885,-0.59644103,3.84E-23,0.038366005,-0.1736807,-1.3256652,-0.43455955,-6.66E-16,-2.36E-20,0.12824935,1.25E-21,0.000200184,0.32595775,8.68E-24,-3.09E-05,-0.000653292,0.001548437,1.2968785,-1.235188,2.17E-19,0.8312459,-1.43E-07,-1.18E-05,-0.007644983,-1.1473706,-1.61E-18,0.4172182,0.49392992
-1.01E-16,3.1276052,0.001212813,-2.876776,-1.5595706,-1.401139,4.05E-23,0.088411264,-0.4102931,-3.1016579,-1.020991,1.69E-15,-4.43E-20,0.30231833,1.79E-21,0.000380614,0.76644534,1.12E-23,0.001150155,-0.001089193,0.003958948,3.033685,-2.8905442,4.13E-19,1.9478366,-2.84E-07,-1.81E-05,-0.014581291,-2.6856875,-3.80E-18,0.97941214,1.1589735
-8.28E-17,2.8004565,0.001081566,-2.5764692,-1.40462,-1.2650644,3.78E-23,0.08291776,-0.3767535,-2.7772844,-0.92387307,4.85E-16,-3.78E-20,0.27881628,1.59E-21,0.000348015,0.6950491,1.01E-23,-0.000556174,-0.001074072,0.003319573,2.717897,-2.590431,3.51E-19,1.7517838,-2.59E-07,-1.81E-05,-0.011977194,-2.40891,-3.11E-18,0.8859062,1.0471346
-4.02E-17,1.4192638,0.000562381,-1.304758,-0.7149172,-0.64602375,3.55E-23,0.04524126,-0.19603065,-1.4074938,-0.47250316,-1.48E-15,-2.08E-20,0.14613782,1.14E-21,0.000203911,0.35593435,8.03E-24,-0.002037677,-0.000733807,0.001352336,1.3787584,-1.3140647,1.91E-19,0.89149,-1.48E-07,-1.32E-05,-0.005910305,-1.2232242,-1.33E-18,0.4529733,0.53520143
-2.00E-17,0.31043798,6.37E-05,-0.28170645,-0.14903319,-0.1378981,3.76E-23,0.01379682,-0.043831594,-0.30746573,-0.09746702,-1.85E-15,-1.21E-20,0.033856854,9.73E-22,5.41E-05,0.07125129,7.46E-24,-0.003452956,-0.000275396,-0.000412743,0.30243462,-0.28675047,1.13E-19,0.19075665,-4.26E-08,-5.96E-06,0.000895126,-0.2668104,-4.23E-19,0.09269087,0.11201865
7.66E-18,-1.818208,-0.001147258,1.6857669,0.93634593,0.82092136,5.54E-23,-0.0334792,0.2282188,1.8051779,0.61719203,-3.28E-15,-2.60E-21,-0.16355117,1.19E-21,-0.000285986,-0.4749226,9.72E-24,-0.014263932,0.000712395,-0.005367397,-1.758927,1.6813085,4.61E-20,-1.1476489,1.69E-07,9.08E-06,0.024059415,1.5602907,1.02E-18,-0.5980846,-0.6942036
1.03E-17,-2.6307094,-0.001661105,2.4372494,1.3520604,1.1859558,6.38E-23,-0.049945038,0.3301982,2.611743,0.8910521,-3.41E-15,-1.52E-21,-0.23718876,1.39E-21,-0.000433741,-0.6851753,1.12E-23,-0.019389778,0.00116745,-0.007462876,-2.5453334,2.432293,5.10E-20,-1.6588483,2.54E-07,1.61E-05,0.034885656,2.2570772,1.32E-18,-0.86343056,-1.0027955
1.36E-17,-2.845248,-0.00181002,2.6358564,1.4601336,1.2791653,6.66E-23,-0.05288317,0.35417885,2.8246918,0.9612085,-3.70E-15,-1.30E-21,-0.25404853,1.45E-21,-0.000472376,-0.7391328,1.16E-23,-0.02153987,0.001260212,-0.008151372,-2.7523022,2.6298335,4.96E-20,-1.791668,2.77E-07,1.75E-05,0.038410846,2.439535,1.44E-18,-0.93168384,-1.081888
7.82E-18,-2.0198743,-0.00126222,1.8717291,1.0358492,0.9070087,5.74E-23,-0.036748637,0.25053504,2.0052385,0.6814632,-3.36E-15,-3.19E-21,-0.17939171,1.25E-21,-0.000316155,-0.52405065,1.01E-23,-0.01575635,0.000787675,-0.005876535,-1.953431,1.8665847,5.23E-20,-1.2707734,1.86E-07,1.01E-05,0.026739731,1.7311265,1.03E-18,-0.66039747,-0.7667767
7.54E-18,-2.0404048,-0.001273143,1.8906847,1.0465585,0.91664505,5.76E-23,-0.037357878,0.25350386,2.02562,0.688654,-3.33E-15,-3.16E-21,-0.18159735,1.26E-21,-0.00031985,-0.5295541,1.01E-23,-0.015773956,0.000802469,-0.005909983,-1.9733938,1.8856581,5.29E-20,-1.2839625,1.88E-07,1.03E-05,0.026916524,1.7489331,1.03E-18,-0.6673239,-0.7748754
1.97E-18,-2.1384444,-0.00133168,1.9811734,1.096427,0.960179,5.95E-23,-0.039879568,0.26627338,2.1229956,0.72168094,-3.03E-15,-3.45E-21,-0.19110334,1.34E-21,-0.00034122,-0.55507946,1.06E-23,-0.016028985,0.000908512,-0.006083206,-2.0680902,1.9760364,6.80E-20,-1.34526,1.96E-07,1.20E-05,0.028186504,1.8324757,9.71E-19,-0.6994887,-0.8121524
2.35E-18,-2.3300395,-0.001434089,2.1580558,1.1954452,1.0489066,6.03E-23,-0.04494162,0.29269093,2.3131456,0.7876716,-2.94E-15,-3.20E-21,-0.2104989,1.35E-21,-0.000372485,-0.605466,1.07E-23,-0.016519044,0.001010077,-0.00644799,-2.254242,2.1537986,6.68E-20,-1.4673908,2.15E-07,1.37E-05,0.029938884,1.9982307,1.02E-18,-0.763011,-0.8864812
5.24E-18,-2.2893074,-0.001451492,2.1213396,1.1745825,1.0278996,6.18E-23,-0.042044632,0.28429842,2.2728403,0.77301687,-3.27E-15,-2.67E-21,-0.20384675,1.38E-21,-0.000373622,-0.5947804,1.09E-23,-0.017671332,0.000996163,-0.006626199,-2.2138653,2.115492,6.30E-20,-1.4406765,2.16E-07,1.33E-05,0.030942466,1.9617517,1.11E-18,-0.7495242,-0.869931
6.38E-18,-2.3512638,-0.001497366,2.178703,1.2050934,1.0536314,6.28E-23,-0.042490378,0.29026216,2.3343282,0.79246664,-3.40E-15,-2.71E-21,-0.20789966,1.40E-21,-0.000384626,-0.6097706,1.11E-23,-0.01850254,0.001017345,-0.006856781,-2.2733889,2.1722455,6.32E-20,-1.4781885,2.22E-07,1.36E-05,0.032148298,2.0138526,1.15E-18,-0.7685451,-0.8918826
5.19E-18,-2.279004,-0.001444655,2.1118038,1.1693164,1.0232989,6.16E-23,-0.04185245,0.28303444,2.2626112,0.7695563,-3.27E-15,-2.69E-21,-0.20293857,1.38E-21,-0.000371682,-0.5921191,1.09E-23,-0.017595507,0.000990277,-0.006597538,-2.2039018,2.105976,6.29E-20,-1.4342084,2.14E-07,1.32E-05,0.030792858,1.9529319,1.11E-18,-0.7461651,-0.8660314
4.44E-18,-2.2346022,-0.001371091,2.0698311,1.1474019,1.0074674,5.86E-23,-0.04321166,0.28151307,2.2183855,0.7563004,-3.01E-15,-3.06E-21,-0.20243098,1.29E-21,-0.000353332,-0.5812545,1.03E-23,-0.015837412,0.000938002,-0.006198697,-2.1622233,2.0659947,5.90E-20,-1.4083488,2.06E-07,1.26E-05,0.02845275,1.9172378,1.02E-18,-0.73242426,-0.85108185
3.46E-18,-2.3848348,-0.001475242,2.2087927,1.2223043,1.0714513,6.12E-23,-0.04525544,0.2977827,2.3675249,0.8047247,-3.07E-15,-3.24E-21,-0.21392585,1.37E-21,-0.000382154,-0.6186135,1.08E-23,-0.017297208,0.001027238,-0.006658711,-2.3068426,2.2039409,6.70E-20,-1.500416,2.21E-07,1.39E-05,0.031040799,2.0442069,1.05E-18,-0.77970505,-0.9057315
3.49E-18,-2.3892014,-0.001478174,2.2128346,1.2245343,1.0733962,6.13E-23,-0.045334227,0.29831338,2.3718598,0.8061883,-3.07E-15,-3.24E-21,-0.21430628,1.37E-21,-0.000382979,-0.61973935,1.09E-23,-0.017330956,0.001029696,-0.006671153,-2.311064,2.2079728,6.70E-20,-1.5031543,2.22E-07,1.39E-05,0.031105671,2.0479424,1.05E-18,-0.7811264,-0.9073809
7.84E-18,-2.3937209,-0.001496414,2.2176378,1.2297475,1.0788348,6.10E-23,-0.04551002,0.30050853,2.3764243,0.81037277,-3.26E-15,-2.27E-21,-0.21586314,1.34E-21,-0.00038719,-0.6230564,1.07E-23,-0.017551407,0.001029223,-0.006766433,-2.3159764,2.213067,5.39E-20,-1.5089161,2.26E-07,1.40E-05,0.03133253,2.0535655,1.17E-18,-0.7851157,-0.91194487
2.33E-18,-2.3255374,-0.001431382,2.1538959,1.1931595,1.0469004,6.03E-23,-0.044851363,0.29213524,2.3086772,0.78617066,-2.94E-15,-3.20E-21,-0.2100984,1.35E-21,-0.000371721,-0.6043161,1.07E-23,-0.016491663,0.001007851,-0.006436854,-2.2498853,2.149641,6.67E-20,-1.4645737,2.15E-07,1.36E-05,0.029881842,1.9943762,1.02E-18,-0.7615583,-0.8847893
-2.50E-18,-1.9144907,-0.001160045,1.7733732,0.9821312,0.86174864,5.61E-23,-0.037024654,0.24088532,1.9006157,0.6471956,-2.67E-15,-4.18E-21,-0.17329435,1.27E-21,-0.000296154,-0.4975666,1.00E-23,-0.01350444,0.0007952,-0.005285782,-1.8520045,1.76954,7.27E-20,-1.2053711,1.70E-07,1.03E-05,0.024108056,1.6415505,7.88E-19,-0.62686473,-0.72825074
4.07E-18,-2.1348827,-0.001369539,1.9786596,1.093357,0.95425594,6.15E-23,-0.03747665,0.2615355,2.1195579,0.7183314,-3.35E-15,-3.19E-21,-0.1870216,1.39E-21,-0.000347815,-0.55304784,1.09E-23,-0.01748347,0.000910734,-0.006352124,-2.0634115,1.9716694,6.80E-20,-1.3406322,1.99E-07,1.18E-05,0.02973213,1.8270681,1.05E-18,-0.69701535,-0.80839616
3.99E-18,-2.0455587,-0.001320599,1.8961903,1.0474353,0.9133227,6.10E-23,-0.035250116,0.24955061,2.0309074,0.68784326,-3.39E-15,-3.27E-21,-0.17825434,1.38E-21,-0.000333105,-0.52974993,1.09E-23,-0.017185371,0.000863509,-0.006171767,-1.9767212,1.8889054,6.79E-20,-1.2839956,1.90E-07,1.10E-05,0.028841225,1.7500175,1.03E-18,-0.6676263,-0.774046
-4.09E-18,-1.321788,-0.000843349,1.226472,0.68056756,0.59403074,5.32E-23,-0.02284114,0.16380805,1.312448,0.44818115,-2.74E-15,-5.69E-21,-0.11706322,1.23E-21,-0.000201714,-0.3458075,9.66E-24,-0.011367568,0.000496031,-0.004098231,-1.2775064,1.2213763,7.79E-20,-0.83271927,1.14E-07,5.58E-06,0.01817858,1.132236,5.66E-19,-0.43491715,-0.5036851
-1.13E-17,-0.53068686,-0.000265365,0.49299878,0.2752773,0.24275865,4.13E-23,-0.010248813,0.06974196,0.526864,0.18257463,-2.06E-15,-7.92E-21,-0.05009066,9.58E-22,-4.13E-05,-0.14082496,7.63E-24,-0.003971569,2.31E-05,-0.001565842,-0.51344174,0.49120128,7.83E-20,-0.33635625,2.35E-08,-1.54E-06,0.004923661,0.4563115,7.47E-20,-0.17627248,-0.20446458
-3.54E-17,0.51881236,0.000278871,-0.47573793,-0.2520042,-0.2232716,3.82E-23,0.012851683,-0.06067209,-0.5144448,-0.16181746,-7.15E-16,-1.80E-20,0.0443006,1.08E-21,0.000109936,0.120376855,7.98E-24,0.000848333,-0.00037895,0.000684597,0.5020669,-0.47745657,1.58E-19,0.31704208,-7.41E-08,-7.50E-06,-0.005200724,-0.44165027,-1.09E-18,0.15601842,0.18527883
-1.50E-17,-0.17417392,-0.000194362,0.16549492,0.09206196,0.072420865,4.40E-23,0.004774057,0.012637654,0.17338054,0.058937743,-2.43E-15,-1.18E-20,-0.006625757,1.12E-21,-1.03E-05,-0.048046447,8.53E-24,-0.006572912,-0.000119268,-0.001585668,-0.16548513,0.1592949,1.12E-19,-0.107683405,-2.87E-09,-4.01E-06,0.006248044,0.14529416,-1.82E-19,-0.058849145,-0.06485496
-1.58E-17,-0.33578846,-0.000339448,0.31615177,0.18096234,0.15111203,4.71E-23,0.001323828,0.036098182,0.3340261,0.119474605,-2.27E-15,-1.26E-20,-0.023665704,1.20E-21,-5.39E-05,-0.09549416,9.16E-24,-0.007974627,2.78E-05,-0.002160125,-0.32271427,0.31021988,1.21E-19,-0.21491876,2.21E-08,-1.50E-06,0.009334313,0.28669047,-2.02E-19,-0.11769409,-0.1323738
-1.84E-18,-0.71656406,-0.00050669,0.66705894,0.3702935,0.31966835,4.67E-23,-0.007309589,0.083233595,0.71172357,0.24243541,-3.10E-15,-7.54E-21,-0.057735015,1.08E-21,-9.70E-05,-0.18778951,8.61E-24,-0.00935183,0.000110259,-0.002884581,-0.69138896,0.661607,7.48E-20,-0.45097378,5.35E-08,-3.67E-07,0.012023443,0.61261857,3.70E-19,-0.23590633,-0.27205274
3.92E-18,-1.0224111,-0.000592812,0.94879365,0.5308859,0.46913642,4.42E-23,-0.020245526,0.13379619,1.0150571,0.35175467,-2.81E-15,-3.84E-21,-0.09615757,9.20E-22,-0.000130975,-0.27038813,7.77E-24,-0.007421281,0.000248559,-0.002975499,-0.9903268,0.9472217,3.73E-20,-0.6501667,8.24E-08,2.12E-06,0.011389073,0.88101494,6.43E-19,-0.33986098,-0.39506915
-7.86E-18,-0.42271632,-0.000160902,0.3926437,0.22202618,0.19972645,3.70E-23,-0.010194254,0.06069979,0.419581,0.14881249,-2.05E-15,-6.85E-21,-0.04407276,8.11E-22,-1.29E-05,-0.114152506,6.72E-24,-0.002021365,-7.24E-05,-0.001067576,-0.41038728,0.39283067,5.84E-20,-0.271725,1.15E-08,-2.81E-06,0.001853828,0.3667928,1.24E-19,-0.14266327,-0.16645537
-8.17E-19,-0.5918973,-0.000432493,0.55211157,0.31144476,0.2705789,4.21E-23,-0.007027872,0.07293458,0.58799726,0.20603381,-2.82E-15,-5.63E-21,-0.050972134,9.22E-22,-8.31E-05,-0.16021743,7.61E-24,-0.007632248,9.07E-05,-0.002445177,-0.5719684,0.5480515,5.15E-20,-0.3776366,4.80E-08,-3.62E-07,0.009899922,0.50895053,4.42E-19,-0.20022272,-0.23047343
-1.47E-17,0.3003017,1.24E-05,-0.27150434,-0.14434509,-0.13647135,3.77E-23,0.016036082,-0.046401955,-0.29730833,-0.09542833,-2.40E-15,-1.05E-20,0.036468104,9.45E-22,4.57E-05,0.06920886,7.35E-24,-0.005121044,-0.000286384,-0.000750225,0.2936418,-0.27822897,9.62E-20,0.18595421,-3.79E-08,-6.28E-06,0.002715032,-0.25988856,-1.76E-19,0.09008628,0.10976177
-1.97E-17,0.61507124,0.000124292,-0.5612325,-0.30365217,-0.28043202,3.79E-23,0.025714725,-0.09023631,-0.60948503,-0.20104527,-2.25E-15,-1.29E-20,0.06900966,1.01E-21,7.78E-05,0.14908338,7.66E-24,-0.005289331,-0.000378448,-0.000384573,0.5993382,-0.56968766,1.21E-19,0.38400826,-6.23E-08,-7.65E-06,0.001708064,-0.5312607,-4.43E-19,0.19126405,0.22904044
-3.32E-17,1.1032262,0.000449697,-1.0131398,-0.55259585,-0.4985145,3.58E-23,0.034906395,-0.14954397,-1.0940237,-0.3640721,-1.67E-15,-1.74E-20,0.11146265,1.07E-21,0.000171823,0.2738432,7.71E-24,-0.001701967,-0.000628084,0.000983784,1.071668,-1.0208552,1.62E-19,0.6904519,-1.22E-07,-1.16E-05,-0.005230223,-0.94976515,-9.75E-19,0.34925967,0.41307414
-6.73E-17,2.151776,0.000836549,-1.9782783,-1.0743212,-0.966673,3.81E-23,0.063017175,-0.28531426,-2.1338897,-0.70464116,-7.86E-18,-3.09E-20,0.2109575,1.43E-21,0.000277966,0.52915907,9.43E-24,-0.000485059,-0.000865662,0.002474533,2.088107,-1.9894378,2.88E-19,1.3420706,-2.05E-07,-1.50E-05,-0.009761252,-1.8492458,-2.39E-18,0.6758486,0.79977477
-5.20E-17,1.5505693,0.000616811,-1.4247817,-0.772478,-0.6949065,3.77E-23,0.045611773,-0.20453942,-1.5376437,-0.50612545,-5.70E-16,-2.48E-20,0.15133765,1.27E-21,0.000214609,0.3796983,8.71E-24,-0.000634504,-0.000698674,0.001698357,1.5047238,-1.433291,2.28E-19,0.96593666,-1.56E-07,-1.25E-05,-0.007495285,-1.332059,-1.75E-18,0.4855464,0.5749347
-3.02E-17,0.9302593,0.000392467,-0.85464,-0.46807772,-0.42274985,3.53E-23,0.03014937,-0.12829435,-0.9225295,-0.3093603,-1.70E-15,-1.66E-20,0.095871896,1.03E-21,0.000152542,0.23302425,7.53E-24,-0.001645215,-0.000582566,0.000807249,0.90376973,-0.86116177,1.50E-19,0.58402973,-1.08E-07,-1.09E-05,-0.004512203,-0.80148274,-9.13E-19,0.29676974,0.3506174
-3.57E-17,1.3091967,0.000495755,-1.2029923,-0.6590851,-0.5966324,3.44E-23,0.042694185,-0.18221176,-1.298304,-0.43590894,-1.56E-15,-1.89E-20,0.13613378,1.07E-21,0.00018205,0.32814473,7.64E-24,-0.002531838,-0.000672945,0.001107815,1.2721293,-1.2122488,1.73E-19,0.8224791,-1.33E-07,-1.22E-05,-0.004612412,-1.1286693,-1.16E-18,0.41770595,0.49387294
-4.63E-18,-0.5285403,-0.000342251,0.4924286,0.27720112,0.24249916,4.09E-23,-0.007327579,0.06674938,0.5249626,0.18353422,-2.52E-15,-6.75E-21,-0.046965037,9.17E-22,-5.98E-05,-0.14211829,7.47E-24,-0.00595385,3.78E-05,-0.002002443,-0.51117396,0.4895978,6.30E-20,-0.33708736,3.42E-08,-1.15E-06,0.007451042,0.45506045,2.66E-19,-0.17781508,-0.20543823
8.11E-18,-1.9088404,-0.001168807,1.7689472,0.98574716,0.86861634,5.30E-23,-0.037940532,0.24529243,1.8950498,0.65168655,-2.98E-15,-2.53E-21,-0.17655459,1.12E-21,-0.000296962,-0.5007881,9.23E-24,-0.013262515,0.000753233,-0.005329579,-1.848497,1.7669088,3.93E-20,-1.2090877,1.78E-07,1.01E-05,0.023625808,1.6419036,9.88E-19,-0.63048697,-0.73292255
1.62E-17,-3.086655,-0.00195119,2.8591187,1.5861888,1.3921458,6.78E-23,-0.059058808,0.38780546,3.0643308,1.0454379,-3.70E-15,-4.98E-22,-0.278655,1.45E-21,-0.000514442,-0.8035712,1.17E-23,-0.022407167,0.001389334,-0.008681282,-2.98697,2.8541358,4.21E-20,-1.9467189,3.03E-07,1.96E-05,0.04088314,2.6489644,1.56E-18,-1.0128324,-1.1766896
8.22E-18,-2.406729,-0.001535215,2.2302532,1.2355638,1.0814757,6.29E-23,-0.044148322,0.29910624,2.3894308,0.8132901,-3.43E-15,-2.11E-21,-0.21442178,1.39E-21,-0.000396217,-0.6257583,1.11E-23,-0.018672809,0.001053038,-0.00699579,-2.3276136,2.2242694,5.70E-20,-1.5153723,2.30E-07,1.42E-05,0.032718215,2.062904,1.22E-18,-0.7885683,-0.915252
1.21E-17,-2.256774,-0.001440858,2.0915904,1.1582265,1.0134245,6.07E-23,-0.04048499,0.27920002,2.2405038,0.76190555,-3.67E-15,-2.18E-21,-0.19975999,1.31E-21,-0.000364931,-0.5861409,1.06E-23,-0.018074863,0.000921937,-0.00667143,-2.1824512,2.0855832,4.62E-20,-1.4204471,2.15E-07,1.22E-05,0.030771792,1.9342061,1.23E-18,-0.73867714,-0.8573376
8.36E-18,-2.2293024,-0.001417923,2.0659351,1.1432489,0.9999198,6.09E-23,-0.04012389,0.27548924,2.213234,0.7519025,-3.48E-15,-2.65E-21,-0.19720662,1.34E-21,-0.000360518,-0.57850516,1.07E-23,-0.017700203,0.000928934,-0.00654497,-2.1556287,2.0598369,5.57E-20,-1.4021938,2.10E-07,1.22E-05,0.030348971,1.9099357,1.15E-18,-0.72907484,-0.8461337
5.13E-18,-2.1143136,-0.001320455,1.9589607,1.0837121,0.94871575,5.89E-23,-0.03880708,0.262279,2.0990076,0.7129511,-3.23E-15,-3.33E-21,-0.18797836,1.31E-21,-0.000334889,-0.5483127,1.04E-23,-0.01622592,0.000864164,-0.006086733,-2.0446506,1.9536368,6.08E-20,-1.3296472,1.95E-07,1.13E-05,0.02802725,1.8116171,1.02E-18,-0.691017,-0.80230105
5.65E-18,-2.4737966,-0.001549191,2.2916443,1.269942,1.1134189,6.25E-23,-0.04695828,0.30980948,2.455934,0.83658963,-3.18E-15,-2.43E-21,-0.22258458,1.39E-21,-0.00040347,-0.64330465,1.10E-23,-0.018117134,0.001092815,-0.006972453,-2.3931406,2.2866838,6.16E-20,-1.558318,2.34E-07,1.49E-05,0.032594543,2.1214101,1.16E-18,-0.81069905,-0.9415356
6.43E-18,-2.461748,-0.001545725,2.2805138,1.262684,1.1061994,6.26E-23,-0.04605738,0.3067729,2.4439523,0.8312481,-3.28E-15,-2.58E-21,-0.22018188,1.39E-21,-0.000400569,-0.6392273,1.10E-23,-0.018385854,0.001072364,-0.006994418,-2.381118,2.2751098,6.13E-20,-1.5494381,2.32E-07,1.45E-05,0.03271106,2.1102061,1.16E-18,-0.80564934,-0.9355503
5.97E-18,-2.2693589,-0.001442752,2.1028974,1.1632926,1.017163,6.18E-23,-0.04100026,0.28030145,2.2530158,0.7650291,-3.36E-15,-2.83E-21,-0.20075534,1.38E-21,-0.000369234,-0.5886675,1.09E-23,-0.017879814,0.000971266,-0.006625855,-2.1942058,2.0966244,6.27E-20,-1.4268444,2.13E-07,1.29E-05,0.030942488,1.9437904,1.12E-18,-0.7419051,-0.8609636
8.92E-18,-2.4516606,-0.001539487,2.27128,1.2582015,1.1027737,6.20E-23,-0.045888893,0.30598873,2.4339247,0.82847345,-3.38E-15,-2.32E-21,-0.21957175,1.36E-21,-0.000397436,-0.6370088,1.09E-23,-0.018347397,0.001048394,-0.006984629,-2.3716166,2.2661102,5.42E-20,-1.543905,2.32E-07,1.42E-05,0.03247599,2.1022277,1.21E-18,-0.8028263,-0.9323767
8.88E-18,-2.4432144,-0.001533864,2.2634633,1.2538912,1.0990126,6.19E-23,-0.045734946,0.30496112,2.4255397,0.8256443,-3.38E-15,-2.33E-21,-0.21883458,1.36E-21,-0.00039585,-0.6348329,1.09E-23,-0.018283423,0.001043647,-0.006960866,-2.3634512,2.2583125,5.42E-20,-1.5386107,2.32E-07,1.41E-05,0.03235192,2.095003,1.20E-18,-0.8000792,-0.92918813
5.58E-18,-2.2977822,-0.001417713,2.1283262,1.1785438,1.0337571,5.97E-23,-0.043685753,0.2876379,2.2810888,0.77616847,-3.14E-15,-3.09E-21,-0.20660144,1.32E-21,-0.000364564,-0.59656584,1.05E-23,-0.016674384,0.000959969,-0.00643211,-2.2229333,2.1238813,5.93E-20,-1.4466364,2.13E-07,1.29E-05,0.02967348,1.970392,1.06E-18,-0.75184995,-0.8735047
5.66E-18,-2.3075106,-0.001424207,2.137331,1.1835173,1.0381023,5.98E-23,-0.043862887,0.2888267,2.2907465,0.779435,-3.15E-15,-3.08E-21,-0.20745353,1.32E-21,-0.000366377,-0.59907705,1.05E-23,-0.016748853,0.000965209,-0.006459783,-2.2323413,2.132867,5.93E-20,-1.4527447,2.14E-07,1.29E-05,0.029815633,1.9787214,1.07E-18,-0.7550202,-0.8771854
2.37E-18,-2.158077,-0.001305567,1.9984945,1.1061238,0.97104937,5.75E-23,-0.041729204,0.27099735,2.142323,0.72860974,-2.91E-15,-3.84E-21,-0.19485351,1.28E-21,-0.000334355,-0.5597737,1.02E-23,-0.015116875,0.000879102,-0.005921197,-2.0879502,1.9947377,6.43E-20,-1.3582535,1.95E-07,1.16E-05,0.027085012,1.8506795,9.24E-19,-0.7054835,-0.81998146
4.10E-18,-2.0328662,-0.0012629,1.8835878,1.0432477,0.91422164,5.77E-23,-0.0379313,0.2538283,2.0181713,0.68693304,-3.11E-15,-3.30E-21,-0.18211664,1.28E-21,-0.000320381,-0.52828324,1.02E-23,-0.015296733,0.000831086,-0.005811255,-1.9662564,1.878869,6.00E-20,-1.2798802,1.86E-07,1.08E-05,0.026581213,1.7428014,9.75E-19,-0.66563684,-0.772946
1.51E-18,-2.3104815,-0.001414511,2.1396601,1.1836545,1.0379782,6.01E-23,-0.044238515,0.28890735,2.2936683,0.7793272,-2.93E-15,-3.69E-21,-0.20766993,1.36E-21,-0.000365901,-0.5989581,1.07E-23,-0.016442742,0.000984738,-0.006379979,-2.2349913,2.1351805,7.03E-20,-1.45328,2.11E-07,1.32E-05,0.029640453,1.9804422,9.73E-19,-0.7549414,-0.8771553
5.75E-18,-2.3907785,-0.001521071,2.2151444,1.2244762,1.0702243,6.34E-23,-0.043093078,0.29449102,2.373538,0.8049433,-3.39E-15,-2.87E-21,-0.21090499,1.42E-21,-0.000391236,-0.61934996,1.12E-23,-0.018813543,0.001038304,-0.006958245,-2.3114212,2.2084668,6.63E-20,-1.5021402,2.25E-07,1.38E-05,0.032736827,2.047148,1.15E-18,-0.7806942,-0.9059799
6.57E-18,-2.5415833,-0.001627281,2.354936,1.3026412,1.1387345,6.54E-23,-0.04604782,0.3137105,2.5233037,0.85664415,-3.44E-15,-2.36E-21,-0.2247732,1.47E-21,-0.000422179,-0.6592114,1.16E-23,-0.019927781,0.001137885,-0.007394944,-2.457396,2.3480377,6.60E-20,-1.597858,2.43E-07,1.54E-05,0.035015754,2.1767623,1.23E-18,-0.8309108,-0.96419275
4.87E-18,-1.9310877,-0.00122318,1.7899917,0.9916682,0.86770725,5.75E-23,-0.03491877,0.23977232,1.9172223,0.65268606,-3.22E-15,-3.13E-21,-0.17170474,1.27E-21,-0.000307773,-0.50232947,1.02E-23,-0.015338188,0.000787637,-0.005692895,-1.8673593,1.7846078,5.81E-20,-1.2157948,1.79E-07,1.01E-05,0.026061777,1.6550078,9.88E-19,-0.6328182,-0.73430645
-1.41E-17,-0.28029978,-0.000272419,0.26447964,0.15310472,0.12875645,4.45E-23,0.000371941,0.032314863,0.27886593,0.101936966,-2.20E-15,-1.05E-20,-0.021556504,1.10E-21,-3.87E-05,-0.081650406,8.52E-24,-0.006448024,-1.97E-06,-0.001796884,-0.26959974,0.25950196,1.02E-19,-0.18124321,1.56E-08,-1.91E-06,0.00721887,0.24029228,-9.15E-20,-0.10024217,-0.11267546
-2.53E-17,0.8248394,0.000334386,-0.7571489,-0.41530573,-0.37659118,3.55E-23,0.0280306,-0.1157097,-0.8179447,-0.27502617,-2.02E-15,-1.48E-20,0.08682462,9.89E-22,0.000138458,0.20681925,7.37E-24,-0.00234979,-0.000557562,0.000539286,0.80202055,-0.76408225,1.31E-19,0.51887274,-9.71E-08,-1.06E-05,-0.003408227,-0.71175617,-6.89E-19,0.26353598,0.3118487
-5.21E-17,1.7162334,0.000673432,-1.5782036,-0.86221313,-0.778238,3.70E-23,0.05284159,-0.2340306,-1.7020007,-0.5682729,-8.73E-16,-2.58E-20,0.17384356,1.28E-21,0.000234005,0.42737967,8.75E-24,-0.001556151,-0.000796892,0.00179853,1.6665145,-1.5882795,2.34E-19,1.0757068,-1.71E-07,-1.41E-05,-0.007273135,-1.4778008,-1.83E-18,0.5447204,0.64412063
-3.47E-17,1.2572799,0.000436014,-1.1550151,-0.63722336,-0.5811767,3.81E-23,0.04559986,-0.18322125,-1.2466592,-0.4244131,-2.22E-15,-2.00E-20,0.13808213,1.20E-21,0.00017678,0.31956545,8.47E-24,-0.004842744,-0.00070519,0.000644793,1.2234164,-1.166174,1.87E-19,0.7949759,-1.34E-07,-1.30E-05,-0.002264234,-1.0877821,-1.11E-18,0.4057566,0.48012185
-3.08E-17,0.92184955,0.000356527,-0.8459381,-0.4619264,-0.41874585,3.86E-23,0.031352915,-0.12797213,-0.9140083,-0.3051795,-1.96E-15,-1.74E-20,0.095971204,1.13E-21,0.000148759,0.22913276,8.20E-24,-0.002747721,-0.000577832,0.00055733,0.89613056,-0.85352033,1.61E-19,0.5778339,-1.08E-07,-1.10E-05,-0.003415618,-0.7946827,-8.86E-19,0.29221636,0.34618726
-1.67E-17,0.30409226,0.000199402,-0.2784657,-0.15262821,-0.13650845,3.56E-23,0.010499493,-0.04069984,-0.30156004,-0.10094358,-2.18E-15,-1.10E-20,0.030789532,8.92E-22,9.80E-05,0.07645956,6.96E-24,-0.000847973,-0.000426499,0.000176696,0.2955407,-0.28131184,9.79E-20,0.19055203,-6.32E-08,-8.59E-06,-0.0035596,-0.2614798,-3.16E-19,0.097474396,0.11463282
-7.08E-18,-0.13499075,-4.66E-05,0.12756667,0.073274456,0.06436679,3.59E-23,-0.000819966,0.018229041,0.1341203,0.049031984,-2.37E-15,-6.81E-21,-0.012395174,7.94E-22,2.44E-05,-0.038409907,6.57E-24,-0.002421563,-0.000210047,-0.000743074,-0.13019975,0.12537491,5.69E-20,-0.087464884,-1.31E-08,-5.14E-06,0.000716478,0.11677295,1.29E-19,-0.04712711,-0.0540252
-1.34E-17,0.38252538,0.000137593,-0.34877872,-0.18975441,-0.1742271,3.54E-23,0.015458244,-0.054957263,-0.37918186,-0.12559316,-2.42E-15,-9.51E-21,0.042003468,8.59E-22,8.17E-05,0.09334624,6.81E-24,-0.003006911,-0.000394088,-0.000181353,0.37298393,-0.3545243,8.28E-20,0.23981002,-5.50E-08,-8.12E-06,-0.000846135,-0.33074248,-1.40E-19,0.12001783,0.14337888
-1.77E-17,0.79098505,0.00020795,-0.7236974,-0.39584327,-0.3640555,3.51E-23,0.030952591,-0.11626466,-0.78412217,-0.2629613,-2.49E-15,-1.18E-20,0.08830114,9.26E-22,0.000103873,0.19620895,7.07E-24,-0.005200256,-0.00047959,-0.000101091,0.7706955,-0.73348016,1.06E-19,0.4977897,-7.78E-08,-9.37E-06,0.000605405,-0.6845584,-3.50E-19,0.2507311,0.29882777
-2.57E-17,0.77186936,0.000242287,-0.7066193,-0.38269186,-0.3482886,3.61E-23,0.027614646,-0.107150115,-0.7651637,-0.25205967,-1.84E-15,-1.45E-20,0.08079311,1.01E-21,0.000108782,0.18827528,7.48E-24,-0.003486988,-0.000446351,0.000174289,0.75052506,-0.71408784,1.36E-19,0.48115292,-8.20E-08,-8.60E-06,-0.001091703,-0.6645986,-6.70E-19,0.24106286,0.28676173
-2.96E-17,0.4625668,7.81E-05,-0.42102176,-0.22257982,-0.20514216,3.92E-23,0.019000825,-0.064004056,-0.45816225,-0.14510971,-1.38E-15,-1.53E-20,0.048891917,1.10E-21,5.56E-05,0.106316924,8.12E-24,-0.004047131,-0.000245163,-0.000370954,0.4501164,-0.42715412,1.51E-19,0.2839452,-5.14E-08,-5.31E-06,0.001689452,-0.39723617,-7.51E-19,0.13795556,0.16641188
-2.25E-17,0.39220923,0.000114271,-0.35683197,-0.1881801,-0.17167048,3.88E-23,0.014994723,-0.05172065,-0.38856494,-0.122135416,-1.80E-15,-1.33E-20,0.039338395,1.02E-21,7.17E-05,0.08971554,7.77E-24,-0.002892202,-0.000318987,-0.000222796,0.381365,-0.36180425,1.24E-19,0.23989365,-5.30E-08,-6.69E-06,-0.00040706,-0.33598298,-5.09E-19,0.116605,0.14028344
-4.00E-17,1.0274477,0.000364756,-0.94230455,-0.50805664,-0.45894423,3.84E-23,0.03244008,-0.13663805,-1.0186485,-0.33248737,-9.40E-16,-2.04E-20,0.10176473,1.18E-21,0.000139439,0.24832357,8.42E-24,-0.002056929,-0.000490675,0.00074149,0.99737537,-0.94927245,1.89E-19,0.6377114,-1.04E-07,-9.16E-06,-0.003389262,-0.8820788,-1.30E-18,0.31845325,0.37837365
-1.75E-17,0.4517939,0.000138975,-0.4124534,-0.2243386,-0.20615895,3.68E-23,0.018634193,-0.06592002,-0.44776303,-0.14882497,-2.24E-15,-1.18E-20,0.050435424,9.52E-22,8.09E-05,0.110864535,7.33E-24,-0.003571789,-0.000387411,-0.000212917,0.44015378,-0.41851145,1.07E-19,0.28290287,-5.88E-08,-7.88E-06,-0.000148122,-0.39018622,-3.67E-19,0.14200455,0.16940022
-1.57E-17,0.3872124,0.000114164,-0.3531918,-0.19286145,-0.17809385,3.61E-23,0.017245777,-0.058259495,-0.38372326,-0.12851664,-2.40E-15,-1.10E-20,0.044931926,9.18E-22,7.49E-05,0.09572823,7.11E-24,-0.003772845,-0.000380774,-0.000317826,0.37764144,-0.35907274,9.87E-20,0.24339488,-5.49E-08,-7.81E-06,0.000287799,-0.33512294,-2.61E-19,0.12252918,0.14625284
-3.11E-18,-0.81970865,-0.000507178,0.76142263,0.4276138,0.376748,4.20E-23,-0.01466642,0.10623035,0.8139437,0.28359696,-2.41E-15,-6.03E-21,-0.07585107,9.27E-22,-0.000110141,-0.21862327,7.59E-24,-0.006943431,0.000197822,-0.002605469,-0.79388505,0.759614,5.81E-20,-0.5224027,6.49E-08,1.51E-06,0.010444745,0.7066454,3.67E-19,-0.27424544,-0.31811035
1.63E-17,-2.7629657,-0.00169466,2.5588949,1.4234527,1.2543393,6.09E-23,-0.055660773,0.3537164,2.742864,0.9403153,-3.39E-15,-7.95E-22,-0.25485533,1.26E-21,-0.000444413,-0.72202986,1.04E-23,-0.018452082,0.001176417,-0.007506832,-2.675731,2.556924,2.89E-20,-1.7476504,2.67E-07,1.67E-05,0.034320824,2.375609,1.41E-18,-0.9097554,-1.058132
1.35E-17,-2.5064158,-0.001600597,2.3227851,1.2891794,1.1301419,6.28E-23,-0.04664009,0.3137865,2.488402,0.8494552,-3.63E-15,-1.17E-21,-0.22506627,1.35E-21,-0.000413657,-0.6533972,1.09E-23,-0.019195635,0.001086238,-0.007272663,-2.4248984,2.317467,4.23E-20,-1.5810494,2.44E-07,1.49E-05,0.033768803,2.1505213,1.36E-18,-0.82329565,-0.9558618
1.18E-17,-2.5992215,-0.00168938,2.4089653,1.3334044,1.1650518,6.63E-23,-0.04619671,0.3200698,2.5805893,0.87677413,-3.78E-15,-1.51E-21,-0.22900781,1.46E-21,-0.000436457,-0.6748905,1.16E-23,-0.021086052,0.001155484,-0.007723871,-2.513067,2.401489,5.47E-20,-1.6349846,2.53E-07,1.57E-05,0.03651662,2.226433,1.38E-18,-0.8506329,-0.9867772
5.64E-18,-2.122074,-0.001372044,1.9671558,1.0879827,0.94959164,6.15E-23,-0.03708262,0.26030332,2.106893,0.7150234,-3.44E-15,-2.79E-21,-0.18608323,1.38E-21,-0.000348098,-0.5506255,1.09E-23,-0.01759797,0.000907716,-0.006376523,-2.0511212,1.9601227,6.33E-20,-1.333641,2.00E-07,1.18E-05,0.029789012,1.8166027,1.10E-18,-0.6938717,-0.8046069
8.20E-18,-2.0831792,-0.00134647,1.9311692,1.0676571,0.9317131,6.06E-23,-0.03594623,0.25479203,2.068235,0.70136887,-3.59E-15,-2.78E-21,-0.18193446,1.34E-21,-0.000338191,-0.54001933,1.07E-23,-0.017537322,0.000855501,-0.006307959,-2.0134797,1.9241254,5.70E-20,-1.3087944,1.96E-07,1.10E-05,0.029262472,1.7832047,1.12E-18,-0.680557,-0.78921473
6.26E-18,-2.3393326,-0.001489594,2.1676588,1.1989475,1.048222,6.27E-23,-0.042249013,0.2887433,2.3224833,0.788408,-3.40E-15,-2.74E-21,-0.20680411,1.40E-21,-0.000382418,-0.6066536,1.11E-23,-0.018423542,0.001010847,-0.006824615,-2.2618332,2.1612046,6.34E-20,-1.4706402,2.21E-07,1.35E-05,0.031986747,2.003595,1.15E-18,-0.7646138,-0.8873114
5.19E-18,-2.110301,-0.001336617,1.9556826,1.0821211,0.9463538,5.98E-23,-0.03811153,0.26096842,2.095107,0.7117524,-3.29E-15,-3.06E-21,-0.18689013,1.33E-21,-0.00033933,-0.54768956,1.06E-23,-0.01666746,0.000881759,-0.006176868,-2.0404358,1.9497716,6.16E-20,-1.327142,1.96E-07,1.15E-05,0.02859746,1.8077371,1.05E-18,-0.6901752,-0.80092657
4.63E-18,-2.0399165,-0.00127864,1.8903445,1.0467266,0.91648936,5.83E-23,-0.037510805,0.2537517,2.0252042,0.68894786,-3.19E-15,-3.18E-21,-0.181906,1.29E-21,-0.000324001,-0.5299877,1.03E-23,-0.015714686,0.000839045,-0.005902546,-1.9727896,1.8851604,6.00E-20,-1.2838894,1.88E-07,1.09E-05,0.027096864,1.7483351,1.00E-18,-0.66779345,-0.77521324
4.89E-18,-2.1499002,-0.001337825,1.9918886,1.1035302,0.9673456,5.88E-23,-0.040381983,0.2688452,2.1343586,0.72678024,-3.14E-15,-3.04E-21,-0.19297776,1.30E-21,-0.000341974,-0.5588782,1.04E-23,-0.016016101,0.000896934,-0.006115437,-2.0796306,1.9871849,5.93E-20,-1.3539469,1.99E-07,1.19E-05,0.028121438,1.8434467,1.03E-18,-0.70421904,-0.8178269
4.94E-18,-2.2611246,-0.001409228,2.0948179,1.1609604,1.0179837,6.00E-23,-0.042815935,0.2833168,2.2447913,0.7648242,-3.13E-15,-2.80E-21,-0.20349272,1.33E-21,-0.000363256,-0.58812034,1.06E-23,-0.016644686,0.000967727,-0.006395301,-2.1873848,2.0901473,6.01E-20,-1.4244686,2.11E-07,1.30E-05,0.029581726,1.9391291,1.07E-18,-0.7410747,-0.86067766
8.91E-18,-2.4500198,-0.001538398,2.2697618,1.2573642,1.1020428,6.20E-23,-0.045858838,0.30578884,2.432296,0.8279238,-3.38E-15,-2.32E-21,-0.2194283,1.36E-21,-0.000397129,-0.63658607,1.09E-23,-0.018335074,0.001047474,-0.006980032,-2.3700304,2.2645955,5.42E-20,-1.5428765,2.32E-07,1.42E-05,0.03245201,2.1008239,1.21E-18,-0.8022925,-0.9317571
6.76E-18,-2.529642,-0.001590999,2.3433523,1.2973341,1.136429,6.35E-23,-0.047292504,0.31502938,2.5113556,0.85399204,-3.31E-15,-2.48E-21,-0.22610383,1.41E-21,-0.000413328,-0.6567205,1.12E-23,-0.018902123,0.001110567,-0.007185851,-2.4467566,2.3377955,6.18E-20,-1.5919995,2.40E-07,1.51E-05,0.033710707,2.1682837,1.19E-18,-0.827732,-0.9611799
-9.75E-19,-2.1782935,-0.001313755,2.0170748,1.1168679,0.98082745,5.80E-23,-0.04277326,0.27458966,2.1624258,0.7360721,-2.70E-15,-3.97E-21,-0.19770628,1.31E-21,-0.000340007,-0.5655657,1.03E-23,-0.014864247,0.000922762,-0.005901773,-2.1076174,2.013535,7.19E-20,-1.3714498,1.96E-07,1.23E-05,0.02716932,1.8682129,8.74E-19,-0.71272045,-0.82840466
5.19E-18,-2.1185913,-0.001323133,1.9629172,1.0859019,0.95064384,5.90E-23,-0.038890865,0.2628142,2.1032534,0.71439236,-3.23E-15,-3.33E-21,-0.18836275,1.31E-21,-0.000335619,-0.54941684,1.04E-23,-0.016254691,0.000866042,-0.00609816,-2.0487933,1.957593,6.06E-20,-1.3323414,1.95E-07,1.13E-05,0.028082684,1.8152913,1.02E-18,-0.6924111,-0.8039248
3.25E-18,-2.1967485,-0.00137617,2.0351903,1.1251954,0.9843991,6.05E-23,-0.040247604,0.27183542,2.1808631,0.7400122,-3.17E-15,-3.45E-21,-0.1948643,1.36E-21,-0.000351805,-0.56922114,1.07E-23,-0.0168508,0.000928132,-0.006309053,-2.1240945,2.0294478,6.78E-20,-1.3805931,2.03E-07,1.22E-05,0.029360622,1.8815066,1.01E-18,-0.7174295,-0.83283746
-5.34E-19,-2.0001516,-0.001226962,1.8528057,1.0248407,0.8978741,5.75E-23,-0.03766077,0.24941322,1.9856513,0.6745718,-2.86E-15,-4.07E-21,-0.17910884,1.31E-21,-0.000312484,-0.51870996,1.03E-23,-0.014687552,0.000828441,-0.005619388,-1.9343687,1.848148,7.17E-20,-1.2577349,1.79E-07,1.07E-05,0.025834797,1.7138406,8.56E-19,-0.65364856,-0.7591231
6.06E-18,-2.673248,-0.001674025,2.4759324,1.3701049,1.2003815,6.48E-23,-0.05036116,0.3329486,2.6538792,0.90182793,-3.26E-15,-2.57E-21,-0.2390967,1.45E-21,-0.000437674,-0.6933609,1.14E-23,-0.019638333,0.001189156,-0.00751114,-2.5857155,2.4703724,6.58E-20,-1.6817467,2.53E-07,1.63E-05,0.035437696,2.2911718,1.21E-18,-0.8740233,-1.0151211
6.48E-18,-2.5018387,-0.001570981,2.3175266,1.282405,1.123072,6.32E-23,-0.046581633,0.31097743,2.4837308,0.84391767,-3.31E-15,-2.69E-21,-0.22313029,1.41E-21,-0.000407094,-0.6489481,1.11E-23,-0.018762965,0.001088626,-0.007110811,-2.419713,2.3118799,6.28E-20,-1.5737861,2.36E-07,1.48E-05,0.03333908,2.144031,1.17E-18,-0.81798095,-0.94985723
7.59E-18,-2.0816824,-0.001345186,1.9298611,1.0702659,0.9361422,5.93E-23,-0.037183344,0.25822535,2.066803,0.70459384,-3.40E-15,-2.58E-21,-0.18477497,1.30E-21,-0.000341494,-0.54250443,1.05E-23,-0.016923986,0.000879035,-0.006229922,-2.0130942,1.9240389,5.38E-20,-1.3116773,1.98E-07,1.16E-05,0.028872034,1.7845328,1.11E-18,-0.68333703,-0.79265827
-4.09E-18,-0.33775207,-0.000304333,0.31738526,0.17783761,0.14914545,4.27E-23,0.000938935,0.034993447,0.33579978,0.115879,-2.95E-15,-7.02E-21,-0.022820726,9.84E-22,-4.22E-05,-0.09137802,7.90E-24,-0.007543587,-4.00E-05,-0.00203991,-0.32428515,0.3113229,6.86E-20,-0.21307,1.99E-08,-2.67E-06,0.008186899,0.28721648,2.96E-19,-0.11379197,-0.12918231
-3.50E-17,1.2312064,0.000412893,-1.1300354,-0.617826,-0.56237125,3.79E-23,0.042379092,-0.17387682,-1.2207527,-0.408684,-1.82E-15,-1.94E-20,0.13041861,1.16E-21,0.000163867,0.30626598,8.31E-24,-0.00409885,-0.000632592,0.000678974,1.1972435,-1.1404631,1.75E-19,0.7732079,-1.22E-07,-1.18E-05,-0.002480282,-1.0625851,-1.09E-18,0.39067745,0.46357107
-4.00E-17,1.7575629,0.000656755,-1.616171,-0.89034534,-0.8075665,3.46E-23,0.05847257,-0.24936813,-1.7430032,-0.5911079,-1.99E-15,-2.13E-20,0.18652558,1.16E-21,0.000237909,0.44582,8.01E-24,-0.003720807,-0.000880269,0.001502971,1.7086753,-1.629016,1.97E-19,1.1091077,-1.75E-07,-1.57E-05,-0.005581747,-1.5181313,-1.34E-18,0.56606,0.6686086
-5.98E-17,2.2890172,0.000899707,-2.106166,-1.1559399,-1.0440532,3.68E-23,0.07158644,-0.31645107,-2.2701201,-0.76438683,-1.16E-15,-2.93E-20,0.23536038,1.39E-21,0.000308202,0.57640797,9.18E-24,-0.002199592,-0.001046668,0.00245482,2.2234335,-2.119836,2.72E-19,1.4395614,-2.26E-07,-1.82E-05,-0.009436226,-1.9735765,-2.13E-18,0.7326719,0.8650212
-3.95E-17,1.4184775,0.000609777,-1.3049532,-0.7177825,-0.6474369,3.61E-23,0.04503496,-0.19635957,-1.4067926,-0.47538826,-1.82E-15,-2.08E-20,0.1463629,1.16E-21,0.000223704,0.35925055,8.16E-24,-0.001540073,-0.000808478,0.001491126,1.3780476,-1.3138719,1.93E-19,0.89315164,-1.59E-07,-1.46E-05,-0.00729422,-1.2232609,-1.27E-18,0.4561332,0.5377196
-2.35E-17,0.4610091,0.000269473,-0.42285782,-0.22955166,-0.20475973,3.69E-23,0.013960592,-0.05913174,-0.45717365,-0.15041924,-1.88E-15,-1.36E-20,0.04404654,9.78E-22,0.000118924,0.11336623,7.43E-24,-0.000318311,-0.000469142,0.000457434,0.4474331,-0.42596215,1.22E-19,0.28692847,-7.83E-08,-9.26E-06,-0.004797896,-0.39549428,-5.63E-19,0.1450368,0.17106211
-1.00E-17,-0.198003,-3.28E-05,0.18486369,0.10485116,0.09479557,3.67E-23,-0.003959197,0.029067628,0.1965689,0.070312336,-2.16E-15,-7.97E-21,-0.020760108,8.35E-22,2.74E-05,-0.053906593,6.80E-24,-0.001445917,-0.000203456,-0.000624663,-0.19203344,0.18414505,6.97E-20,-0.12775773,-1.46E-08,-5.00E-06,-0.000314384,0.17210852,5.44E-21,-0.06706446,-0.078307584
-8.30E-18,0.13761595,5.89E-05,-0.123551905,-0.06688093,-0.063002884,3.52E-23,0.007846915,-0.021355052,-0.13631888,-0.044626582,-2.53E-15,-7.42E-21,0.017058466,7.99E-22,5.74E-05,0.032534774,6.53E-24,-0.00270218,-0.000323834,-0.000424398,0.13509642,-0.12780148,6.23E-20,0.08637502,-3.58E-08,-7.04E-06,-0.000304883,-0.11969177,5.94E-20,0.042541936,0.051620856
-1.19E-17,-0.3435244,-0.000315764,0.3227136,0.18283197,0.15393473,4.27E-23,-7.54E-06,0.03785032,0.34157825,0.12042013,-2.40E-15,-8.49E-21,-0.02524421,1.03E-21,-5.13E-05,-0.095428154,8.05E-24,-0.007163559,2.97E-05,-0.001986327,-0.3301715,0.31706065,8.87E-20,-0.21839494,2.12E-08,-1.43E-06,0.008484697,0.2929056,9.95E-20,-0.11817296,-0.13382432
-9.27E-18,-0.84262866,-0.000574757,0.7834692,0.43967015,0.38399288,4.52E-23,-0.013323298,0.10618611,0.83690995,0.291054,-2.21E-15,-6.91E-21,-0.07546248,1.06E-21,-0.000132024,-0.22537903,8.35E-24,-0.008296876,0.000298935,-0.002902551,-0.8149111,0.7799322,8.11E-20,-0.53569,7.08E-08,3.01E-06,0.012784423,0.7242449,2.73E-19,-0.2824425,-0.3263359
-2.55E-18,-1.2627552,-0.000824015,1.1724715,0.65764296,0.5776684,5.00E-23,-0.023062643,0.16257438,1.2539805,0.43579718,-2.55E-15,-5.44E-21,-0.116493165,1.13E-21,-0.000200206,-0.33631134,9.05E-24,-0.010470171,0.000495289,-0.003940875,-1.2223984,1.1694553,6.93E-20,-0.8035182,1.15E-07,6.08E-06,0.01729437,1.0869122,5.55E-19,-0.4222762,-0.48927665
3.20E-19,-1.1415695,-0.000756083,1.060676,0.5958471,0.5229874,4.88E-23,-0.020291965,0.14677793,1.1336759,0.39492938,-2.68E-15,-5.08E-21,-0.10495943,1.08E-21,-0.000179472,-0.30505535,8.77E-24,-0.009998108,0.000416099,-0.003693711,-1.1050143,1.0574626,5.92E-20,-0.7272843,1.05E-07,4.83E-06,0.015899735,0.9829388,5.77E-19,-0.38277745,-0.44316447
-2.16E-18,-0.42402387,-0.000263393,0.39596283,0.22374578,0.19586262,4.05E-23,-0.00579651,0.054422274,0.4211862,0.14835423,-2.64E-15,-5.88E-21,-0.038255826,8.82E-22,-3.61E-05,-0.115036756,7.32E-24,-0.00505023,-3.45E-05,-0.001691847,-0.40993583,0.3930302,5.33E-20,-0.27139246,2.30E-08,-2.37E-06,0.005446464,0.36540273,3.20E-19,-0.14368272,-0.16580161
-1.57E-17,0.46419728,0.000199983,-0.4249276,-0.23389105,-0.21323381,3.56E-23,0.017844673,-0.06714348,-0.46024483,-0.15572461,-2.46E-15,-1.09E-20,0.051052228,9.01E-22,0.00010137,0.117054805,7.01E-24,-0.002596514,-0.000460923,3.79E-05,0.45213616,-0.43045247,9.65E-20,0.29293942,-6.87E-08,-9.21E-06,-0.001984643,-0.401478,-2.71E-19,0.14916743,0.1767143
-1.51E-17,0.2693664,0.000109375,-0.24527793,-0.13354687,-0.12273218,3.61E-23,0.012205598,-0.039671883,-0.26692718,-0.08878195,-2.35E-15,-1.05E-20,0.030753136,9.00E-22,7.32E-05,0.06613983,7.04E-24,-0.00275662,-0.000367235,-0.000262061,0.26270097,-0.24962944,9.35E-20,0.16882083,-5.07E-08,-7.64E-06,-0.000682555,-0.2327559,-2.21E-19,0.08490111,0.10126131
-1.85E-18,-0.8944992,-0.000552339,0.83055234,0.4642266,0.40783516,4.40E-23,-0.015375766,0.11372123,0.88817656,0.30695397,-2.69E-15,-6.10E-21,-0.08102533,9.74E-22,-0.000117941,-0.23658864,7.94E-24,-0.007850948,0.000203527,-0.002861314,-0.86571664,0.8280464,5.84E-20,-0.56756765,6.96E-08,1.39E-06,0.011543902,0.76944023,4.42E-19,-0.29708934,-0.3445431
7.70E-18,-1.7350984,-0.001044042,1.6078795,0.8950218,0.78874207,5.13E-23,-0.03427787,0.22248587,1.7224982,0.59137005,-3.03E-15,-3.16E-21,-0.16002284,1.08E-21,-0.000258671,-0.45426372,8.95E-24,-0.012112086,0.000624037,-0.004844224,-1.6801103,1.6058515,3.95E-20,-1.0980828,1.57E-07,7.95E-06,0.020975675,1.4920716,9.10E-19,-0.5719721,-0.6650702
1.50E-17,-2.4589896,-0.001564918,2.2787127,1.2634702,1.1072187,6.19E-23,-0.045223907,0.30653307,2.4412436,0.8319554,-3.74E-15,-1.48E-21,-0.21963494,1.32E-21,-0.000400729,-0.6397913,1.08E-23,-0.01906386,0.001025434,-0.007162998,-2.3788133,2.273269,3.92E-20,-1.5498066,2.38E-07,1.39E-05,0.033090066,2.1092105,1.35E-18,-0.80627114,-0.9361849
7.07E-18,-1.8376747,-0.001182441,1.7040952,0.9442991,0.82522196,5.73E-23,-0.03221852,0.22701076,1.8245507,0.6212067,-3.41E-15,-2.76E-21,-0.16224405,1.26E-21,-0.000293875,-0.4783716,1.01E-23,-0.015344176,0.000733095,-0.005579373,-1.7766527,1.6981587,5.25E-20,-1.1570494,1.71E-07,9.22E-06,0.025399145,1.5745746,1.03E-18,-0.6025766,-0.69880646
7.25E-18,-2.2392673,-0.001429467,2.0752246,1.148098,1.0036306,6.15E-23,-0.040109444,0.27621698,2.223154,0.7549442,-3.45E-15,-2.70E-21,-0.1977042,1.37E-21,-0.000364328,-0.5809648,1.09E-23,-0.017895132,0.00094801,-0.006592935,-2.165041,2.0688288,5.94E-20,-1.408019,2.11E-07,1.25E-05,0.030713432,1.9179996,1.14E-18,-0.73217946,-0.8495786
6.86E-18,-2.5459347,-0.001602745,2.3584437,1.3055611,1.143499,6.37E-23,-0.047517326,0.31685463,2.5275316,0.85933894,-3.32E-15,-2.46E-21,-0.22739206,1.42E-21,-0.000416512,-0.6608455,1.12E-23,-0.019066934,0.001119592,-0.007238675,-2.4624636,2.3527918,6.21E-20,-1.6020924,2.41E-07,1.53E-05,0.033993274,2.1821241,1.20E-18,-0.83294594,-0.96720815
5.21E-18,-2.1094906,-0.001336441,1.9549394,1.081691,0.94594663,5.99E-23,-0.03807297,0.26082462,2.0943031,0.7114555,-3.30E-15,-3.06E-21,-0.18677974,1.33E-21,-0.000339232,-0.5474658,1.06E-23,-0.016676012,0.000881217,-0.006177295,-2.0396402,1.9490123,6.16E-20,-1.326607,1.96E-07,1.15E-05,0.028600547,1.8070197,1.05E-18,-0.689894,-0.80059224
3.14E-18,-1.839247,-0.001142118,1.7046059,0.94497955,0.82825303,5.57E-23,-0.034268282,0.23028967,1.8259974,0.62250847,-3.04E-15,-3.40E-21,-0.16521248,1.23E-21,-0.00028668,-0.4788689,9.87E-24,-0.013973341,0.000734383,-0.005303333,-1.7790116,1.7001553,5.87E-20,-1.1588908,1.67E-07,9.36E-06,0.023967039,1.5772182,9.07E-19,-0.6032038,-0.7003232
1.15E-18,-1.3332996,-0.000807569,1.236348,0.68609905,0.60185915,4.97E-23,-0.024650432,0.16781038,1.323695,0.45223352,-2.88E-15,-4.22E-21,-0.12026325,1.09E-21,-0.000191234,-0.3479244,8.84E-24,-0.010345375,0.000441546,-0.003910917,-1.2896487,1.2327503,5.52E-20,-0.84092486,1.13E-07,4.86E-06,0.016697597,1.1438833,6.94E-19,-0.43796194,-0.50846314
4.70E-19,-1.29935,-0.000782207,1.2049141,0.6694377,0.5878539,4.91E-23,-0.02444166,0.16462374,1.2900031,0.4416435,-2.80E-15,-4.20E-21,-0.118112564,1.08E-21,-0.000185247,-0.3397613,8.74E-24,-0.009871167,0.000430735,-0.003781651,-1.2570508,1.2016745,5.51E-20,-0.8204379,1.09E-07,4.74E-06,0.016022142,1.1153793,6.73E-19,-0.42759842,-0.49650913
3.41E-18,-1.9517404,-0.001202991,1.8084731,1.0030643,0.88022625,5.63E-23,-0.03718455,0.24568772,1.9376433,0.66118175,-2.99E-15,-3.25E-21,-0.17650248,1.24E-21,-0.000305129,-0.5084063,9.95E-24,-0.01429426,0.000793687,-0.005523392,-1.8882787,1.8044965,5.80E-20,-1.2305217,1.78E-07,1.03E-05,0.025029011,1.6744763,9.36E-19,-0.6404459,-0.7438844
5.73E-18,-2.1373212,-0.001323477,1.980301,1.0991981,0.9651971,5.79E-23,-0.041115604,0.269866,2.1218882,0.72487843,-3.08E-15,-2.66E-21,-0.19398423,1.26E-21,-0.000339497,-0.55730397,1.02E-23,-0.015449396,0.000894058,-0.006017199,-2.0681949,1.9764535,5.37E-20,-1.3485547,1.99E-07,1.20E-05,0.027456395,1.8344665,1.05E-18,-0.70207685,-0.81559795
5.61E-18,-2.4649322,-0.001543319,2.2834404,1.2654105,1.1094587,6.24E-23,-0.046792187,0.30872035,2.4471335,0.8336113,-3.18E-15,-2.45E-21,-0.22180179,1.39E-21,-0.000401802,-0.6410144,1.10E-23,-0.018052347,0.001087748,-0.00694787,-2.384568,2.2784965,6.16E-20,-1.5527524,2.33E-07,1.48E-05,0.03246627,2.1138215,1.16E-18,-0.8078081,-0.93817925
5.62E-18,-2.46656,-0.001544404,2.284947,1.2662416,1.1101841,6.24E-23,-0.0468219,0.30891868,2.4487495,0.83415693,-3.18E-15,-2.45E-21,-0.22194408,1.39E-21,-0.000402109,-0.641434,1.10E-23,-0.018064678,0.001088663,-0.006952458,-2.3861418,2.2799993,6.16E-20,-1.5537732,2.33E-07,1.49E-05,0.032490194,2.1152139,1.16E-18,-0.80833787,-0.9387942
2.32E-18,-2.3220563,-0.001428556,2.1506627,1.1913732,1.0453697,6.02E-23,-0.044805154,0.29173604,2.3052192,0.7850034,-2.94E-15,-3.21E-21,-0.20981596,1.35E-21,-0.000370925,-0.60341007,1.07E-23,-0.016452484,0.001005315,-0.006424346,-2.24653,2.1464326,6.67E-20,-1.4623947,2.15E-07,1.36E-05,0.029813316,1.9914131,1.01E-18,-0.7604155,-0.88347405
1.88E-18,-2.1226034,-0.001321542,1.966522,1.0883585,0.95312047,5.93E-23,-0.03958068,0.26433575,2.107271,0.7163846,-3.03E-15,-3.46E-21,-0.1897116,1.34E-21,-0.000338377,-0.5510132,1.05E-23,-0.015917525,0.000900225,-0.006040579,-2.052769,1.9614086,6.79E-20,-1.3353361,1.95E-07,1.18E-05,0.027966877,1.8189183,9.65E-19,-0.6943534,-0.8061831
3.45E-18,-2.3816805,-0.001473555,2.2059965,1.2221298,1.0720898,6.10E-23,-0.04572364,0.29889736,2.3644302,0.80520004,-3.02E-15,-2.96E-21,-0.21489629,1.36E-21,-0.000383131,-0.6189977,1.08E-23,-0.017046716,0.001038336,-0.006625916,-2.30416,2.2015364,6.51E-20,-1.5000169,2.22E-07,1.41E-05,0.030834448,2.0424967,1.06E-18,-0.78007156,-0.9062124
4.30E-18,-2.0817313,-0.001281739,1.9286886,1.0702586,0.9398694,5.72E-23,-0.040183473,0.2629291,2.066682,0.70577675,-3.00E-15,-2.96E-21,-0.18904549,1.26E-21,-0.000328214,-0.54257816,1.01E-23,-0.014924861,0.000864908,-0.005831076,-2.0143764,1.924967,5.65E-20,-1.3131702,1.92E-07,1.15E-05,0.026547886,1.7866149,9.92E-19,-0.68352395,-0.7941053
7.33E-18,-2.2640872,-0.00141235,2.0976477,1.162812,1.0198462,5.97E-23,-0.042747863,0.2837423,2.2477162,0.7660661,-3.25E-15,-2.59E-21,-0.2037113,1.31E-21,-0.000362541,-0.58900493,1.05E-23,-0.016770005,0.000950409,-0.006430295,-2.1903927,2.0930629,5.39E-20,-1.4267334,2.12E-07,1.27E-05,0.029603941,1.9420452,1.11E-18,-0.7421929,-0.86204374
6.40E-18,-1.5168421,-0.00096475,1.4070922,0.7815299,0.6841759,5.25E-23,-0.026806112,0.18919247,1.5060201,0.5148352,-3.25E-15,-3.19E-21,-0.13520777,1.13E-21,-0.000232896,-0.3964477,9.25E-24,-0.012676059,0.000545337,-0.004642563,-1.4669397,1.4024285,4.64E-20,-0.9571692,1.38E-07,6.45E-06,0.020431228,1.3011632,8.95E-19,-0.49906862,-0.578869
-5.67E-19,-0.614534,-0.000461709,0.5734299,0.32129192,0.27700308,4.49E-23,-0.006068119,0.07274325,0.61052525,0.2113518,-3.02E-15,-5.87E-21,-0.050466325,1.00E-21,-8.82E-05,-0.16451429,8.17E-24,-0.008601612,0.000101934,-0.002646967,-0.5928924,0.5680206,5.90E-20,-0.3895092,4.95E-08,-3.97E-07,0.010918269,0.52631396,4.60E-19,-0.20590472,-0.23662269
-1.40E-17,0.4499684,0.000156761,-0.4110917,-0.22538681,-0.20703138,3.54E-23,0.01833722,-0.06631037,-0.44605964,-0.1500457,-2.47E-15,-1.02E-20,0.050674528,8.81E-22,8.75E-05,0.11212446,6.91E-24,-0.003357951,-0.000421336,-0.000148615,0.43865502,-0.41731447,8.97E-20,0.2835407,-6.05E-08,-8.53E-06,-0.000695733,-0.38949665,-2.10E-19,0.14333238,0.17062053
-3.36E-17,1.2201033,0.000466544,-1.1209382,-0.6145593,-0.556924,3.54E-23,0.040223382,-0.17047748,-1.2099383,-0.40663758,-1.78E-15,-1.82E-20,0.12746544,1.08E-21,0.000177139,0.30587867,7.75E-24,-0.002687449,-0.00066882,0.000972033,1.1859074,-1.1300857,1.65E-19,0.7671899,-1.28E-07,-1.23E-05,-0.004375562,-1.0525273,-1.04E-18,0.38951415,0.46080762
-2.91E-17,1.1152598,0.000430599,-1.0246295,-0.5635945,-0.51118374,3.46E-23,0.037843317,-0.15789613,-1.1059737,-0.37399718,-2.04E-15,-1.64E-20,0.11841066,1.02E-21,0.000167495,0.28188124,7.44E-24,-0.002894271,-0.000653959,0.000818969,1.0843489,-1.0334411,1.50E-19,0.7028992,-1.21E-07,-1.21E-05,-0.003886349,-0.9628976,-8.66E-19,0.35829294,0.42339915
-3.26E-17,0.9729907,0.000427552,-0.89399713,-0.48874027,-0.44048238,3.67E-23,0.03064105,-0.1321328,-0.96491057,-0.32231423,-1.72E-15,-1.76E-20,0.09845994,1.08E-21,0.000166256,0.24269278,7.85E-24,-0.001265171,-0.000617964,0.000929834,0.9450952,-0.900516,1.60E-19,0.6099272,-1.16E-07,-1.16E-05,-0.005464088,-0.8378517,-9.65E-19,0.3093363,0.36548182
-1.30E-17,-0.19164568,-6.89E-05,0.17951037,0.103641525,0.09270002,3.73E-23,-0.002759614,0.02759881,0.19039342,0.069883406,-2.00E-15,-9.23E-21,-0.019407753,8.81E-22,1.59E-05,-0.05421036,7.03E-24,-0.002167826,-0.000163817,-0.00078049,-0.18587151,0.17850754,8.23E-20,-0.12513551,-1.08E-08,-4.26E-06,0.000985275,0.16701962,-1.02E-19,-0.06701043,-0.07754126
-7.69E-18,-0.28249076,-8.63E-05,0.26312006,0.14820343,0.13287942,3.68E-23,-0.005881127,0.03986854,0.28040212,0.09896284,-2.22E-15,-7.09E-21,-0.02860742,8.15E-22,1.16E-05,-0.07597092,6.72E-24,-0.001931109,-0.000159195,-0.000836248,-0.27378595,0.26226255,6.06E-20,-0.18092765,-3.82E-09,-4.31E-06,0.000737675,0.24457294,1.01E-19,-0.09478068,-0.11046718
-4.89E-18,-1.3821632,-0.000774036,1.2800373,0.71050656,0.6268583,4.78E-23,-0.02864042,0.1783281,1.3720143,0.46948037,-2.32E-15,-5.24E-21,-0.1287503,1.07E-21,-0.000188086,-0.36038044,8.55E-24,-0.008564122,0.000466524,-0.003606883,-1.338142,1.2786164,6.58E-20,-0.87255317,1.10E-07,5.41E-06,0.015132055,1.1875241,5.14E-19,-0.45371306,-0.52799046
-8.90E-18,-1.1256514,-0.000671641,1.0437063,0.57978284,0.50876,4.71E-23,-0.021291044,0.14278671,1.1175894,0.38277152,-2.25E-15,-5.82E-21,-0.10256576,1.09E-21,-0.000159642,-0.29478008,8.58E-24,-0.008392068,0.000393229,-0.003235437,-1.088814,1.0407758,7.60E-20,-0.710279,8.89E-08,4.22E-06,0.013946394,0.9657649,4.05E-19,-0.37066078,-0.43015575
-1.17E-18,-2.0912352,-0.001263159,1.9370472,1.0778532,0.9494686,5.64E-23,-0.042835437,0.26916608,2.076147,0.7125725,-2.50E-15,-3.22E-21,-0.19434913,1.26E-21,-0.000330537,-0.5476203,1.00E-23,-0.01355192,0.000920199,-0.005606242,-2.0247667,1.935018,6.53E-20,-1.3227212,1.91E-07,1.26E-05,0.025513418,1.7973521,8.75E-19,-0.68960893,-0.80169725
-7.45E-20,-1.8804657,-0.00115022,1.7427006,0.9725596,0.8572147,5.48E-23,-0.038297012,0.24359006,1.8670043,0.64382315,-2.54E-15,-3.69E-21,-0.17577925,1.21E-21,-0.00029684,-0.4951521,9.75E-24,-0.012592295,0.00080684,-0.00517241,-1.8211033,1.7408766,6.22E-20,-1.1924237,1.73E-07,1.09E-05,0.02316063,1.6178298,8.10E-19,-0.6230745,-0.7239952
2.72E-19,-1.1251509,-0.000714481,1.0448786,0.5858983,0.5151821,4.85E-23,-0.020662442,0.1451835,1.1172953,0.38813522,-2.72E-15,-5.16E-21,-0.10399759,1.07E-21,-0.000166404,-0.2993252,8.72E-24,-0.00930631,0.00037383,-0.003515701,-1.0892797,1.0421706,5.87E-20,-0.71606195,9.84E-08,4.09E-06,0.014680529,0.96878403,5.66E-19,-0.37591517,-0.4357934
-1.44E-18,-0.4906016,-0.000333096,0.4579776,0.25837186,0.22512871,4.15E-23,-0.00608294,0.061404735,0.48735976,0.17094055,-2.73E-15,-5.75E-21,-0.042983018,9.10E-22,-5.55E-05,-0.13269588,7.52E-24,-0.006180947,1.86E-05,-0.00201166,-0.474096,0.45443997,5.40E-20,-0.31334978,3.30E-08,-1.53E-06,0.00731626,0.4221607,3.69E-19,-0.16588834,-0.19119462
-1.59E-17,0.40572995,0.000193161,-0.37129617,-0.20351668,-0.1845613,3.50E-23,0.014966684,-0.057048135,-0.40230048,-0.13496909,-2.26E-15,-1.07E-20,0.043276824,8.75E-22,9.61E-05,0.10149945,6.84E-24,-0.001914709,-0.000430901,8.79E-05,0.39485985,-0.37580526,9.41E-20,0.25499293,-6.39E-08,-8.64E-06,-0.002409351,-0.35005227,-2.88E-19,0.12957688,0.15336019
-1.74E-17,0.5238821,0.000232376,-0.48017085,-0.26484895,-0.24100868,3.58E-23,0.019591298,-0.07555093,-0.51946187,-0.17635997,-2.48E-15,-1.16E-20,0.05726459,9.22E-22,0.000112373,0.13278675,7.11E-24,-0.002501224,-0.000497596,0.000145083,0.51011,-0.4858864,1.03E-19,0.3310697,-7.65E-08,-9.83E-06,-0.002473865,-0.45316577,-3.28E-19,0.16899996,0.19992477
-1.10E-17,-0.1388055,-4.39E-05,0.1308283,0.07568925,0.06706827,3.71E-23,-0.000950828,0.019340863,0.1379549,0.050876483,-2.23E-15,-8.54E-21,-0.013229629,8.63E-22,2.57E-05,-0.039729994,6.95E-24,-0.002308368,-0.000206351,-0.000727702,-0.13422343,0.12916042,7.48E-20,-0.090638965,-1.61E-08,-5.05E-06,0.000650421,0.12065936,-1.88E-20,-0.048850168,-0.056201503
-4.01E-18,-0.73782915,-0.000449678,0.6857312,0.38378066,0.33674592,4.39E-23,-0.012218245,0.093911104,0.7326544,0.2538957,-2.62E-15,-7.03E-21,-0.06678077,9.89E-22,-8.74E-05,-0.19603325,8.01E-24,-0.006875987,0.000117152,-0.002454583,-0.71381813,0.6829991,6.62E-20,-0.46846992,5.17E-08,-5.07E-08,0.009357831,0.63452905,3.24E-19,-0.24579726,-0.28466564
-6.20E-18,-0.48866874,-0.000324161,0.4559039,0.25625747,0.22262539,4.32E-23,-0.005809913,0.06039864,0.48542708,0.1693397,-2.60E-15,-7.72E-21,-0.042250775,9.96E-22,-5.09E-05,-0.13165253,7.99E-24,-0.006203357,1.11E-05,-0.001989272,-0.47190064,0.45214167,7.39E-20,-0.3107913,2.82E-08,-1.77E-06,0.007247924,0.41952488,2.10E-19,-0.16445208,-0.18931419
1.01E-18,-1.1955593,-0.000728558,1.1090798,0.616619,0.5410514,4.83E-23,-0.021643154,0.15078935,1.1869892,0.406716,-2.87E-15,-4.88E-21,-0.10788003,1.06E-21,-0.000167577,-0.31306043,8.62E-24,-0.009648511,0.000360306,-0.003602101,-1.1565658,1.1057514,5.57E-20,-0.75524384,9.94E-08,3.65E-06,0.015083768,1.0263956,6.21E-19,-0.39384174,-0.45708472
2.94E-18,-1.6261318,-0.000989993,1.5071772,0.8364093,0.73434883,5.24E-23,-0.030811094,0.20519319,1.614378,0.55147284,-2.94E-15,-3.73E-21,-0.14730044,1.14E-21,-0.000243592,-0.4240432,9.26E-24,-0.012076932,0.000599049,-0.004650415,-1.5733021,1.5036614,5.41E-20,-1.0257967,1.44E-07,7.34E-06,0.020433217,1.3955343,8.15E-19,-0.5339982,-0.6202624
4.17E-18,-1.9023637,-0.001189039,1.7630787,0.9764737,0.8550416,5.67E-23,-0.034880962,0.23680165,1.8886497,0.64276576,-3.15E-15,-3.36E-21,-0.16970882,1.26E-21,-0.000298459,-0.49449205,1.00E-23,-0.014750472,0.000760926,-0.005530392,-1.8397498,1.7581122,5.88E-20,-1.1975533,1.74E-07,9.71E-06,0.025153218,1.6305656,9.48E-19,-0.62298983,-0.72317076
4.89E-18,-2.2556753,-0.001405519,2.0897722,1.1581757,1.0155561,6.00E-23,-0.04272011,0.2826571,2.2393808,0.762997,-3.12E-15,-2.81E-21,-0.2030207,1.33E-21,-0.000362223,-0.5867144,1.06E-23,-0.016600747,0.00096473,-0.006379372,-2.1821167,2.0851152,6.01E-20,-1.4210502,2.10E-07,1.29E-05,0.029499322,1.934467,1.07E-18,-0.7392999,-0.85861874
1.44E-18,-1.5526497,-0.000936871,1.4391005,0.7993843,0.7025286,5.14E-23,-0.029924285,0.19715324,1.541437,0.5274884,-2.81E-15,-3.85E-21,-0.14169136,1.13E-21,-0.000230133,-0.40557852,9.11E-24,-0.011259542,0.000569203,-0.004398086,-1.5024482,1.4360218,5.53E-20,-0.9803401,1.35E-07,6.92E-06,0.019153427,1.3330891,7.63E-19,-0.510639,-0.59322727
-1.10E-18,-0.98515344,-0.000572738,0.9141141,0.5090794,0.4479454,4.53E-23,-0.01872329,0.12640661,0.9780774,0.33638376,-2.66E-15,-4.66E-21,-0.09070113,9.86E-22,-0.00012622,-0.25880378,8.08E-24,-0.007483314,0.000254123,-0.002895908,-0.9532906,0.9115782,5.30E-20,-0.6234677,7.57E-08,2.05E-06,0.011398647,0.8466052,5.36E-19,-0.32540023,-0.3778938
-2.42E-18,-1.0224811,-0.00057395,0.94812566,0.5279659,0.46580452,4.47E-23,-0.02045951,0.13254449,1.0150583,0.34920105,-2.51E-15,-4.95E-21,-0.09540827,9.76E-22,-0.000128249,-0.26834387,7.98E-24,-0.007031251,0.000267278,-0.002850649,-0.9898593,0.94634503,5.51E-20,-0.6472725,7.72E-08,2.31E-06,0.01111996,0.8792733,4.92E-19,-0.33746046,-0.3923632
2.27E-18,-1.4396298,-0.000858373,1.3345646,0.7431197,0.6545299,4.94E-23,-0.028416779,0.18500492,1.4292399,0.49114832,-2.77E-15,-3.69E-21,-0.1331166,1.06E-21,-0.000208425,-0.377537,8.72E-24,-0.01014809,0.000501776,-0.004050666,-1.3936799,1.3322808,4.90E-20,-0.9111776,1.24E-07,5.98E-06,0.01719003,1.2376425,7.42E-19,-0.4751445,-0.5522113
6.42E-18,-2.1756115,-0.001351758,2.0157526,1.1180733,0.9811311,5.85E-23,-0.041402318,0.27357787,2.1598895,0.73692083,-3.16E-15,-2.67E-21,-0.19651146,1.28E-21,-0.000346309,-0.5665847,1.03E-23,-0.015957218,0.000907381,-0.0061588,-2.1049883,2.0115361,5.38E-20,-1.3717605,2.03E-07,1.21E-05,0.028196875,1.8666811,1.07E-18,-0.7138514,-0.82918876
7.18E-18,-2.3288932,-0.001453932,2.1576192,1.1963024,1.0493832,6.04E-23,-0.044192772,0.29222193,2.3120632,0.78827053,-3.23E-15,-2.45E-21,-0.20988443,1.32E-21,-0.000375107,-0.606079,1.06E-23,-0.017121486,0.000993605,-0.006590745,-2.2531781,2.1530595,5.48E-20,-1.4678506,2.19E-07,1.34E-05,0.03045221,1.9978015,1.14E-18,-0.76370776,-0.88705397
7.75E-18,-2.3805563,-0.001487306,2.2054462,1.2230256,1.0729882,6.08E-23,-0.045285538,0.29892924,2.3633537,0.80596656,-3.25E-15,-2.30E-21,-0.21473476,1.33E-21,-0.000384652,-0.61966336,1.07E-23,-0.017440844,0.001021771,-0.006727151,-2.3032556,2.2009163,5.38E-20,-1.5006683,2.25E-07,1.39E-05,0.031127341,2.042314,1.16E-18,-0.7808321,-0.9069794
6.77E-18,-2.5323803,-0.001592503,2.3458803,1.298738,1.1376781,6.35E-23,-0.047358762,0.31539193,2.5140731,0.85492235,-3.31E-15,-2.48E-21,-0.22636835,1.41E-21,-0.000413772,-0.6574312,1.12E-23,-0.018912252,0.001111941,-0.007191519,-2.449413,2.340331,6.18E-20,-1.5937313,2.40E-07,1.51E-05,0.03373857,2.170643,1.19E-18,-0.82862884,-0.96222806
6.38E-18,-2.4540458,-0.001539798,2.2733703,1.2587762,1.1028547,6.25E-23,-0.04595987,0.30591613,2.4363034,0.8287075,-3.27E-15,-2.59E-21,-0.219579,1.39E-21,-0.00039895,-0.6372613,1.10E-23,-0.018300164,0.001067618,-0.006967607,-2.3736968,2.2680202,6.12E-20,-1.5446563,2.32E-07,1.45E-05,0.032566123,2.103666,1.16E-18,-0.80316603,-0.93268645
1.41E-18,-1.9017676,-0.001148092,1.7617627,0.97786045,0.8597323,5.47E-23,-0.037442066,0.24158096,1.8879774,0.6452242,-2.78E-15,-3.58E-21,-0.17390855,1.21E-21,-0.000291965,-0.49586165,9.68E-24,-0.013148313,0.000766101,-0.005232803,-1.84051,1.758782,5.97E-20,-1.200052,1.71E-07,1.00E-05,0.02348722,1.6326852,8.57E-19,-0.62458336,-0.7259115
5.71E-18,-1.6854312,-0.001033621,1.5623169,0.8683214,0.7629947,5.27E-23,-0.032131687,0.21365008,1.6732751,0.57293373,-3.06E-15,-3.14E-21,-0.15340349,1.13E-21,-0.000255469,-0.44053268,9.25E-24,-0.012503126,0.000626497,-0.004838331,-1.6310506,1.559014,4.65E-20,-1.0647515,1.52E-07,7.83E-06,0.021231454,1.4474447,8.99E-19,-0.55470634,-0.6443614
1.52E-18,-0.9632467,-0.000569786,0.89413255,0.4986784,0.43875936,4.50E-23,-0.017787416,0.12341867,0.95635164,0.32956,-2.83E-15,-4.61E-21,-0.08834466,9.66E-22,-0.000122899,-0.2536244,8.00E-24,-0.007714915,0.000224408,-0.002925255,-0.93219215,0.89155155,4.74E-20,-0.61039704,7.53E-08,1.61E-06,0.011403926,0.8282524,5.74E-19,-0.31880873,-0.3701328
6.97E-19,-0.89338505,-0.000540042,0.8297719,0.46327478,0.40701598,4.51E-23,-0.015794484,0.113943726,0.8870593,0.30610725,-2.82E-15,-5.05E-21,-0.08134743,9.79E-22,-0.000114085,-0.23579828,8.07E-24,-0.007649262,0.000198238,-0.002824082,-0.8644097,0.8269139,5.20E-20,-0.56651896,6.91E-08,1.20E-06,0.010991996,0.768142,5.24E-19,-0.29628855,-0.34369367
-8.04E-18,-0.07677496,-3.71E-05,0.07430829,0.04419806,0.037439387,3.75E-23,0.001556084,0.009498364,0.07645191,0.029598609,-2.44E-15,-7.67E-21,-0.005774911,8.53E-22,2.92E-05,-0.023896635,6.95E-24,-0.002861814,-0.000226223,-0.000763077,-0.07345723,0.07139507,6.67E-20,-0.050951768,-1.75E-08,-5.44E-06,0.000902154,0.066353396,6.97E-20,-0.028739182,-0.032078944
-8.89E-18,-0.01811476,1.72E-06,0.019932456,0.013853241,0.010759566,3.66E-23,0.00267706,0.002017235,0.01820217,0.009569194,-2.37E-15,-7.82E-21,-0.00039517,8.34E-22,3.94E-05,-0.008506354,6.80E-24,-0.00241675,-0.000255221,-0.000591205,-0.016663663,0.01709763,6.72E-20,-0.0137325,-2.37E-08,-5.88E-06,0.000108718,0.01590807,2.97E-20,-0.00931333,-0.009511676
-8.63E-18,0.02545368,3.64E-05,-0.020567104,-0.009093434,-0.00914989,3.52E-23,0.003317232,-0.00343986,-0.02509512,-0.005667087,-2.32E-15,-7.43E-21,0.003491524,7.93E-22,4.80E-05,0.003388431,6.50E-24,-0.001926663,-0.000279894,-0.000428006,0.025477841,-0.023241587,6.31E-20,0.014146127,-2.84E-08,-6.23E-06,-0.000678328,-0.0215502,3.12E-20,0.005575679,0.007584706
-1.89E-17,0.38133138,0.000202225,-0.3491037,-0.19011475,-0.1711843,3.58E-23,0.013145723,-0.051429756,-0.37810993,-0.12529083,-2.03E-15,-1.18E-20,0.03879803,9.15E-22,9.76E-05,0.09418197,7.07E-24,-0.001262497,-0.000420234,0.000175369,0.37062895,-0.352689,1.05E-19,0.23823458,-6.46E-08,-8.44E-06,-0.003050644,-0.32793614,-4.08E-19,0.12052989,0.14254647
-1.19E-17,-0.067628585,-1.55E-05,0.065323465,0.040208176,0.035452,3.63E-23,0.00065495,0.010401608,0.06732981,0.027740581,-2.09E-15,-8.70E-21,-0.006746607,8.46E-22,3.15E-05,-0.022288159,6.81E-24,-0.002054688,-0.000216382,-0.000594421,-0.065282315,0.06348519,7.60E-20,-0.046414867,-1.99E-08,-5.13E-06,0.00021768,0.05972095,-7.41E-20,-0.026561342,-0.029916883
-9.48E-18,-0.33371568,-0.000119475,0.31043804,0.17510206,0.15683797,3.77E-23,-0.007022053,0.046887405,0.3312812,0.11699732,-2.13E-15,-7.85E-21,-0.033715595,8.55E-22,1.79E-06,-0.0898698,6.95E-24,-0.0021865,-0.000124432,-0.000961468,-0.32359552,0.30985054,6.87E-20,-0.21392557,8.66E-10,-3.73E-06,0.001433292,0.28901097,4.61E-20,-0.11222329,-0.1307486
-1.58E-18,-1.551655,-0.000857511,1.4364165,0.7981955,0.7061143,4.76E-23,-0.033199273,0.20201883,1.5401659,0.5279705,-2.36E-15,-4.91E-21,-0.14608078,1.04E-21,-0.000211643,-0.40481448,8.42E-24,-0.008934023,0.000522241,-0.003919442,-1.5031188,1.4361264,5.67E-20,-0.98096377,1.28E-07,6.41E-06,0.01638459,1.3347539,5.92E-19,-0.5097682,-0.59384435
-6.16E-18,-1.0117176,-0.000543081,0.93737185,0.51953185,0.4581283,4.43E-23,-0.020456795,0.1300799,1.0042536,0.3430163,-2.32E-15,-5.98E-21,-0.09371261,9.94E-22,-0.000120159,-0.26332933,7.99E-24,-0.006558772,0.000250249,-0.002696531,-0.97912973,0.9356416,6.59E-20,-0.63779896,7.11E-08,1.96E-06,0.010491306,0.86868435,3.70E-19,-0.33134788,-0.38554367
-5.05E-18,-1.7643139,-0.001018808,1.6335733,0.9066111,0.7991075,5.21E-23,-0.036591757,0.2268214,1.7514158,0.5989098,-2.30E-15,-4.68E-21,-0.16386876,1.18E-21,-0.000260067,-0.4598571,9.31E-24,-0.010893938,0.000701595,-0.004584189,-1.7080516,1.6319423,7.10E-20,-1.1135132,1.51E-07,9.08E-06,0.020280363,1.5154197,6.42E-19,-0.57918483,-0.67382175
-1.17E-17,-0.9205554,-0.00052003,0.8537861,0.47705513,0.42084226,4.56E-23,-0.018557288,0.12053401,0.913994,0.31632328,-2.03E-15,-7.45E-21,-0.08691541,1.07E-21,-0.000116412,-0.24359961,8.41E-24,-0.006290218,0.00026935,-0.002575031,-0.8913001,0.8522751,8.44E-20,-0.5841129,6.51E-08,2.40E-06,0.010197019,0.79208,2.03E-19,-0.30584496,-0.3551618
-1.47E-17,-0.54836184,-0.000380553,0.5112997,0.29011828,0.25296554,4.54E-23,-0.007551239,0.070284285,0.5448544,0.19301382,-2.06E-15,-9.90E-21,-0.04966402,1.11E-21,-7.28E-05,-0.15036364,8.64E-24,-0.006363628,0.000123744,-0.002137045,-0.5302779,0.50818026,1.03E-19,-0.3515272,3.57E-08,1.84E-07,0.008545164,0.47233647,-2.82E-20,-0.1875178,-0.21573159
-1.66E-17,-0.053051107,-8.04E-05,0.05323782,0.036701396,0.029899549,4.00E-23,0.003008572,0.007167229,0.05315894,0.02591293,-1.89E-15,-1.13E-20,-0.003902329,9.99E-22,1.27E-05,-0.022212498,7.77E-24,-0.003533418,-0.000146444,-0.000916895,-0.050866514,0.05036056,1.04E-19,-0.039731562,-1.33E-08,-3.94E-06,0.002465824,0.047515154,-2.85E-19,-0.025696643,-0.027359173
-1.98E-17,0.48537582,0.00021819,-0.44457483,-0.24249338,-0.21935718,3.54E-23,0.017041098,-0.06697308,-0.4812593,-0.16020043,-2.00E-15,-1.23E-20,0.05053275,9.22E-22,0.000101257,0.12037395,7.08E-24,-0.001782057,-0.000432974,0.000200276,0.47187072,-0.44912487,1.10E-19,0.30377665,-6.92E-08,-8.56E-06,-0.002633595,-0.41789943,-4.68E-19,0.15377448,0.18203208
-1.59E-17,0.4897387,0.000216146,-0.4485802,-0.24702941,-0.22478153,3.51E-23,0.018296372,-0.070339866,-0.4856112,-0.16435952,-2.42E-15,-1.08E-20,0.053340413,8.86E-22,0.000105352,0.12366964,6.90E-24,-0.002393745,-0.000471656,0.000113485,0.47686177,-0.4540789,9.55E-20,0.3090972,-7.10E-08,-9.36E-06,-0.002317368,-0.4234206,-2.82E-19,0.15754844,0.18647075
-1.35E-17,0.2806563,0.000154481,-0.25615197,-0.14033712,-0.12741287,3.56E-23,0.011032731,-0.039493263,-0.27825743,-0.093116716,-2.38E-15,-9.75E-21,0.030209314,8.63E-22,8.64E-05,0.06987226,6.84E-24,-0.001809721,-0.000405122,-4.93E-05,0.2734468,-0.26004228,8.46E-20,0.17639828,-5.56E-08,-8.32E-06,-0.002230774,-0.2423257,-1.70E-19,0.089480504,0.10607221
-2.23E-17,0.5726998,0.000263248,-0.52507555,-0.2871018,-0.2598534,3.70E-23,0.019674014,-0.07900288,-0.56786853,-0.18964626,-2.18E-15,-1.35E-20,0.05939004,9.86E-22,0.000120786,0.14236309,7.48E-24,-0.001870675,-0.000501902,0.000306905,0.55696344,-0.5303787,1.20E-19,0.35939774,-8.21E-08,-9.89E-06,-0.003349351,-0.49388677,-5.08E-19,0.18188916,0.21543568
-3.28E-17,0.879602,0.000382963,-0.8076785,-0.4396422,-0.3960909,3.74E-23,0.027623095,-0.118050314,-0.87223536,-0.28909656,-1.63E-15,-1.75E-20,0.087942936,1.09E-21,0.000152674,0.21715523,7.94E-24,-0.001279005,-0.000568133,0.00078711,0.8542404,-0.8136639,1.59E-19,0.54965925,-1.07E-07,-1.08E-05,-0.004917251,-0.7566911,-9.46E-19,0.27742612,0.3282805
-2.69E-17,0.5953219,0.000238118,-0.5451368,-0.2948789,-0.2672016,3.85E-23,0.020514641,-0.080669634,-0.59016734,-0.19363423,-1.83E-15,-1.54E-20,0.06062886,1.06E-21,0.000110895,0.14452876,7.93E-24,-0.002225821,-0.0004498,0.00022221,0.57864106,-0.5505808,1.40E-19,0.37066856,-7.88E-08,-8.91E-06,-0.002502521,-0.5121388,-7.01E-19,0.18545239,0.22052515
-1.65E-17,0.05887825,1.93E-05,-0.05083759,-0.022974283,-0.022282366,3.85E-23,0.004950772,-0.007326627,-0.058055982,-0.013952062,-2.01E-15,-1.09E-20,0.006468871,9.53E-22,4.39E-05,0.008811329,7.44E-24,-0.002459619,-0.000247974,-0.000521295,0.057749406,-0.05370044,9.93E-20,0.032768987,-3.09E-08,-5.68E-06,0.000155858,-0.049516015,-2.61E-19,0.013116043,0.017343327
-4.58E-18,-0.55105174,-0.000309459,0.5126052,0.28583136,0.25057063,4.17E-23,-0.008973509,0.06991576,0.5471645,0.18871908,-2.57E-15,-6.22E-21,-0.049650654,9.28E-22,-4.92E-05,-0.1456376,7.57E-24,-0.005236824,1.42E-05,-0.00185406,-0.53264135,0.5097558,6.07E-20,-0.34881487,2.96E-08,-1.75E-06,0.006231783,0.47314355,3.04E-19,-0.18260364,-0.21151534
3.91E-18,-1.5823005,-0.000973532,1.4668617,0.8135871,0.7134049,5.24E-23,-0.029207472,0.19839165,1.570887,0.53602606,-3.05E-15,-3.69E-21,-0.14217356,1.14E-21,-0.000237193,-0.41231513,9.27E-24,-0.012250001,0.000570318,-0.004621989,-1.5305382,1.4628475,5.26E-20,-0.997512,1.40E-07,6.84E-06,0.020297017,1.3572937,8.30E-19,-0.5192332,-0.6028593
3.80E-18,-1.8747332,-0.001168213,1.7374564,0.96243495,0.8429747,5.63E-23,-0.034522388,0.2336953,1.861214,0.63362974,-3.11E-15,-3.43E-21,-0.16752534,1.25E-21,-0.000292906,-0.48743668,9.97E-24,-0.014448283,0.000746054,-0.005434878,-1.8131043,1.7326579,5.89E-20,-1.1803592,1.70E-07,9.49E-06,0.024653472,1.607054,9.29E-19,-0.6140775,-0.7128757
5.07E-18,-1.6747822,-0.001043992,1.5526844,0.86117643,0.7546056,5.39E-23,-0.030610055,0.20938274,1.6627352,0.5672386,-3.15E-15,-3.36E-21,-0.14997709,1.17E-21,-0.000256646,-0.43643725,9.51E-24,-0.01317918,0.000626767,-0.004934149,-1.6198599,1.548245,5.17E-20,-1.0557048,1.51E-07,7.69E-06,0.021924656,1.4363718,8.97E-19,-0.5496526,-0.6380089
-9.15E-19,-1.3334615,-0.000781202,1.2359457,0.68667084,0.6042661,4.85E-23,-0.02612203,0.1703673,1.3237908,0.45337388,-2.64E-15,-4.50E-21,-0.12253854,1.07E-21,-0.000186679,-0.34846598,8.64E-24,-0.009391968,0.000442376,-0.003726591,-1.290507,1.2334671,5.73E-20,-0.84221417,1.10E-07,4.98E-06,0.015695324,1.145287,6.26E-19,-0.43860453,-0.5097546
-9.27E-19,-1.3403485,-0.000785847,1.2423193,0.69017226,0.60730726,4.86E-23,-0.026243929,0.1711911,1.3306285,0.45566747,-2.64E-15,-4.49E-21,-0.12312943,1.07E-21,-0.000188009,-0.3502325,8.65E-24,-0.009445663,0.000446621,-0.003746056,-1.2971587,1.2398185,5.74E-20,-0.84651405,1.11E-07,5.04E-06,0.015800688,1.151163,6.29E-19,-0.44083506,-0.51234007
1.79E-18,-1.8806511,-0.001146052,1.7423888,0.96593344,0.8479057,5.52E-23,-0.036077566,0.23691347,1.8670254,0.6366792,-2.88E-15,-3.69E-21,-0.17026873,1.22E-21,-0.0002895,-0.48945165,9.79E-24,-0.013552069,0.000750168,-0.005269313,-1.8195162,1.7386794,6.09E-20,-1.1852355,1.69E-07,9.66E-06,0.023750486,1.6133603,8.64E-19,-0.6165808,-0.71631867
6.02E-18,-2.0996864,-0.001301128,1.9454801,1.0793171,0.9473133,5.76E-23,-0.040020663,0.26433927,2.0845132,0.7114797,-3.13E-15,-2.79E-21,-0.18988554,1.26E-21,-0.000332055,-0.547018,1.01E-23,-0.015379638,0.000864859,-0.00594455,-2.0315828,1.941432,5.34E-20,-1.3241559,1.95E-07,1.15E-05,0.027080104,1.8017263,1.04E-18,-0.6891512,-0.80052
8.91E-18,-2.4473584,-0.001536529,2.2672968,1.25601,1.10087,6.19E-23,-0.045815546,0.30547553,2.4296536,0.82703835,-3.38E-15,-2.32E-21,-0.21920481,1.36E-21,-0.000396605,-0.63590336,1.09E-23,-0.018311683,0.001045887,-0.006971955,-2.367461,2.2621415,5.42E-20,-1.5412152,2.32E-07,1.42E-05,0.03240885,2.0985548,1.20E-18,-0.8014304,-0.9307589
1.11E-17,-2.36432,-0.001481696,2.1905468,1.2143064,1.064975,6.04E-23,-0.044319533,0.29582468,2.3472023,0.79983455,-3.46E-15,-2.17E-21,-0.21223456,1.30E-21,-0.000379766,-0.6148955,1.05E-23,-0.0177196,0.00098077,-0.006756851,-2.2874346,2.1857913,4.64E-20,-1.4899609,2.24E-07,1.32E-05,0.031100105,2.0281801,1.21E-18,-0.7748876,-0.90005577
5.49E-18,-2.1152623,-0.001301039,1.9595455,1.085763,0.95273554,5.75E-23,-0.04022599,0.26541364,2.0999062,0.71529907,-3.11E-15,-3.20E-21,-0.19061363,1.26E-21,-0.000331276,-0.54980093,1.01E-23,-0.015413038,0.00085719,-0.005948682,-2.0464797,1.955435,5.60E-20,-1.3325162,1.94E-07,1.13E-05,0.027117055,1.814379,1.00E-18,-0.6927904,-0.8048897
4.08E-18,-1.990827,-0.001231176,1.8446485,1.0223494,0.8965591,5.69E-23,-0.037516214,0.2495465,1.9764333,0.67350745,-3.07E-15,-3.28E-21,-0.17914379,1.25E-21,-0.000311962,-0.5178964,1.00E-23,-0.014787673,0.000807262,-0.005663175,-1.925857,1.8403254,5.82E-20,-1.2542464,1.82E-07,1.05E-05,0.025758281,1.7073978,9.58E-19,-0.6524845,-0.7577947
9.44E-19,-1.4287671,-0.000858427,1.3244362,0.7349532,0.6453614,5.03E-23,-0.027030148,0.18050605,1.4184344,0.48461437,-2.83E-15,-4.22E-21,-0.12955402,1.10E-21,-0.000206591,-0.372654,8.93E-24,-0.010644265,0.00049158,-0.004096233,-1.382267,1.3211412,5.62E-20,-0.90123785,1.22E-07,5.66E-06,0.017627211,1.2261114,7.07E-19,-0.4691729,-0.54495704
-3.17E-18,-0.6892081,-0.000387431,0.6402991,0.35793,0.31536463,4.22E-23,-0.012601648,0.089311205,0.6842997,0.23693457,-2.56E-15,-5.80E-21,-0.06386429,9.26E-22,-7.25E-05,-0.18247761,7.61E-24,-0.005660672,8.50E-05,-0.002141883,-0.6670031,0.6381549,5.63E-20,-0.43758598,4.43E-08,-5.46E-07,0.007554208,0.5930901,3.70E-19,-0.22900708,-0.26579326
-1.28E-17,-0.041152477,-4.79E-05,0.04181929,0.02769059,0.021825742,3.90E-23,0.003332109,0.004347357,0.041230887,0.019028412,-2.25E-15,-9.77E-21,-0.001801567,9.40E-22,2.63E-05,-0.016427997,7.44E-24,-0.00335531,-0.000208938,-0.000828657,-0.038868375,0.038568065,8.83E-20,-0.029583141,-1.94E-08,-5.12E-06,0.001624776,0.03588953,-1.10E-19,-0.018892128,-0.01989996
-2.27E-17,0.5405104,0.000256171,-0.4954152,-0.26947993,-0.24288188,3.64E-23,0.017803129,-0.07261885,-0.5359563,-0.17730358,-1.94E-15,-1.34E-20,0.05442994,9.67E-22,0.000114454,0.13310024,7.35E-24,-0.001354963,-0.000465576,0.000348641,0.52520233,-0.4999488,1.20E-19,0.3375516,-7.74E-08,-9.16E-06,-0.003567856,-0.46494752,-5.51E-19,0.17029935,0.20162132
-1.65E-17,0.287857,0.00011587,-0.26181298,-0.14005974,-0.12790863,3.69E-23,0.011541762,-0.03927833,-0.2852543,-0.091734394,-2.11E-15,-1.09E-20,0.030081376,9.18E-22,7.30E-05,0.06775448,7.18E-24,-0.002343548,-0.000346865,-0.000192522,0.2803005,-0.26604396,9.67E-20,0.17800373,-4.93E-08,-7.28E-06,-0.001102859,-0.24749506,-2.85E-19,0.087780654,0.10521177
-1.90E-17,0.39989954,0.000199883,-0.36581296,-0.19836406,-0.17890917,3.62E-23,0.013689672,-0.053467847,-0.39649874,-0.13034353,-2.04E-15,-1.18E-20,0.04027891,9.21E-22,9.77E-05,0.09760371,7.13E-24,-0.001425954,-0.000418456,0.000153568,0.38875222,-0.36979052,1.04E-19,0.24921134,-6.46E-08,-8.44E-06,-0.00292222,-0.34385982,-3.92E-19,0.12525986,0.14855817
-1.10E-17,0.055376075,7.54E-05,-0.04858415,-0.024502613,-0.021838058,3.56E-23,0.003224675,-0.006039236,-0.054822728,-0.015535727,-2.23E-15,-8.38E-21,0.00513751,8.21E-22,5.98E-05,0.011112455,6.66E-24,-0.001260849,-0.000308832,-0.000252844,0.054188445,-0.050756447,7.15E-20,0.032722697,-3.54E-08,-6.72E-06,-0.001775654,-0.046853013,-6.06E-20,0.015315048,0.01866649
-1.10E-17,0.027840696,5.27E-05,-0.022935748,-0.00954701,-0.008668754,3.59E-23,0.002560447,-0.00204627,-0.027472854,-0.005336035,-2.20E-15,-8.35E-21,0.002208159,8.27E-22,5.31E-05,0.003070705,6.71E-24,-0.001464787,-0.000286189,-0.00033984,0.0274778,-0.025142781,7.12E-20,0.014722124,-3.13E-08,-6.35E-06,-0.001308037,-0.022960655,-4.91E-20,0.005411837,0.00735395
-8.93E-18,-0.16826048,-3.03E-05,0.1577242,0.08973522,0.08049196,3.66E-23,-0.002814451,0.024342801,0.16706802,0.060177095,-2.23E-15,-7.55E-21,-0.017204778,8.23E-22,2.85E-05,-0.046463754,6.74E-24,-0.001694059,-0.000211031,-0.000636006,-0.16287634,0.15640315,6.49E-20,-0.108624995,-1.50E-08,-5.16E-06,-0.000154044,0.1459854,4.65E-20,-0.057496496,-0.06674339
-2.84E-18,-1.0758109,-0.000568555,0.99661213,0.5554806,0.49266663,4.32E-23,-0.023249965,0.14218557,1.0678604,0.36813965,-2.33E-15,-5.40E-21,-0.10280067,9.35E-22,-0.000128298,-0.28227034,7.69E-24,-0.006195747,0.000266616,-0.002756166,-1.0424972,0.9963962,5.39E-20,-0.68212616,7.93E-08,2.44E-06,0.010394149,0.92677915,4.38E-19,-0.35506153,-0.41371936
-1.74E-18,-1.3479272,-0.000769164,1.248701,0.69203067,0.6091662,4.79E-23,-0.026604261,0.17155445,1.3380293,0.4564787,-2.59E-15,-5.13E-21,-0.1234171,1.06E-21,-0.000182539,-0.3505285,8.54E-24,-0.009164517,0.000422416,-0.003669129,-1.3044571,1.246444,6.03E-20,-0.8495921,1.08E-07,4.63E-06,0.015373856,1.1570636,5.70E-19,-0.44138426,-0.5133442
-1.45E-18,-1.753356,-0.001008075,1.6233457,0.9001503,0.7933985,5.12E-23,-0.03589676,0.22446877,1.7404574,0.5942252,-2.50E-15,-4.70E-21,-0.16193384,1.14E-21,-0.000253323,-0.45605218,9.10E-24,-0.011049479,0.000649635,-0.004589628,-1.6974386,1.621693,6.29E-20,-1.1058679,1.50E-07,8.25E-06,0.020066988,1.505872,6.82E-19,-0.5745036,-0.6685461
-1.01E-17,-0.5231302,-0.000248793,0.4857183,0.2710337,0.2398265,4.01E-23,-0.010353919,0.06921166,0.5193304,0.17974262,-2.14E-15,-7.40E-21,-0.04973796,9.19E-22,-3.60E-05,-0.13827808,7.38E-24,-0.003681038,-5.31E-07,-0.001494478,-0.50637305,0.4843413,7.20E-20,-0.33168048,2.10E-08,-1.89E-06,0.004424056,0.45021567,1.26E-19,-0.173308,-0.20145786
-1.57E-17,-0.07463044,-7.24E-05,0.07266043,0.04441811,0.036078297,3.98E-23,0.002864124,0.008064363,0.07450076,0.029941447,-2.16E-15,-1.02E-20,-0.00447013,9.83E-22,1.85E-05,-0.024901774,7.66E-24,-0.003632213,-0.000173302,-0.000918632,-0.071093455,0.06926152,9.74E-20,-0.050138623,-1.75E-08,-4.58E-06,0.002309422,0.06412231,-1.51E-19,-0.029605214,-0.032257687
-2.49E-17,0.5772003,0.00027274,-0.5293847,-0.28821486,-0.25966135,3.68E-23,0.018906202,-0.07772883,-0.572338,-0.18972404,-1.86E-15,-1.44E-20,0.05821374,9.98E-22,0.000119264,0.1425453,7.51E-24,-0.001300327,-0.000478243,0.000409685,0.56072843,-0.5338957,1.29E-19,0.36065134,-8.16E-08,-9.35E-06,-0.003752185,-0.4964769,-6.44E-19,0.1822129,0.21557546
-2.80E-17,0.74924105,0.000352368,-0.6882151,-0.3762012,-0.33842057,3.60E-23,0.023687601,-0.10126783,-0.7430248,-0.24810266,-1.75E-15,-1.56E-20,0.07556776,1.01E-21,0.000141693,0.18703984,7.51E-24,-0.000960128,-0.00054341,0.000708423,0.7276269,-0.6932209,1.41E-19,0.46936664,-9.77E-08,-1.03E-05,-0.004870691,-0.64471394,-7.97E-19,0.23838069,0.2813547
-1.69E-17,0.38094348,0.000171359,-0.34819275,-0.18934684,-0.17173764,3.51E-23,0.014028094,-0.052725494,-0.37767798,-0.12499255,-2.08E-15,-1.10E-20,0.040009495,8.82E-22,8.73E-05,0.09360114,6.88E-24,-0.001919071,-0.000393534,3.53E-05,0.3705796,-0.35245287,9.69E-20,0.23802182,-5.87E-08,-7.95E-06,-0.002009921,-0.32799625,-3.36E-19,0.119954124,0.14236102
-6.66E-18,-0.110450685,-2.02E-05,0.10478049,0.06040657,0.053447507,3.58E-23,-0.000704747,0.015584579,0.10973038,0.04052716,-2.37E-15,-6.64E-21,-0.010597752,7.85E-22,3.17E-05,-0.03170093,6.52E-24,-0.002011464,-0.000229474,-0.000627647,-0.10650105,0.102722384,5.56E-20,-0.071915835,-1.66E-08,-5.46E-06,-1.76E-05,0.09578709,1.26E-19,-0.038776178,-0.04451048
-2.02E-17,0.48449218,0.000236235,-0.44383782,-0.24204229,-0.21861292,3.65E-23,0.016464762,-0.06584719,-0.4804098,-0.15955712,-2.14E-15,-1.24E-20,0.04950297,9.46E-22,0.000110797,0.119718626,7.26E-24,-0.001544301,-0.000465701,0.000250947,0.47110444,-0.44843984,1.10E-19,0.30332375,-7.38E-08,-9.27E-06,-0.003320223,-0.41736072,-4.31E-19,0.1532049,0.18148354
-3.52E-17,1.0649561,0.000463346,-0.9786791,-0.5350932,-0.48243234,3.73E-23,0.033356827,-0.14466861,-1.0561146,-0.35282445,-1.69E-15,-1.88E-20,0.10770671,1.12E-21,0.000178375,0.26554328,8.08E-24,-0.001304641,-0.000654738,0.001040191,1.0344521,-0.9857331,1.70E-19,0.66776085,-1.25E-07,-1.22E-05,-0.005867998,-0.9172477,-1.06E-18,0.3385092,0.400073
-5.10E-17,1.6556748,0.000678468,-1.5223142,-0.830594,-0.7483821,3.84E-23,0.050162498,-0.22305614,-1.6419414,-0.54664594,-1.12E-15,-2.51E-20,0.16545162,1.30E-21,0.000241311,0.41114664,8.92E-24,-0.001113422,-0.00081662,0.001800465,1.6076169,-1.5320137,2.31E-19,1.0365165,-1.74E-07,-1.46E-05,-0.008180424,-1.4251409,-1.69E-18,0.5242781,0.6198675
-4.50E-17,1.4378753,0.000569906,-1.3211861,-0.71928847,-0.64869916,3.74E-23,0.044030245,-0.19346383,-1.4258928,-0.4729161,-1.15E-15,-2.23E-20,0.14365794,1.21E-21,0.000206053,0.3551183,8.45E-24,-0.001472046,-0.000709694,0.001432817,1.3962328,-1.3301806,2.05E-19,0.8988728,-1.48E-07,-1.29E-05,-0.006526061,-1.2372652,-1.46E-18,0.45343864,0.5367528
-2.35E-17,0.5297064,0.000261874,-0.4856122,-0.26361704,-0.23687263,3.62E-23,0.016851533,-0.06998821,-0.5252636,-0.17305711,-1.82E-15,-1.36E-20,0.052311398,9.64E-22,0.000114699,0.129961,7.32E-24,-0.000971702,-0.000458606,0.000406081,0.5144328,-0.4896779,1.21E-19,0.33013868,-7.71E-08,-9.01E-06,-0.003925413,-0.45508504,-5.86E-19,0.16639443,0.19687206
-6.48E-18,-0.37382078,-0.000186194,0.348467,0.19659029,0.17380363,3.92E-23,-0.006286605,0.049895383,0.37121093,0.1307529,-2.35E-15,-7.18E-21,-0.035435095,8.78E-22,-1.55E-05,-0.100968376,7.18E-24,-0.003568662,-8.36E-05,-0.00130552,-0.36184245,0.34669903,6.41E-20,-0.23922983,1.08E-08,-3.13E-06,0.00334168,0.32273784,1.52E-19,-0.12608108,-0.14610204
1.98E-18,-1.2580738,-0.000759432,1.1667745,0.6475755,0.5681073,4.87E-23,-0.02304482,0.15827239,1.2490023,0.42680797,-2.92E-15,-4.28E-21,-0.11332586,1.06E-21,-0.000176511,-0.32835326,8.64E-24,-0.009917573,0.000388238,-0.003726226,-1.21688,1.1632528,5.21E-20,-0.7935998,1.05E-07,4.03E-06,0.015668819,1.0794557,6.82E-19,-0.41328037,-0.47980583
8.59E-18,-1.9677461,-0.001242266,1.8239064,1.0104387,0.8846022,5.73E-23,-0.03554477,0.24434909,1.9535613,0.6649718,-3.41E-15,-2.83E-21,-0.17489348,1.24E-21,-0.00031052,-0.51157135,1.01E-23,-0.015643336,0.000771935,-0.005804607,-1.9030235,1.8186604,4.92E-20,-1.2390524,1.83E-07,9.88E-06,0.02635631,1.686845,1.06E-18,-0.64454454,-0.7481345
8.32E-18,-1.8061755,-0.001134718,1.6743906,0.92812216,0.81288356,5.52E-23,-0.032606546,0.22479057,1.793156,0.61097515,-3.37E-15,-3.01E-21,-0.16085489,1.19E-21,-0.000279929,-0.47002473,9.69E-24,-0.014424507,0.000677372,-0.005353334,-1.7468718,1.66955,4.67E-20,-1.1379337,1.66E-07,8.44E-06,0.023962317,1.5487697,9.99E-19,-0.59209216,-0.6872765
6.10E-18,-1.689554,-0.001081889,1.5668138,0.86683613,0.75667953,5.57E-23,-0.028912615,0.2071554,1.6774504,0.56962496,-3.39E-15,-3.38E-21,-0.14780554,1.23E-21,-0.000263879,-0.438664,9.86E-24,-0.01446386,0.000634291,-0.005182955,-1.6329969,1.5607531,5.45E-20,-1.0621675,1.54E-07,7.62E-06,0.023383621,1.4466153,9.45E-19,-0.5526035,-0.64075387
2.54E-18,-2.0414915,-0.001253246,1.8912497,1.0480095,0.91950727,5.72E-23,-0.03900573,0.25647053,2.0267034,0.69055146,-2.95E-15,-3.46E-21,-0.18429735,1.27E-21,-0.000319734,-0.5308872,1.01E-23,-0.014772899,0.000840917,-0.005722215,-1.9750098,1.8871768,6.21E-20,-1.2860519,1.86E-07,1.10E-05,0.026118033,1.7509367,9.33E-19,-0.66888833,-0.77702737
4.03E-18,-1.992987,-0.00123322,1.8466574,1.0234228,0.89743626,5.69E-23,-0.037524216,0.24974194,1.97858,0.6741913,-3.07E-15,-3.28E-21,-0.17927685,1.26E-21,-0.000312539,-0.5184339,1.01E-23,-0.014823268,0.000809314,-0.00567265,-1.9279207,1.8422967,5.84E-20,-1.2555509,1.82E-07,1.05E-05,0.025816094,1.7091954,9.59E-19,-0.65316415,-0.75856686
4.92E-18,-2.2614489,-0.001409469,2.0951173,1.1611185,1.0181149,6.00E-23,-0.042819627,0.28334844,2.245113,0.7649253,-3.13E-15,-2.80E-21,-0.20351505,1.33E-21,-0.00036333,-0.5881991,1.06E-23,-0.016648114,0.00096804,-0.006396288,-2.187695,2.0904424,6.02E-20,-1.4246627,2.11E-07,1.30E-05,0.029588405,1.9393988,1.07E-18,-0.7411744,-0.86079186
7.18E-18,-2.0321355,-0.001274175,1.8832532,1.0434465,0.9141141,5.77E-23,-0.03738003,0.25325432,2.0174677,0.68696696,-3.30E-15,-2.91E-21,-0.18149982,1.26E-21,-0.00032135,-0.52838176,1.02E-23,-0.015698839,0.000816352,-0.005900668,-1.9655205,1.8782971,5.27E-20,-1.279825,1.89E-07,1.06E-05,0.02690081,1.742341,1.04E-18,-0.6657419,-0.7729325
4.46E-18,-1.7475957,-0.001062306,1.6192993,0.89679515,0.7867373,5.34E-23,-0.032699153,0.2187737,1.7348794,0.59056264,-3.07E-15,-3.90E-21,-0.1568925,1.17E-21,-0.000261836,-0.4539223,9.43E-24,-0.013065224,0.000636878,-0.004982213,-1.6905513,1.6154124,5.40E-20,-1.1004161,1.55E-07,7.85E-06,0.022092775,1.4987427,8.56E-19,-0.57186913,-0.66436803
2.87E-18,-1.5705756,-0.000938779,1.4554402,0.80778325,0.71016204,5.09E-23,-0.030272875,0.19910699,1.5591594,0.5328183,-2.88E-15,-3.99E-21,-0.14304224,1.11E-21,-0.000229102,-0.40946093,8.99E-24,-0.011301769,0.00055091,-0.004419101,-1.5198721,1.4525223,5.23E-20,-0.9910476,1.36E-07,6.63E-06,0.019130863,1.348419,7.70E-19,-0.51562893,-0.59925365
-3.75E-18,-0.91875774,-0.000507236,0.8520268,0.473324,0.41695988,4.40E-23,-0.017883286,0.11801219,0.91206187,0.31260917,-2.49E-15,-5.49E-21,-0.08478596,9.71E-22,-0.000108232,-0.24025199,7.89E-24,-0.006558005,0.000203565,-0.002595499,-0.8890499,0.8498995,5.90E-20,-0.58028054,6.49E-08,1.24E-06,0.009898974,0.7891936,4.22E-19,-0.30212903,-0.3512017
-7.47E-18,-0.44826812,-0.000256436,0.41757756,0.23358938,0.20423765,4.11E-23,-0.006451991,0.0565463,0.44518095,0.15435314,-2.45E-15,-7.30E-21,-0.039888497,9.40E-22,-3.43E-05,-0.11946918,7.57E-24,-0.004838739,-2.75E-05,-0.001638818,-0.43311626,0.41472113,7.00E-20,-0.2842886,1.91E-08,-2.37E-06,0.005353006,0.38492784,1.84E-19,-0.1494554,-0.17273328
-1.67E-17,0.28785414,0.000119195,-0.2619577,-0.14063437,-0.12851019,3.67E-23,0.011564848,-0.039630014,-0.2852683,-0.092276946,-2.13E-15,-1.09E-20,0.03034478,9.15E-22,7.41E-05,0.0682202,7.15E-24,-0.002316604,-0.0003522,-0.000179031,0.28035945,-0.26618916,9.63E-20,0.17852622,-5.00E-08,-7.39E-06,-0.001157242,-0.24775279,-2.84E-19,0.08830102,0.10576046
-3.14E-17,0.9321541,0.000404605,-0.85624194,-0.46798205,-0.42220888,3.67E-23,0.02965223,-0.1269412,-0.9243967,-0.30863345,-1.77E-15,-1.71E-20,0.09467054,1.07E-21,0.000159769,0.23218183,7.81E-24,-0.001457805,-0.000601615,0.000838181,0.90558183,-0.86279374,1.54E-19,0.5843731,-1.12E-07,-1.13E-05,-0.00504797,-0.8028795,-9.10E-19,0.2961045,0.35009047
-3.82E-17,1.1380209,0.00047165,-1.0454165,-0.5689472,-0.5125382,3.67E-23,0.03491438,-0.1525163,-1.128538,-0.3739906,-1.32E-15,-1.95E-20,0.113338426,1.12E-21,0.000175859,0.28098145,8.04E-24,-0.001170868,-0.000624032,0.001121311,1.1049626,-1.0525813,1.78E-19,0.7110121,-1.25E-07,-1.15E-05,-0.005777326,-0.97881204,-1.19E-18,0.3588224,0.42455015
-4.29E-17,1.4544674,0.000570152,-1.3365438,-0.7296693,-0.6591899,3.73E-23,0.045582704,-0.19830784,-1.4423543,-0.48083362,-1.41E-15,-2.18E-20,0.14754651,1.20E-21,0.000208853,0.36128727,8.39E-24,-0.001999193,-0.000737277,0.001373342,1.4128721,-1.346232,1.99E-19,0.91138065,-1.51E-07,-1.34E-05,-0.006171789,-1.2528813,-1.37E-18,0.46082914,0.5453873
-3.35E-17,1.0490258,0.000422949,-0.9632345,-0.5252097,-0.47457007,3.68E-23,0.033401195,-0.1427319,-1.0402564,-0.34591973,-1.65E-15,-1.78E-20,0.10640539,1.09E-21,0.000164488,0.25967377,7.88E-24,-0.001866844,-0.000610113,0.000884554,1.0191853,-0.97083503,1.61E-19,0.65674675,-1.16E-07,-1.14E-05,-0.004771377,-0.9034453,-9.87E-19,0.33160478,0.39270312
-3.38E-17,1.0303743,0.000426588,-0.94623524,-0.5159666,-0.4658157,3.71E-23,0.032550346,-0.13970688,-1.0217716,-0.33974248,-1.66E-15,-1.80E-20,0.10408172,1.10E-21,0.000166157,0.2551288,7.95E-24,-0.001650595,-0.000614134,0.000906639,1.0009731,-0.95352775,1.62E-19,0.64500546,-1.17E-07,-1.15E-05,-0.005061542,-0.8872458,-9.94E-19,0.32577777,0.38566622
-2.14E-17,0.5109722,0.00023588,-0.4679674,-0.25413823,-0.22954436,3.64E-23,0.017067276,-0.06875725,-0.50665087,-0.16705514,-1.99E-15,-1.28E-20,0.05159449,9.51E-22,0.000108857,0.12505513,7.28E-24,-0.001555766,-0.000451488,0.000266743,0.49668854,-0.4726718,1.13E-19,0.31894502,-7.31E-08,-8.98E-06,-0.003181687,-0.4397092,-4.86E-19,0.16034232,0.19022313
-1.26E-17,0.022416271,1.77E-05,-0.017450318,-0.005875073,-0.006833803,3.72E-23,0.003650298,-0.002777379,-0.021977201,-0.003005467,-2.20E-15,-9.29E-21,0.003060999,8.83E-22,4.43E-05,0.000750095,7.05E-24,-0.002310446,-0.000261631,-0.000522857,0.022532046,-0.020264126,8.08E-20,0.011077307,-2.83E-08,-5.97E-06,-8.73E-05,-0.01868388,-1.02E-19,0.002732009,0.004883979
-2.40E-18,-0.90025437,-0.000490968,0.8349131,0.46476442,0.4103277,4.32E-23,-0.01793421,0.11685142,0.8936812,0.30737644,-2.51E-15,-5.28E-21,-0.08403767,9.38E-22,-0.000103569,-0.23612101,7.71E-24,-0.006228558,0.000184083,-0.002519353,-0.87153476,0.8332458,5.37E-20,-0.56979626,6.36E-08,1.00E-06,0.009361247,0.7742538,4.39E-19,-0.2968604,-0.3452582
2.88E-18,-1.9360135,-0.001160075,1.7931842,0.99452484,0.8745911,5.44E-23,-0.038100936,0.24551135,1.9218976,0.6559691,-2.85E-15,-3.72E-21,-0.17668015,1.19E-21,-0.000293765,-0.5038973,9.60E-24,-0.013299617,0.000756137,-0.005295857,-1.8737129,1.79034,5.68E-20,-1.22094,1.73E-07,9.84E-06,0.023683706,1.6619604,8.70E-19,-0.63482165,-0.73804295
-1.38E-18,-1.4986651,-0.000882071,1.3886136,0.7707587,0.6780403,5.03E-23,-0.029540334,0.19097719,1.487775,0.50869375,-2.62E-15,-4.46E-21,-0.13745463,1.11E-21,-0.000216159,-0.39091465,8.95E-24,-0.010349421,0.000537511,-0.004128657,-1.4503443,1.3860356,6.10E-20,-0.94573945,1.27E-07,6.44E-06,0.01782848,1.2867255,6.62E-19,-0.4922015,-0.57211566
-6.64E-18,-0.6021328,-0.000322665,0.55939746,0.31293565,0.27617234,4.12E-23,-0.011228288,0.078762494,0.5978331,0.20741783,-2.35E-15,-6.74E-21,-0.056386303,9.25E-22,-5.56E-05,-0.15975334,7.51E-24,-0.004776362,4.54E-05,-0.001840514,-0.58283675,0.5576371,6.51E-20,-0.38253593,3.33E-08,-1.13E-06,0.006153383,0.51840967,2.37E-19,-0.200305,-0.23254296
-1.36E-17,0.046580665,3.48E-05,-0.03994198,-0.01889424,-0.01843265,3.75E-23,0.004407778,-0.006431542,-0.045948267,-0.011907741,-2.21E-15,-9.72E-21,0.005778539,9.03E-22,4.97E-05,0.007729325,7.16E-24,-0.002224702,-0.000278145,-0.000465654,0.04599254,-0.04275339,8.61E-20,0.026795752,-3.25E-08,-6.25E-06,-0.000374804,-0.039673723,-1.43E-19,0.011306115,0.014723785
-2.00E-17,0.47765654,0.000237641,-0.4377069,-0.23894374,-0.21549161,3.60E-23,0.016173933,-0.06490756,-0.47364575,-0.15764335,-2.09E-15,-1.23E-20,0.048807394,9.33E-22,0.000109762,0.11853348,7.16E-24,-0.001400717,-0.000460523,0.000273419,0.46433687,-0.4420418,1.10E-19,0.29909867,-7.32E-08,-9.13E-06,-0.003398531,-0.4112907,-4.41E-19,0.15148251,0.17916909
-1.66E-17,0.14029193,6.05E-05,-0.12616637,-0.066189125,-0.06154767,3.79E-23,0.00754609,-0.019850478,-0.13886546,-0.04325154,-2.10E-15,-1.10E-20,0.015794028,9.44E-22,5.67E-05,0.031266313,7.36E-24,-0.002430135,-0.000295278,-0.000386659,0.13706504,-0.1295822,9.90E-20,0.08579842,-3.93E-08,-6.49E-06,-0.000365339,-0.12059691,-2.73E-19,0.041228123,0.050183706
-1.18E-17,0.09566479,7.31E-05,-0.08547661,-0.044814892,-0.040973406,3.60E-23,0.005264122,-0.012780264,-0.09472458,-0.029258113,-2.26E-15,-8.91E-21,0.010357837,8.47E-22,5.99E-05,0.021341037,6.80E-24,-0.001763524,-0.000313145,-0.000301491,0.09351289,-0.08821174,7.76E-20,0.0582555,-3.74E-08,-6.78E-06,-0.00125743,-0.08190899,-9.89E-20,0.028250523,0.03414072
-1.26E-17,0.09848753,6.89E-05,-0.08789733,-0.04544142,-0.041629437,3.64E-23,0.005303402,-0.01274015,-0.09750116,-0.029357757,-2.22E-15,-9.18E-21,0.010298057,8.61E-22,5.89E-05,0.021162082,6.89E-24,-0.001826535,-0.000307207,-0.000318889,0.09623946,-0.0907137,7.99E-20,0.05945597,-3.70E-08,-6.69E-06,-0.001149614,-0.08416916,-1.16E-19,0.028280571,0.03443475
-2.75E-17,0.7259967,0.000320255,-0.66625136,-0.3633219,-0.32792547,3.69E-23,0.023654856,-0.098644555,-0.7199009,-0.23940179,-1.84E-15,-1.55E-20,0.07376853,1.03E-21,0.000134291,0.17984085,7.65E-24,-0.001557586,-0.000525454,0.000548721,0.70538723,-0.67181,1.39E-19,0.45438603,-9.32E-08,-1.01E-05,-0.004033042,-0.62503713,-7.45E-19,0.22969584,0.27184293
-4.72E-17,1.6617798,0.000670351,-1.5280131,-0.83647144,-0.75516474,3.77E-23,0.05187806,-0.2275182,-1.6480051,-0.5520799,-1.48E-15,-2.38E-20,0.16921228,1.26E-21,0.000241732,0.415644,8.70E-24,-0.001851601,-0.000843705,0.001693699,1.6142478,-1.5385747,2.19E-19,1.04318,-1.74E-07,-1.52E-05,-0.007551723,-1.4321334,-1.55E-18,0.52926123,0.62551403
-5.57E-17,1.9633043,0.000766467,-1.8054248,-0.98706985,-0.8912598,3.80E-23,0.06066174,-0.2681364,-1.9470205,-0.6508599,-1.07E-15,-2.72E-20,0.19918756,1.35E-21,0.000267526,0.48959526,9.10E-24,-0.001925617,-0.000905747,0.00204417,1.9068252,-1.8173919,2.50E-19,1.2313884,-1.95E-07,-1.60E-05,-0.008249921,-1.6914103,-1.91E-18,0.6237812,0.737613
-4.25E-17,1.4305444,0.00055671,-1.3143919,-0.7170855,-0.64789367,3.72E-23,0.044820294,-0.1947873,-1.4186182,-0.472339,-1.39E-15,-2.16E-20,0.14492208,1.19E-21,0.000204289,0.35473654,8.36E-24,-0.002022628,-0.000721333,0.001332028,1.3896179,-1.323987,1.97E-19,0.89597476,-1.47E-07,-1.31E-05,-0.005971825,-1.2321177,-1.36E-18,0.45265788,0.5358894
-2.10E-17,0.49295384,0.000211352,-0.45099056,-0.24381752,-0.22057141,3.61E-23,0.016706377,-0.06611776,-0.48874176,-0.15994175,-1.91E-15,-1.25E-20,0.0496888,9.38E-22,9.97E-05,0.119385526,7.20E-24,-0.001774006,-0.000418726,0.000184297,0.47917324,-0.4557712,1.11E-19,0.30674198,-6.76E-08,-8.38E-06,-0.002593618,-0.4238633,-4.74E-19,0.15341364,0.18239346
-4.91E-18,-0.6197266,-0.000348869,0.57600194,0.32111907,0.28193563,4.21E-23,-0.010610011,0.079006076,0.6153261,0.21213286,-2.53E-15,-6.28E-21,-0.056281753,9.40E-22,-6.12E-05,-0.16355489,7.64E-24,-0.005503204,5.32E-05,-0.001999091,-0.5992738,0.5733622,6.21E-20,-0.39231077,3.64E-08,-1.11E-06,0.006998559,0.5323348,3.08E-19,-0.20519471,-0.23789126
3.66E-18,-1.6095972,-0.000981558,1.4919223,0.82773405,0.72651845,5.22E-23,-0.03024419,0.20267856,1.5979573,0.54560137,-3.00E-15,-3.73E-21,-0.14540142,1.14E-21,-0.00024026,-0.41953534,9.23E-24,-0.012107738,0.000582249,-0.004631937,-1.5572193,1.4882917,5.25E-20,-1.0151216,1.42E-07,7.06E-06,0.020305645,1.3811823,8.22E-19,-0.528335,-0.6136474
5.84E-18,-1.9149997,-0.001181569,1.7745651,0.9842038,0.863648,5.55E-23,-0.03612399,0.24065259,1.9011451,0.6485976,-3.13E-15,-3.16E-21,-0.1727179,1.21E-21,-0.000296803,-0.49867484,9.77E-24,-0.014260164,0.000749627,-0.005468351,-1.8527453,1.7705678,5.18E-20,-1.2073553,1.75E-07,9.65E-06,0.024589723,1.6430544,9.65E-19,-0.6282007,-0.7296846
7.99E-18,-1.7320255,-0.001107876,1.6061975,0.88974494,0.77761334,5.56E-23,-0.03010657,0.21364048,1.7196157,0.5851514,-3.45E-15,-3.00E-21,-0.15255058,1.21E-21,-0.000271175,-0.4505147,9.80E-24,-0.014603545,0.000650661,-0.005285123,-1.6744962,1.600505,4.88E-20,-1.0902629,1.60E-07,7.94E-06,0.023758251,1.4840404,9.96E-19,-0.56748575,-0.6581898
6.23E-18,-1.8327773,-0.001169711,1.699221,0.9401822,0.8212862,5.71E-23,-0.031983547,0.22542307,1.819622,0.618035,-3.38E-15,-3.22E-21,-0.16104817,1.26E-21,-0.000289555,-0.47580042,1.01E-23,-0.015259049,0.000715798,-0.005531432,-1.7716949,1.6931938,5.58E-20,-1.152417,1.69E-07,8.90E-06,0.025187226,1.5695757,9.89E-19,-0.5994628,-0.6953039
3.60E-18,-1.8009231,-0.001130418,1.6693417,0.9242057,0.8085608,5.61E-23,-0.032476477,0.22332051,1.7879659,0.6080902,-3.16E-15,-3.53E-21,-0.15988675,1.24E-21,-0.000281247,-0.46796346,9.95E-24,-0.014317987,0.000708241,-0.005304796,-1.7413265,1.6641157,5.97E-20,-1.1331719,1.63E-07,8.85E-06,0.024049398,1.5430669,9.12E-19,-0.5895322,-0.6841126
2.20E-18,-1.7126024,-0.001043641,1.5871434,0.8810049,0.7737211,5.33E-23,-0.032827146,0.21658692,1.7002339,0.5810572,-2.88E-15,-3.61E-21,-0.1556287,1.17E-21,-0.000260229,-0.44678268,9.45E-24,-0.012479629,0.000659437,-0.004849657,-1.657079,1.5836961,5.65E-20,-1.0805933,1.53E-07,8.30E-06,0.021514151,1.4698985,8.32E-19,-0.5626547,-0.65359396
-1.26E-18,-1.1590942,-0.000703165,1.0752627,0.5973131,0.52372366,4.83E-23,-0.021032251,0.14596829,1.1508018,0.39385846,-2.76E-15,-4.86E-21,-0.10449468,1.07E-21,-0.000162026,-0.30323955,8.66E-24,-0.009306744,0.000359758,-0.0034763,-1.1210268,1.071753,6.01E-20,-0.7315638,9.46E-08,3.60E-06,0.014592357,0.9945051,5.86E-19,-0.3814947,-0.44266337
-1.11E-18,-1.3274103,-0.000806153,1.2308142,0.68181556,0.5971082,5.04E-23,-0.024144229,0.16576427,1.3178537,0.44893244,-2.81E-15,-4.58E-21,-0.118721336,1.12E-21,-0.00019125,-0.34550005,9.01E-24,-0.010467391,0.000450795,-0.003907707,-1.2834812,1.226737,6.25E-20,-0.8356937,1.11E-07,4.92E-06,0.016878402,1.1376685,6.50E-19,-0.43497568,-0.50481015
1.10E-18,-1.1304182,-0.000678647,1.0486258,0.5813361,0.509398,4.76E-23,-0.02015004,0.14131214,1.1222624,0.38280693,-2.91E-15,-4.65E-21,-0.10099415,1.04E-21,-0.000152716,-0.2945797,8.47E-24,-0.009239874,0.000313178,-0.003408582,-1.0930653,1.0449158,5.37E-20,-0.71224797,9.10E-08,2.81E-06,0.01408243,0.96929646,6.20E-19,-0.3707279,-0.43026412
-5.62E-18,-0.80990636,-0.000438389,0.751228,0.41637367,0.36616012,4.33E-23,-0.015331667,0.103151806,0.8039935,0.27463108,-2.44E-15,-5.96E-21,-0.073982075,9.69E-22,-8.84E-05,-0.21114059,7.82E-24,-0.005999567,0.000146342,-0.00232108,-0.78331095,0.74878836,6.37E-20,-0.51036346,5.22E-08,2.82E-07,0.008614989,0.6948416,3.48E-19,-0.26547378,-0.3084682
-7.43E-18,-0.3274541,-0.000166115,0.30563334,0.17192408,0.15102062,3.92E-23,-0.004707211,0.04255047,0.3252074,0.114017844,-2.39E-15,-7.19E-21,-0.029974554,8.85E-22,-9.19E-06,-0.08829105,7.20E-24,-0.003637681,-0.000102338,-0.001243334,-0.31648958,0.30331755,6.57E-20,-0.20877343,5.69E-09,-3.50E-06,0.00318825,0.28189832,1.49E-19,-0.110134795,-0.1273012
-1.56E-17,0.257805,0.000143899,-0.23496284,-0.12672658,-0.1144187,3.57E-23,0.009474443,-0.03424818,-0.2555799,-0.08310455,-2.09E-15,-1.04E-20,0.026067406,8.73E-22,7.98E-05,0.061956648,6.89E-24,-0.001426187,-0.00036703,-2.72E-05,0.2507937,-0.23823735,8.97E-20,0.16005757,-5.12E-08,-7.61E-06,-0.002274427,-0.22144252,-2.61E-19,0.07997057,0.09511951
-2.57E-17,0.74085194,0.000322801,-0.6799942,-0.37213022,-0.33655307,3.63E-23,0.024562474,-0.10219879,-0.7346618,-0.24584213,-1.97E-15,-1.49E-20,0.076536804,1.00E-21,0.000135591,0.18479516,7.50E-24,-0.00179379,-0.000540516,0.000535523,0.7201245,-0.6859789,1.32E-19,0.46509096,-9.36E-08,-1.04E-05,-0.003878416,-0.63865495,-6.85E-19,0.23576818,0.27896905
-3.48E-17,1.0811443,0.000455183,-0.9934221,-0.5430288,-0.48995176,3.65E-23,0.03413807,-0.14741516,-1.0721583,-0.35816124,-1.62E-15,-1.85E-20,0.10984128,1.10E-21,0.000173497,0.2695208,7.92E-24,-0.001496012,-0.000638128,0.001017596,1.0501821,-1.0006609,1.68E-19,0.6778125,-1.23E-07,-1.18E-05,-0.00544297,-0.93113893,-1.07E-18,0.34355956,0.40612274
-4.45E-17,1.3655856,0.000584836,-1.2557096,-0.6858042,-0.6172819,3.75E-23,0.041442376,-0.1839861,-1.3542831,-0.45164987,-1.25E-15,-2.24E-20,0.13656303,1.21E-21,0.000211609,0.3401249,8.48E-24,-0.000798941,-0.00073377,0.001510761,1.3258132,-1.2635293,2.05E-19,0.85524815,-1.51E-07,-1.33E-05,-0.007432009,-1.1752188,-1.46E-18,0.43343723,0.5119605
-4.17E-17,1.2955675,0.000527574,-1.1904272,-0.6484307,-0.5845182,3.72E-23,0.039751656,-0.17429602,-1.2847803,-0.42646465,-1.27E-15,-2.11E-20,0.12947951,1.17E-21,0.000193684,0.32041314,8.28E-24,-0.001312881,-0.000677802,0.001294472,1.2580382,-1.1985426,1.92E-19,0.81011,-1.39E-07,-1.24E-05,-0.006272891,-1.1147834,-1.33E-18,0.4090237,0.48397118
-5.62E-17,1.9604001,0.000773538,-1.8027217,-0.9848162,-0.8884761,3.80E-23,0.060054593,-0.2663462,-1.9441423,-0.6489231,-1.02E-15,-2.73E-20,0.19772011,1.35E-21,0.000269491,0.48818752,9.11E-24,-0.001636987,-0.000904095,0.002088368,1.9037796,-1.8144127,2.52E-19,1.2286443,-1.96E-07,-1.60E-05,-0.008621329,-1.6883179,-1.92E-18,0.6220905,0.73552054
-5.14E-17,1.7659502,0.000704667,-1.6237764,-0.8873005,-0.8005273,3.78E-23,0.054356277,-0.24015835,-1.751303,-0.58481276,-1.17E-15,-2.53E-20,0.17837864,1.30E-21,0.000249141,0.44000697,8.86E-24,-0.001612178,-0.000849382,0.001852755,1.7150332,-1.6345012,2.33E-19,1.10699,-1.80E-07,-1.51E-05,-0.007954474,-1.520956,-1.73E-18,0.56067705,0.6628594
-4.45E-17,1.3739161,0.000568783,-1.2628111,-0.6880699,-0.61964923,3.74E-23,0.04167056,-0.18431959,-1.3625017,-0.45249742,-1.17E-15,-2.22E-20,0.1367846,1.21E-21,0.000205721,0.34022173,8.44E-24,-0.001011169,-0.000708592,0.001455675,1.3339013,-1.2709488,2.04E-19,0.85911965,-1.47E-07,-1.29E-05,-0.006984415,-1.1819751,-1.45E-18,0.43411624,0.51335096
-2.20E-17,0.5113577,0.000201125,-0.46772182,-0.25302124,-0.22981413,3.70E-23,0.018115234,-0.06985777,-0.5069291,-0.16626993,-1.96E-15,-1.31E-20,0.052675717,9.76E-22,9.84E-05,0.12392086,7.43E-24,-0.002312006,-0.000419221,0.000101786,0.4973061,-0.47302324,1.17E-19,0.3185667,-6.86E-08,-8.42E-06,-0.0019945,-0.4401794,-5.05E-19,0.15920798,0.18955445
-6.39E-18,-0.6113055,-0.000354176,0.56832266,0.31769133,0.27884975,4.24E-23,-0.010195796,0.07805565,0.60701454,0.21011713,-2.45E-15,-7.01E-21,-0.055529267,9.62E-22,-6.29E-05,-0.16218612,7.76E-24,-0.005626133,5.98E-05,-0.002021417,-0.59124786,0.56577337,6.85E-20,-0.38777444,3.64E-08,-9.57E-07,0.007241422,0.5254901,2.46E-19,-0.20331371,-0.2355316
1.36E-18,-1.6975155,-0.001026533,1.5730287,0.87343127,0.7676078,5.29E-23,-0.032960717,0.21544299,1.6852417,0.5762964,-2.80E-15,-3.72E-21,-0.1549361,1.16E-21,-0.000256345,-0.44303975,9.37E-24,-0.012099833,0.000653224,-0.00475559,-1.642672,1.5699091,5.75E-20,-1.0714413,1.50E-07,8.23E-06,0.021027114,1.4573095,8.04E-19,-0.5579162,-0.6482327
1.93E-18,-1.767608,-0.001071595,1.6378952,0.9095148,0.79938734,5.36E-23,-0.034404963,0.22439384,1.7548261,0.6001325,-2.83E-15,-3.56E-21,-0.161401,1.18E-21,-0.00026923,-0.4613408,9.48E-24,-0.012544423,0.000691758,-0.004940253,-1.7105659,1.6347728,5.69E-20,-1.1157755,1.58E-07,8.84E-06,0.021958072,1.5175722,8.38E-19,-0.5809976,-0.6750799
-1.02E-18,-1.1924626,-0.000693925,1.1056758,0.61568993,0.5424866,4.69E-23,-0.023595124,0.15374249,1.1838542,0.40704504,-2.60E-15,-4.42E-21,-0.11063388,1.02E-21,-0.000162425,-0.31292522,8.35E-24,-0.008382864,0.000371879,-0.003356551,-1.1543064,1.1035388,5.42E-20,-0.75474644,9.67E-08,3.94E-06,0.013740143,1.0251307,5.92E-19,-0.3936593,-0.457503
-7.04E-18,-0.29666063,-0.000136847,0.2770478,0.15679815,0.13870241,3.83E-23,-0.004738842,0.04002542,0.29461822,0.10446434,-2.35E-15,-7.01E-21,-0.028329454,8.55E-22,-1.62E-06,-0.08080661,7.01E-24,-0.00306764,-0.000123425,-0.001099136,-0.28705502,0.2752402,6.22E-20,-0.19033614,2.29E-09,-3.77E-06,0.00232554,0.25629336,1.46E-19,-0.10066142,-0.1165208
-6.04E-18,-0.45126355,-0.00026102,0.42049718,0.23483774,0.20495062,4.14E-23,-0.006307627,0.056418896,0.448156,0.1549455,-2.54E-15,-6.80E-21,-0.03973631,9.35E-22,-3.49E-05,-0.11994474,7.57E-24,-0.005009975,-2.92E-05,-0.001675422,-0.43581378,0.41732818,6.58E-20,-0.28575835,2.00E-08,-2.44E-06,0.005478678,0.38712782,2.36E-19,-0.15011303,-0.17342302
-5.66E-18,-0.4192768,-0.000217783,0.39053458,0.21934289,0.19333771,3.97E-23,-0.006929553,0.054889046,0.41633475,0.14548273,-2.44E-15,-6.80E-21,-0.038959358,8.83E-22,-2.39E-05,-0.11231074,7.23E-24,-0.00402088,-6.23E-05,-0.00144909,-0.4056307,0.38847834,6.13E-20,-0.26720443,1.55E-08,-2.84E-06,0.004095295,0.3612488,2.08E-19,-0.14044827,-0.16273943
-3.54E-18,-0.55691016,-0.000278692,0.51749754,0.28954747,0.25640348,3.98E-23,-0.010947147,0.07390687,0.55287635,0.19204664,-2.46E-15,-5.59E-21,-0.053032953,8.59E-22,-4.29E-05,-0.14765953,7.14E-24,-0.004126617,3.86E-07,-0.001653607,-0.53921515,0.51597446,5.15E-20,-0.3541485,2.85E-08,-1.84E-06,0.004906628,0.47992113,3.24E-19,-0.18517917,-0.21528482
-1.63E-17,0.1528269,5.35E-05,-0.13737987,-0.071918815,-0.067233354,3.82E-23,0.008284397,-0.021791916,-0.15126209,-0.04694989,-2.17E-15,-1.09E-20,0.017316476,9.50E-22,5.60E-05,0.03378276,7.40E-24,-0.002751209,-0.00029552,-0.00044068,0.14942677,-0.14125174,9.83E-20,0.09346173,-3.93E-08,-6.53E-06,-4.80E-05,-0.13158837,-2.43E-19,0.04462391,0.05453021
-3.87E-17,1.3641568,0.000545057,-1.2536247,-0.6860487,-0.6200237,3.68E-23,0.04345695,-0.18744314,-1.3528123,-0.45294464,-1.71E-15,-2.01E-20,0.13969593,1.15E-21,0.000203708,0.34079707,8.17E-24,-0.002140102,-0.000737125,0.001252971,1.3254682,-1.2630929,1.85E-19,0.85628414,-1.46E-07,-1.35E-05,-0.005949271,-1.1758758,-1.20E-18,0.4341591,0.5134161
-5.28E-17,1.9435732,0.000787083,-1.7882417,-0.98198104,-0.8868379,3.75E-23,0.060973406,-0.26874256,-1.9275317,-0.6494948,-1.45E-15,-2.65E-20,0.19994494,1.33E-21,0.000277375,0.48979262,8.99E-24,-0.001968582,-0.000962871,0.002068181,1.8880662,-1.800125,2.44E-19,1.2228576,-2.01E-07,-1.71E-05,-0.00867429,-1.6760707,-1.82E-18,0.6226156,0.7350312
-5.66E-17,2.1014073,0.000826691,-1.9328924,-1.0589328,-0.9563333,3.77E-23,0.06542405,-0.28873265,-2.0840144,-0.6992859,-1.24E-15,-2.78E-20,0.21463823,1.37E-21,0.000288214,0.5266744,9.16E-24,-0.002120976,-0.000980987,0.002206629,2.0412188,-1.945787,2.57E-19,1.3199568,-2.10E-07,-1.73E-05,-0.008870959,-1.8113359,-1.95E-18,0.67022866,0.79193914
-3.86E-17,1.292665,0.000518413,-1.1879789,-0.6500512,-0.5876124,3.69E-23,0.041150376,-0.17776537,-1.2819154,-0.42911798,-1.61E-15,-2.02E-20,0.1324752,1.15E-21,0.000193989,0.32271633,8.18E-24,-0.002019769,-0.000705929,0.001187261,1.255929,-1.1968399,1.83E-19,0.8114123,-1.39E-07,-1.30E-05,-0.00564979,-1.1141587,-1.22E-18,0.41127777,0.48646492
-1.47E-17,0.04580394,4.21E-06,-0.038816303,-0.018665992,-0.020057555,3.86E-23,0.005793623,-0.008621909,-0.04509221,-0.012287967,-2.24E-15,-1.03E-20,0.007747482,9.49E-22,4.18E-05,0.007599805,7.43E-24,-0.003097558,-0.000256786,-0.000635029,0.045806766,-0.042505853,9.36E-20,0.027164653,-3.01E-08,-5.95E-06,0.000822449,-0.04005552,-1.73E-19,0.011211287,0.015202142
-2.88E-18,-0.94870096,-0.00056592,0.880485,0.48957038,0.42938545,4.59E-23,-0.016870312,0.11973104,0.9419238,0.32295796,-2.66E-15,-5.66E-21,-0.085566334,1.02E-21,-0.000122668,-0.24874626,8.27E-24,-0.007866241,0.000237519,-0.002907523,-0.91753,0.8773504,6.23E-20,-0.59922445,7.18E-08,1.73E-06,0.011684852,0.8142547,4.60E-19,-0.31270283,-0.36275753
2.16E-18,-1.5862606,-0.000962154,1.4702252,0.8158808,0.71638685,5.20E-23,-0.030120093,0.20029283,1.5747929,0.5379692,-2.89E-15,-3.87E-21,-0.14380561,1.14E-21,-0.000236069,-0.4136583,9.20E-24,-0.011736372,0.000579618,-0.004527567,-1.5347184,1.4667866,5.53E-20,-1.0006206,1.39E-07,7.04E-06,0.019827956,1.361306,7.85E-19,-0.5208972,-0.6050574
1.88E-18,-1.627422,-0.000986824,1.5083088,0.83755493,0.73583305,5.23E-23,-0.03127847,0.20624414,1.6156685,0.552543,-2.85E-15,-3.73E-21,-0.1482086,1.15E-21,-0.000244163,-0.42484766,9.26E-24,-0.01183285,0.000610768,-0.00461004,-1.5747389,1.5050622,5.57E-20,-1.0272235,1.43E-07,7.56E-06,0.020255867,1.3970588,7.96E-19,-0.5349638,-0.62145984
1.73E-18,-1.1820433,-0.000709922,1.096483,0.60940284,0.5350919,4.77E-23,-0.021839574,0.14960295,1.1735401,0.4019877,-2.88E-15,-4.25E-21,-0.10716595,1.03E-21,-0.000163067,-0.30928245,8.47E-24,-0.009275707,0.000350794,-0.003508557,-1.1435167,1.0932646,5.05E-20,-0.74660766,9.75E-08,3.49E-06,0.014514735,1.0148209,6.58E-19,-0.3891545,-0.4518107
7.26E-19,-1.2273303,-0.000762979,1.1387664,0.6313184,0.5519598,5.00E-23,-0.021358535,0.15237013,1.2185738,0.41550878,-2.97E-15,-4.26E-21,-0.10882167,1.10E-21,-0.000177163,-0.32008097,8.92E-24,-0.010413444,0.000397926,-0.003776799,-1.1863855,1.1342101,5.75E-20,-0.77303535,1.03E-07,4.08E-06,0.016170796,1.0516831,6.83E-19,-0.40284675,-0.46709698
2.19E-19,-1.1671767,-0.000701257,1.08265,0.6008407,0.5269063,4.80E-23,-0.021270648,0.14680302,1.1587796,0.39599612,-2.83E-15,-4.53E-21,-0.10509553,1.05E-21,-0.000160753,-0.30474108,8.56E-24,-0.009284331,0.000348935,-0.003475846,-1.1288078,1.0791196,5.54E-20,-0.7361383,9.50E-08,3.41E-06,0.014473295,1.0012542,6.23E-19,-0.3834821,-0.4451079
-6.65E-18,-0.57824844,-0.000321818,0.53759265,0.30064356,0.26444173,4.19E-23,-0.010023282,0.07461419,0.5741724,0.19899228,-2.40E-15,-6.95E-21,-0.05319259,9.48E-22,-5.44E-05,-0.15346844,7.66E-24,-0.005086452,3.92E-05,-0.001870105,-0.5593997,0.53532714,6.82E-20,-0.3670959,3.19E-08,-1.27E-06,0.006373253,0.49737936,2.26E-19,-0.19239083,-0.22305265
-6.31E-18,-0.54401493,-0.000303447,0.50602883,0.2836076,0.24956627,4.13E-23,-0.009406868,0.07063352,0.54020876,0.18793353,-2.42E-15,-6.59E-21,-0.050346844,9.28E-22,-4.94E-05,-0.14504203,7.54E-24,-0.004879041,2.52E-05,-0.001790557,-0.52631134,0.50379294,6.44E-20,-0.34599397,2.90E-08,-1.47E-06,0.005970328,0.46821916,2.51E-19,-0.18169656,-0.21056372
-5.06E-18,-0.523206,-0.000292431,0.48682088,0.27159357,0.23811333,4.14E-23,-0.00836142,0.06639857,0.51953053,0.17932379,-2.55E-15,-6.38E-21,-0.047094572,9.26E-22,-4.45E-05,-0.13838345,7.54E-24,-0.005065224,9.65E-07,-0.001783069,-0.50572455,0.4840436,6.23E-20,-0.33135793,2.65E-08,-1.94E-06,0.005896328,0.44932765,2.80E-19,-0.17349477,-0.20096669
-1.97E-18,-1.0955533,-0.000639453,1.0159785,0.56357956,0.49481925,4.68E-23,-0.020444322,0.13847795,1.0876245,0.37157112,-2.67E-15,-5.01E-21,-0.09927667,1.03E-21,-0.000144473,-0.28579757,8.37E-24,-0.008354493,0.000307794,-0.003185384,-1.0596566,1.0129201,5.91E-20,-0.69077903,8.52E-08,2.78E-06,0.013010548,0.9399211,5.36E-19,-0.35961658,-0.41763026
-2.05E-18,-0.8700659,-0.00048648,0.8073778,0.45036954,0.39736214,4.34E-23,-0.017051168,0.11311554,0.86378866,0.29804733,-2.55E-15,-4.99E-21,-0.081281595,9.41E-22,-0.000102373,-0.22917773,7.75E-24,-0.006316144,0.000183377,-0.002512827,-0.84226656,0.8054884,5.24E-20,-0.55160165,6.25E-08,1.00E-06,0.009362934,0.7485588,4.63E-19,-0.2880015,-0.33469623
-7.38E-18,-0.37589282,-0.000179088,0.35017058,0.1968296,0.174002,3.92E-23,-0.006547731,0.050037656,0.37324482,0.13075085,-2.31E-15,-7.06E-21,-0.035623163,8.80E-22,-1.43E-05,-0.10086812,7.17E-24,-0.00338815,-8.06E-05,-0.001261159,-0.36374098,0.34840024,6.50E-20,-0.23981193,9.46E-09,-3.11E-06,0.003147811,0.32411537,1.49E-19,-0.12606293,-0.14619517
-1.80E-17,0.32856408,0.000184698,-0.30039072,-0.16273649,-0.14622527,3.59E-23,0.011190346,-0.043291375,-0.32577837,-0.10681997,-2.02E-15,-1.13E-20,0.03265685,9.02E-22,9.22E-05,0.08009443,7.03E-24,-0.001115256,-0.000400372,0.000128601,0.31931013,-0.3036612,9.99E-20,0.20444578,-5.99E-08,-8.14E-06,-0.003026146,-0.282162,-3.59E-19,0.10286543,0.12183116
-2.24E-17,0.6103658,0.000271006,-0.5596617,-0.305654,-0.27644107,3.60E-23,0.020578869,-0.08384585,-0.6052402,-0.20175163,-2.03E-15,-1.33E-20,0.062935896,9.59E-22,0.000119495,0.1515045,7.28E-24,-0.001767861,-0.000490643,0.000366177,0.59337986,-0.56501746,1.18E-19,0.38257536,-8.15E-08,-9.58E-06,-0.003346209,-0.5259451,-5.43E-19,0.19355325,0.22918719
-2.73E-17,0.82143706,0.000369273,-0.75455076,-0.41403705,-0.37396604,3.65E-23,0.026933253,-0.113482036,-0.8146126,-0.27389628,-2.03E-15,-1.56E-20,0.084890425,1.03E-21,0.000151335,0.20637028,7.63E-24,-0.001635422,-0.000592107,0.00068499,0.79838336,-0.7607892,1.40E-19,0.5165376,-1.05E-07,-1.13E-05,-0.004646986,-0.7083691,-7.44E-19,0.26278883,0.31042224
-2.47E-17,0.5788877,0.000290458,-0.5311388,-0.2892437,-0.25979343,3.65E-23,0.018295236,-0.07693126,-0.5740583,-0.19021794,-1.85E-15,-1.41E-20,0.057447247,9.85E-22,0.000124419,0.14313342,7.43E-24,-0.000874572,-0.000490724,0.00049828,0.5621988,-0.53535163,1.27E-19,0.36159584,-8.39E-08,-9.56E-06,-0.004394492,-0.49766523,-6.31E-19,0.18290685,0.21611357
-3.36E-17,0.9875807,0.000432262,-0.90732926,-0.4955706,-0.44670954,3.72E-23,0.030944556,-0.13371563,-0.97936934,-0.32654706,-1.70E-15,-1.80E-20,0.09957073,1.10E-21,0.000168553,0.24564306,7.98E-24,-0.001273953,-0.000623465,0.000941861,0.9592757,-0.91398233,1.63E-19,0.618756,-1.18E-07,-1.17E-05,-0.005546546,-0.85037583,-9.90E-19,0.3133334,0.37043527
-4.14E-17,1.3344513,0.000550262,-1.2265191,-0.66992205,-0.60426855,3.74E-23,0.041420326,-0.181131,-1.3233659,-0.44144574,-1.46E-15,-2.12E-20,0.13468747,1.18E-21,0.000203258,0.33205158,8.35E-24,-0.00147631,-0.000719959,0.001334694,1.296084,-1.235047,1.93E-19,0.8361939,-1.45E-07,-1.32E-05,-0.006522141,-1.1491833,-1.31E-18,0.4233508,0.50057775
-5.58E-17,1.8383373,0.000744221,-1.6905448,-0.9221488,-0.8304666,3.78E-23,0.055298552,-0.24733114,-1.8231043,-0.60681695,-8.26E-16,-2.68E-20,0.18335244,1.33E-21,0.000257556,0.4566172,9.00E-24,-0.000922292,-0.000852243,0.002061127,1.7846593,-1.7007767,2.49E-19,1.1504297,-1.87E-07,-1.50E-05,-0.008846102,-1.5818574,-1.92E-18,0.58206695,0.687952
-4.88E-17,1.5823082,0.000632506,-1.4544319,-0.792547,-0.7142974,3.73E-23,0.048107594,-0.21296468,-1.5691564,-0.52132595,-1.02E-15,-2.39E-20,0.15804009,1.25E-21,0.000223958,0.3918799,8.61E-24,-0.001257179,-0.000758538,0.001663218,1.5362955,-1.4638245,2.20E-19,0.98962986,-1.62E-07,-1.36E-05,-0.007342892,-1.361507,-1.63E-18,0.49996418,0.5913747
-2.83E-17,0.7233846,0.000321676,-0.6636947,-0.36023104,-0.32419717,3.62E-23,0.022583302,-0.096055895,-0.7173249,-0.23644012,-1.60E-15,-1.54E-20,0.0715795,1.01E-21,0.000131037,0.17743707,7.52E-24,-0.001083607,-0.000498474,0.000616514,0.702411,-0.6687756,1.39E-19,0.45095572,-9.05E-08,-9.56E-06,-0.004325422,-0.62164253,-7.87E-19,0.22705446,0.26881438
-9.36E-18,-0.21014744,-0.000140721,0.19802324,0.1136585,0.09778534,3.92E-23,-0.000913129,0.026287759,0.20889649,0.075765625,-2.32E-15,-7.93E-21,-0.01787408,9.03E-22,-1.90E-06,-0.059872292,7.27E-24,-0.003984804,-0.00012249,-0.001174219,-0.20243734,0.19472969,7.22E-20,-0.13550851,-6.32E-10,-3.79E-06,0.003299073,0.18073165,7.39E-20,-0.07366842,-0.083761156
1.40E-18,-1.5184767,-0.000916769,1.4074392,0.7808006,0.6854944,5.13E-23,-0.02874691,0.19158402,1.5074911,0.51476055,-2.86E-15,-4.09E-21,-0.13752262,1.13E-21,-0.000223127,-0.39581686,9.10E-24,-0.011273889,0.000541166,-0.004339617,-1.4690489,1.4040173,5.65E-20,-0.9575839,1.31E-07,6.43E-06,0.018886339,1.302956,7.45E-19,-0.49840945,-0.5789264
2.75E-18,-1.8174456,-0.001132726,1.6845294,0.93382055,0.81814617,5.58E-23,-0.03366748,0.22727346,1.8043759,0.6150878,-3.04E-15,-3.41E-21,-0.16300409,1.24E-21,-0.000284081,-0.47325286,9.90E-24,-0.013946836,0.00072904,-0.005269176,-1.7577914,1.679916,5.97E-20,-1.1450447,1.65E-07,9.26E-06,0.023839835,1.5583124,9.01E-19,-0.5961085,-0.69196314
1.43E-18,-1.4470468,-0.000868996,1.3413693,0.74482,0.6544039,5.02E-23,-0.027600478,0.18337718,1.4365841,0.49132845,-2.83E-15,-4.08E-21,-0.13167709,1.10E-21,-0.000209846,-0.37778184,8.91E-24,-0.010667986,0.000501323,-0.004132886,-1.4001337,1.3382527,5.45E-20,-0.9133452,1.24E-07,5.85E-06,0.0177682,1.2422228,7.23E-19,-0.47560835,-0.55249965
1.09E-18,-1.3050601,-0.000792346,1.2102753,0.67151725,0.5888083,4.96E-23,-0.023914568,0.16393912,1.2956682,0.442523,-2.89E-15,-4.26E-21,-0.11742356,1.09E-21,-0.000186606,-0.34050816,8.82E-24,-0.010267296,0.000426574,-0.003856171,-1.2622181,1.2065566,5.54E-20,-0.82294124,1.10E-07,4.61E-06,0.016433049,1.1194665,6.87E-19,-0.4286114,-0.49752527
-2.44E-18,-0.6730934,-0.000376941,0.6253611,0.34740013,0.3047164,4.25E-23,-0.011600879,0.08501876,0.6682578,0.22902274,-2.67E-15,-5.47E-21,-0.06058048,9.30E-22,-6.81E-05,-0.17639548,7.63E-24,-0.005877168,6.65E-05,-0.002133562,-0.6506714,0.62238353,5.48E-20,-0.42484853,4.17E-08,-9.80E-07,0.007544542,0.5774838,4.02E-19,-0.22155994,-0.25699732
1.91E-18,-1.2564685,-0.000760496,1.1653482,0.64694935,0.56752735,4.88E-23,-0.023005262,0.15814176,1.2474227,0.42644152,-2.92E-15,-4.22E-21,-0.11323643,1.06E-21,-0.000177004,-0.32810944,8.66E-24,-0.009931233,0.000391564,-0.003729752,-1.2153248,1.1618009,5.22E-20,-0.7927494,1.05E-07,4.08E-06,0.015699856,1.078125,6.85E-19,-0.41295367,-0.47938538
-2.26E-18,-0.61201274,-0.000336085,0.5688418,0.31807715,0.280428,4.10E-23,-0.010969781,0.07938446,0.60763985,0.2105356,-2.61E-15,-5.72E-21,-0.056647334,8.90E-22,-5.71E-05,-0.16209875,7.37E-24,-0.005184648,3.01E-05,-0.001940926,-0.5922912,0.56676304,5.24E-20,-0.38874108,3.63E-08,-1.40E-06,0.006458426,0.5268389,3.64E-19,-0.20336524,-0.23607752
-1.59E-17,0.18593931,7.25E-05,-0.16795318,-0.08867793,-0.08192949,3.78E-23,0.009025574,-0.025947858,-0.18413006,-0.057967234,-2.19E-15,-1.09E-20,0.020349424,9.37E-22,6.19E-05,0.0422321,7.32E-24,-0.002600491,-0.000317093,-0.000369618,0.18144272,-0.17180035,9.68E-20,0.11412426,-4.23E-08,-6.85E-06,-0.000440735,-0.15987283,-2.45E-19,0.055303313,0.06696325
-4.10E-17,1.3303354,0.000560605,-1.223219,-0.66984105,-0.6042457,3.73E-23,0.04156407,-0.18189773,-1.3193196,-0.44215956,-1.55E-15,-2.13E-20,0.13534877,1.19E-21,0.000207062,0.33305043,8.35E-24,-0.001428717,-0.00074077,0.001362722,1.2921797,-1.2316021,1.94E-19,0.8351581,-1.47E-07,-1.35E-05,-0.006716575,-1.1462334,-1.31E-18,0.42408246,0.5009636
-5.65E-17,2.1034913,0.000823124,-1.9346677,-1.0595452,-0.95696175,3.77E-23,0.06549815,-0.28883648,-2.086071,-0.69955087,-1.24E-15,-2.77E-20,0.21471441,1.37E-21,0.000287065,0.52675754,9.15E-24,-0.002180144,-0.000976178,0.002192189,2.043255,-1.9476588,2.57E-19,1.3209639,-2.10E-07,-1.72E-05,-0.008771807,-1.8130523,-1.94E-18,0.67045397,0.7923367
-5.54E-17,1.9440801,0.000790773,-1.788617,-0.9802903,-0.88445044,3.79E-23,0.060028277,-0.26651803,-1.9280245,-0.6473427,-1.19E-15,-2.74E-20,0.19801003,1.36E-21,0.000276158,0.48785082,9.12E-24,-0.001527586,-0.000941693,0.002133809,1.888101,-1.7999828,2.52E-19,1.221266,-2.00E-07,-1.67E-05,-0.008994538,-1.6753604,-1.92E-18,0.6206704,0.73295236
-3.39E-17,1.0487117,0.000443808,-0.96348935,-0.52659464,-0.475199,3.68E-23,0.033210654,-0.14292938,-1.0399871,-0.3472846,-1.69E-15,-1.81E-20,0.10652355,1.10E-21,0.000171374,0.26125917,7.92E-24,-0.001545601,-0.000634283,0.000966526,1.0187713,-0.9706921,1.64E-19,0.657467,-1.21E-07,-1.18E-05,-0.005356593,-0.90330976,-1.01E-18,0.3331113,0.39386165
-1.28E-17,-0.05593127,-6.45E-05,0.05560014,0.034523614,0.026890699,3.95E-23,0.003490772,0.005030263,0.05591119,0.023143347,-2.30E-15,-9.52E-21,-0.002184881,9.53E-22,2.19E-05,-0.0197419,7.52E-24,-0.003729795,-0.000194828,-0.00091236,-0.052756473,0.051802956,8.80E-20,-0.037828512,-1.75E-08,-4.97E-06,0.002160777,0.04766272,-7.98E-20,-0.023087641,-0.024542257
-3.15E-19,-1.1341751,-0.000661949,1.0518477,0.5854181,0.51537824,4.65E-23,-0.021963079,0.14552909,1.1259892,0.38679224,-2.68E-15,-4.48E-21,-0.104557,1.01E-21,-0.000151891,-0.2974144,8.27E-24,-0.008278528,0.000331,-0.00325265,-1.0976845,1.0494477,5.26E-20,-0.7174703,9.09E-08,3.26E-06,0.013187755,0.9747004,5.88E-19,-0.37412828,-0.43469006
3.91E-19,-1.2034278,-0.000707949,1.115929,0.6205553,0.54594684,4.73E-23,-0.023121357,0.15371054,1.1947311,0.4097588,-2.73E-15,-4.40E-21,-0.11038408,1.03E-21,-0.000164357,-0.3150602,8.40E-24,-0.008853546,0.000364494,-0.003454675,-1.1645987,1.1133287,5.25E-20,-0.7606688,9.83E-08,3.76E-06,0.014222696,1.0338318,6.22E-19,-0.39642566,-0.46057558
-4.81E-18,-0.6184595,-0.00034446,0.57479227,0.32094353,0.28229055,4.18E-23,-0.010900551,0.07958424,0.6140643,0.212274,-2.50E-15,-6.23E-21,-0.05678458,9.30E-22,-6.04E-05,-0.16360784,7.58E-24,-0.005320639,5.20E-05,-0.001967903,-0.59826446,0.57242733,6.09E-20,-0.39213452,3.63E-08,-1.09E-06,0.006792444,0.5317377,3.07E-19,-0.20522556,-0.23803037
-6.79E-18,-0.46089625,-0.00024739,0.42909408,0.24127768,0.21272086,4.03E-23,-0.007964132,0.060668357,0.4576887,0.16020264,-2.37E-15,-6.74E-21,-0.043220297,9.03E-22,-3.38E-05,-0.12371121,7.36E-24,-0.004208782,-2.07E-05,-0.00154981,-0.44599295,0.42709425,6.40E-20,-0.29399782,2.03E-08,-2.16E-06,0.004713048,0.39720398,2.10E-19,-0.154752,-0.17930147
-5.67E-18,-0.3737138,-0.000190668,0.34844068,0.1947961,0.17082517,3.98E-23,-0.005582172,0.047836013,0.37110382,0.12874877,-2.51E-15,-6.54E-21,-0.033771433,8.86E-22,-1.52E-05,-0.09951919,7.25E-24,-0.003961495,-8.82E-05,-0.001361037,-0.36102802,0.34581158,6.07E-20,-0.23705062,1.00E-08,-3.35E-06,0.003662221,0.32102677,2.26E-19,-0.12443805,-0.14397201
-8.61E-18,-0.33933696,-0.00016766,0.31651187,0.17839836,0.15724783,3.95E-23,-0.005291018,0.044829346,0.337006,0.11854406,-2.31E-15,-7.67E-21,-0.031726524,9.03E-22,-1.02E-05,-0.09169797,7.30E-24,-0.003487028,-9.37E-05,-0.001233838,-0.32822776,0.3145302,7.08E-20,-0.21683884,5.98E-09,-3.33E-06,0.003107237,0.29257175,9.98E-20,-0.11441518,-0.13240294
-1.56E-17,0.14600107,8.18E-05,-0.13162912,-0.068840995,-0.06271595,3.70E-23,0.006766299,-0.019008853,-0.14458685,-0.04461508,-2.08E-15,-1.05E-20,0.014938324,9.07E-22,6.22E-05,0.032562945,7.13E-24,-0.001858334,-0.000309457,-0.000270896,0.1422462,-0.1345397,9.29E-20,0.08873556,-4.09E-08,-6.68E-06,-0.00116799,-0.12480215,-2.42E-19,0.04285264,0.0517286
-2.30E-17,0.53515464,0.000263801,-0.49068248,-0.2669543,-0.2400827,3.61E-23,0.017258484,-0.07135856,-0.5306717,-0.17555587,-1.88E-15,-1.34E-20,0.053400613,9.60E-22,0.000115828,0.13195612,7.29E-24,-0.001072183,-0.000466566,0.000399869,0.5198337,-0.494887,1.20E-19,0.33410633,-7.79E-08,-9.16E-06,-0.003883005,-0.46008265,-5.66E-19,0.16876711,0.1995852
-6.69E-18,-0.49457175,-0.000272525,0.46020424,0.2571264,0.22565725,4.11E-23,-0.007926616,0.063149855,0.49110568,0.16997044,-2.45E-15,-6.94E-21,-0.044796545,9.30E-22,-3.95E-05,-0.13120621,7.52E-24,-0.004767429,-1.03E-05,-0.001685895,-0.47815347,0.45768073,6.70E-20,-0.31360915,2.29E-08,-2.08E-06,0.005473154,0.42501277,2.15E-19,-0.16437867,-0.19040301
-3.39E-18,-0.856037,-0.000481449,0.7943719,0.44287115,0.39040172,4.36E-23,-0.016461365,0.11076548,0.8498779,0.29292846,-2.51E-15,-5.50E-21,-0.07950539,9.62E-22,-0.000100949,-0.2252837,7.85E-24,-0.006363592,0.000181321,-0.002497691,-0.8285677,0.79236597,5.83E-20,-0.5423781,6.05E-08,9.65E-07,0.00939323,0.7362191,4.14E-19,-0.28312814,-0.32896423
1.60E-18,-1.5487826,-0.000933115,1.4355035,0.79746306,0.70096946,5.12E-23,-0.029907554,0.19680339,1.5375925,0.52626324,-2.82E-15,-3.84E-21,-0.14145052,1.12E-21,-0.000229015,-0.40461096,9.07E-24,-0.011197079,0.000564695,-0.004381415,-1.4987582,1.4324967,5.47E-20,-0.97800946,1.35E-07,6.86E-06,0.019045623,1.3298804,7.62E-19,-0.509417,-0.5918436
-4.62E-19,-0.8672781,-0.000486387,0.80485016,0.44883072,0.3959237,4.32E-23,-0.016746718,0.11238537,0.86100525,0.29689378,-2.65E-15,-4.91E-21,-0.08064715,9.28E-22,-0.000100899,-0.22825606,7.68E-24,-0.006449862,0.000166958,-0.002534912,-0.83955276,0.8028947,4.88E-20,-0.5497203,6.26E-08,7.38E-07,0.009385821,0.7461484,4.88E-19,-0.28686646,-0.33338675
-7.28E-18,-0.38461727,-0.000200977,0.35853565,0.20154615,0.17730536,3.99E-23,-0.006024241,0.05017305,0.38196075,0.13367015,-2.38E-15,-7.20E-21,-0.035524815,9.04E-22,-1.96E-05,-0.103343055,7.34E-24,-0.003914436,-6.79E-05,-0.001380274,-0.37194204,0.35631996,6.71E-20,-0.2451973,1.18E-08,-2.94E-06,0.003854803,0.33124146,1.57E-19,-0.12913072,-0.14944538
-1.45E-17,0.23457009,0.000139873,-0.21361177,-0.11541808,-0.1041726,3.58E-23,0.008864148,-0.031235024,-0.23254202,-0.07580918,-2.19E-15,-9.92E-21,0.023864508,8.66E-22,8.00E-05,0.05658939,6.86E-24,-0.001436255,-0.000371464,-5.35E-05,0.22831322,-0.21684474,8.62E-20,0.14580467,-5.08E-08,-7.72E-06,-0.002316721,-0.20161843,-2.06E-19,0.07301124,0.086782
-1.26E-17,0.21121192,0.000126723,-0.19204335,-0.10420318,-0.0944943,3.55E-23,0.008604097,-0.028940767,-0.20937343,-0.068775594,-2.32E-15,-9.21E-21,0.02229514,8.47E-22,7.70E-05,0.05134884,6.77E-24,-0.001670809,-0.000370003,-0.000123345,0.20584972,-0.19545409,7.99E-20,0.13178438,-4.86E-08,-7.73E-06,-0.0020163,-0.18195209,-1.28E-19,0.06619935,0.07873287
-1.29E-17,0.14626911,0.000115201,-0.13245428,-0.07116367,-0.06399709,3.59E-23,0.006063626,-0.018976979,-0.1449794,-0.046623614,-2.25E-15,-9.30E-21,0.014746216,8.52E-22,7.31E-05,0.03469408,6.82E-24,-0.001284484,-0.000352581,-0.000131517,0.14253141,-0.13510913,8.00E-20,0.0904874,-4.50E-08,-7.46E-06,-0.002245938,-0.12551865,-1.37E-19,0.045105405,0.053695783
-1.20E-17,0.049348034,6.18E-05,-0.0428818,-0.021114096,-0.019317318,3.64E-23,0.003551907,-0.005764417,-0.048791215,-0.01333205,-2.24E-15,-8.93E-21,0.005056995,8.54E-22,5.69E-05,0.009241082,6.86E-24,-0.001588688,-0.000301046,-0.000327919,0.048448622,-0.045236386,7.71E-20,0.028829373,-3.47E-08,-6.62E-06,-0.001321757,-0.04180508,-9.08E-20,0.013024371,0.016215503
-2.43E-17,0.60081017,0.000263612,-0.5506861,-0.29936624,-0.27046436,3.68E-23,0.020061538,-0.08136534,-0.5957171,-0.19699264,-1.91E-15,-1.41E-20,0.061016053,9.94E-22,0.000117197,0.14765611,7.49E-24,-0.001712772,-0.000474244,0.000348905,0.58388746,-0.55581754,1.27E-19,0.37523782,-8.08E-08,-9.30E-06,-0.003280702,-0.5170505,-6.09E-19,0.18898174,0.22402236
-3.31E-17,1.0055888,0.000424059,-0.9236073,-0.50402534,-0.4547421,3.67E-23,0.031753577,-0.13640666,-0.99720746,-0.33205888,-1.67E-15,-1.77E-20,0.101643145,1.08E-21,0.00016488,0.24961437,7.87E-24,-0.001514662,-0.00061084,0.000907948,0.9768313,-0.9305909,1.60E-19,0.62971413,-1.16E-07,-1.14E-05,-0.005150041,-0.8658497,-9.76E-19,0.31852126,0.37679935
-3.40E-17,0.9397815,0.00041607,-0.8632694,-0.4698918,-0.42251784,3.66E-23,0.028710332,-0.12522346,-0.931964,-0.30884135,-1.45E-15,-1.79E-20,0.09307979,1.08E-21,0.000159461,0.23229693,7.83E-24,-0.000817334,-0.000578559,0.000950778,0.91234624,-0.86907625,1.63E-19,0.5869666,-1.12E-07,-1.08E-05,-0.005583124,-0.80793256,-1.03E-18,0.2965877,0.35057652
-2.35E-17,0.66267914,0.000276826,-0.6074461,-0.33084416,-0.2995506,3.62E-23,0.022204574,-0.09065745,-0.6570916,-0.21798211,-1.97E-15,-1.37E-20,0.06797319,9.72E-22,0.000121125,0.16331404,7.35E-24,-0.001977481,-0.000491736,0.000377103,0.6442366,-0.61332846,1.22E-19,0.41468447,-8.33E-08,-9.59E-06,-0.003181406,-0.5708919,-5.79E-19,0.20896803,0.2478528
-7.78E-18,-0.36846295,-0.000202636,0.34371048,0.1928674,0.168747,4.01E-23,-0.005030173,0.046889193,0.36595058,0.12763534,-2.42E-15,-7.38E-21,-0.03297026,9.15E-22,-1.91E-05,-0.09891227,7.40E-24,-0.004215408,-7.30E-05,-0.001410729,-0.35597324,0.34104827,6.91E-20,-0.2342791,1.06E-08,-3.06E-06,0.004152913,0.3166828,1.52E-19,-0.12350445,-0.14262447
-1.25E-18,-1.0542327,-0.0006406,0.9783192,0.54299283,0.4754015,4.75E-23,-0.018478986,0.13181272,1.0467019,0.35771385,-2.81E-15,-5.03E-21,-0.094146594,1.05E-21,-0.000142988,-0.27553606,8.52E-24,-0.008881008,0.000296008,-0.003243449,-1.0192635,0.97452825,5.97E-20,-0.66474736,8.36E-08,2.56E-06,0.013406213,0.9039592,5.56E-19,-0.34658784,-0.40195787
2.74E-18,-1.7706908,-0.001102272,1.6412662,0.9098467,0.79713064,5.52E-23,-0.032725725,0.22139853,1.7579563,0.59928334,-3.03E-15,-3.48E-21,-0.15875824,1.22E-21,-0.00027519,-0.46109948,9.80E-24,-0.013642343,0.000700305,-0.005145974,-1.7125505,1.6367024,5.91E-20,-1.1155976,1.60E-07,8.82E-06,0.02318948,1.5182271,8.84E-19,-0.5807777,-0.67415553
4.43E-18,-1.9803538,-0.001245509,1.8353288,1.0159659,0.8890186,5.80E-23,-0.036006,0.24565855,1.9660871,0.6684826,-3.21E-15,-3.27E-21,-0.17598219,1.29E-21,-0.000314035,-0.5143445,1.03E-23,-0.015517344,0.000807245,-0.005780425,-1.914954,1.829926,6.04E-20,-1.2459781,1.82E-07,1.04E-05,0.026502995,1.6968678,9.84E-19,-0.6480706,-0.75216234
-8.20E-19,-1.237984,-0.000732821,1.147816,0.6367711,0.55908954,4.83E-23,-0.023253843,0.15640196,1.2290263,0.41983297,-2.74E-15,-4.69E-21,-0.112188905,1.07E-21,-0.000170978,-0.3228788,8.61E-24,-0.009331816,0.000386515,-0.003573483,-1.1975412,1.1446468,5.81E-20,-0.7806744,1.01E-07,4.02E-06,0.014983816,1.0622109,6.07E-19,-0.40639293,-0.47199336
3.94E-19,-1.5367421,-0.000946084,1.4246296,0.78936374,0.6913465,5.27E-23,-0.028168261,0.19191462,1.5256855,0.51979834,-2.91E-15,-4.10E-21,-0.13753833,1.18E-21,-0.000231027,-0.3999987,9.40E-24,-0.011975276,0.000570562,-0.004492019,-1.4860533,1.4202759,6.19E-20,-0.96771276,1.34E-07,6.78E-06,0.019881502,1.3172569,7.55E-19,-0.50372005,-0.58463645
6.92E-19,-1.1843803,-0.000697968,1.0982898,0.6099146,0.5359823,4.73E-23,-0.02227994,0.1501928,1.1758041,0.4023269,-2.79E-15,-4.56E-21,-0.107700706,1.03E-21,-0.000160219,-0.30936435,8.40E-24,-0.00896076,0.000344397,-0.003437882,-1.14589,1.0953783,5.29E-20,-0.7476487,9.59E-08,3.40E-06,0.014149742,1.0168146,6.17E-19,-0.38931346,-0.45223176
-2.29E-18,-0.93130916,-0.000544635,0.8642788,0.48121667,0.42298517,4.52E-23,-0.017092098,0.118762895,0.9246353,0.3178223,-2.66E-15,-5.58E-21,-0.085015215,1.00E-21,-0.000116635,-0.24464865,8.13E-24,-0.007423684,0.000217564,-0.002804891,-0.9010562,0.861633,5.91E-20,-0.58913565,6.94E-08,1.46E-06,0.010996988,0.8001044,4.62E-19,-0.30751127,-0.35695845
-1.26E-17,-0.015834086,-6.62E-06,0.017923146,0.013377771,0.009931747,3.79E-23,0.003050627,0.001669731,0.016005106,0.009474408,-2.23E-15,-9.27E-21,-9.89E-05,9.03E-22,3.75E-05,-0.008746587,7.19E-24,-0.002616198,-0.000240127,-0.000631219,-0.014411017,0.014997862,8.29E-20,-0.012713552,-2.49E-08,-5.65E-06,0.000464074,0.013937272,-9.08E-20,-0.009394582,-0.009278618
-2.98E-17,0.8377835,0.000352368,-0.7688762,-0.4186839,-0.3780009,3.69E-23,0.026959948,-0.11343744,-0.8307461,-0.27558646,-1.75E-15,-1.63E-20,0.08469665,1.05E-21,0.000143546,0.20684676,7.75E-24,-0.001676052,-0.000547654,0.00065471,0.81392795,-0.77515143,1.48E-19,0.5238571,-1.01E-07,-1.04E-05,-0.004230674,-0.7211401,-8.33E-19,0.26431108,0.31301424
-4.32E-17,1.4496855,0.000590175,-1.332853,-0.729575,-0.6587361,3.73E-23,0.04544785,-0.19867137,-1.4376644,-0.48154333,-1.47E-15,-2.22E-20,0.14784203,1.21E-21,0.000215469,0.36245894,8.44E-24,-0.001730653,-0.000764982,0.001448517,1.4081937,-1.3421284,2.02E-19,0.9099895,-1.55E-07,-1.39E-05,-0.006682408,-1.2492181,-1.41E-18,0.4616614,0.5456691
-4.29E-17,1.4428786,0.000583719,-1.3262955,-0.7249959,-0.6543911,3.72E-23,0.0450472,-0.19677263,-1.4308953,-0.47807762,-1.46E-15,-2.18E-20,0.1463772,1.20E-21,0.000213518,0.35967645,8.40E-24,-0.0017147,-0.000753801,0.001429124,1.4015198,-1.3355988,2.00E-19,0.90475833,-1.53E-07,-1.37E-05,-0.006646758,-1.2429564,-1.38E-18,0.45837086,0.5419658
-2.22E-17,0.5383085,0.000210833,-0.49252737,-0.26721913,-0.24293189,3.78E-23,0.019374479,-0.07435704,-0.5336341,-0.17605704,-2.07E-15,-1.35E-20,0.056131087,1.01E-21,0.000103295,0.13144217,7.62E-24,-0.002529552,-0.000439097,9.89E-05,0.52364224,-0.49817365,1.22E-19,0.3360414,-7.24E-08,-8.78E-06,-0.002017094,-0.4637792,-5.19E-19,0.16850631,0.20044085
-3.19E-18,-0.5741517,-0.000336906,0.5343358,0.29988626,0.2635655,4.17E-23,-0.009539086,0.074122384,0.5701705,0.19863346,-2.61E-15,-5.86E-21,-0.05269657,9.18E-22,-5.75E-05,-0.15336609,7.55E-24,-0.005472626,3.76E-05,-0.001963951,-0.55544186,0.5317995,5.65E-20,-0.36560988,3.49E-08,-1.28E-06,0.006754307,0.4942934,3.50E-19,-0.19217934,-0.22258061
1.07E-18,-0.9157633,-0.000541768,0.85033256,0.47466487,0.41762027,4.47E-23,-0.016985081,0.11774539,0.90924174,0.31383386,-2.79E-15,-4.29E-21,-0.08432632,9.57E-22,-0.000116081,-0.24161394,7.94E-24,-0.007364165,0.000213122,-0.002798067,-0.88618267,0.8476869,4.64E-20,-0.5807359,7.09E-08,1.43E-06,0.010789303,0.78752023,5.76E-19,-0.30363536,-0.35241902
-5.03E-18,-0.61848617,-0.000350417,0.57495207,0.32167608,0.28300077,4.20E-23,-0.010849766,0.07988802,0.61413115,0.21294416,-2.50E-15,-6.28E-21,-0.0569957,9.38E-22,-6.22E-05,-0.16420257,7.64E-24,-0.005397257,5.97E-05,-0.001993087,-0.59838164,0.57262963,6.20E-20,-0.39282957,3.70E-08,-9.48E-07,0.006941417,0.53209215,3.06E-19,-0.20591903,-0.23876283
-1.75E-17,0.22016048,8.59E-05,-0.19949435,-0.10560469,-0.09698555,3.78E-23,0.00983328,-0.030179854,-0.21806096,-0.06895326,-2.09E-15,-1.14E-20,0.023415498,9.53E-22,6.48E-05,0.050491456,7.40E-24,-0.002483607,-0.00031918,-0.000307254,0.2145453,-0.203343,1.02E-19,0.13521919,-4.50E-08,-6.85E-06,-0.000621288,-0.18908992,-3.08E-19,0.06585159,0.079410456
-2.05E-17,0.4585085,0.000237489,-0.42028052,-0.22954415,-0.20677729,3.62E-23,0.015384489,-0.062130347,-0.45466822,-0.15142523,-2.05E-15,-1.26E-20,0.046688557,9.41E-22,0.000109395,0.11391273,7.22E-24,-0.001225516,-0.000458292,0.000287546,0.4456392,-0.42428666,1.11E-19,0.2871624,-7.27E-08,-9.10E-06,-0.003540247,-0.39470214,-4.69E-19,0.14556955,0.17207393
-1.95E-17,0.36034134,0.000172585,-0.32923168,-0.17809208,-0.16124766,3.71E-23,0.013123198,-0.04876236,-0.35720187,-0.11704698,-2.08E-15,-1.22E-20,0.03694573,9.55E-22,9.09E-05,0.08736266,7.35E-24,-0.001804092,-0.000399968,2.64E-05,0.3504802,-0.3332524,1.09E-19,0.22430229,-6.14E-08,-8.17E-06,-0.002284927,-0.30996788,-4.01E-19,0.11230658,0.13353133
-2.03E-17,0.4210136,0.000208983,-0.38534427,-0.20921274,-0.18875305,3.66E-23,0.014431239,-0.056568787,-0.41742837,-0.13758063,-2.04E-15,-1.24E-20,0.042598173,9.47E-22,0.000101169,0.10307181,7.28E-24,-0.001464446,-0.000429886,0.000176284,0.40925968,-0.3893928,1.10E-19,0.26262465,-6.76E-08,-8.64E-06,-0.002999886,-0.36213362,-4.41E-19,0.13216268,0.1566894
-3.50E-17,1.0460521,0.000452152,-0.961158,-0.524884,-0.47303984,3.70E-23,0.03263714,-0.14156193,-1.0373594,-0.34583732,-1.62E-15,-1.85E-20,0.10537176,1.11E-21,0.000173405,0.2602198,7.99E-24,-0.001243335,-0.000634249,0.001019145,1.015967,-0.96801645,1.68E-19,0.6552446,-1.22E-07,-1.18E-05,-0.005718506,-0.90056974,-1.05E-18,0.33185178,0.39226106
-3.32E-17,1.0324383,0.000431637,-0.9483096,-0.51787794,-0.46751735,3.68E-23,0.03278336,-0.14058238,-1.0238339,-0.3413839,-1.71E-15,-1.78E-20,0.10479562,1.09E-21,0.00016783,0.2566394,7.89E-24,-0.001650434,-0.000623225,0.000918963,1.0030226,-0.9555877,1.61E-19,0.64694935,-1.18E-07,-1.16E-05,-0.005133983,-0.88926095,-9.79E-19,0.32739985,0.38731417
-2.31E-17,0.46452296,0.000237567,-0.42563158,-0.23040248,-0.20666374,3.63E-23,0.014845413,-0.06074304,-0.46060127,-0.15100662,-1.78E-15,-1.34E-20,0.045457877,9.61E-22,0.000106706,0.1133766,7.31E-24,-0.000896856,-0.000431149,0.000334296,0.45099407,-0.42917085,1.20E-19,0.28876442,-7.18E-08,-8.54E-06,-0.003680827,-0.39858657,-5.72E-19,0.14530444,0.17190805
-1.48E-18,-1.0891219,-0.000630432,1.0100029,0.56129736,0.49375165,4.62E-23,-0.020843677,0.13902658,1.0812385,0.37055555,-2.64E-15,-4.87E-21,-0.09980947,1.01E-21,-0.000142552,-0.28492606,8.24E-24,-0.008036463,0.000302421,-0.003128267,-1.0538466,1.007446,5.61E-20,-0.6880006,8.49E-08,2.77E-06,0.012620671,0.93537426,5.41E-19,-0.3584441,-0.4164432
1.79E-18,-1.3925905,-0.00083891,1.291089,0.71677244,0.62941307,4.99E-23,-0.026199281,0.17599565,1.3825319,0.47267425,-2.87E-15,-4.11E-21,-0.12625493,1.09E-21,-0.000200436,-0.36350653,8.84E-24,-0.010509214,0.000467937,-0.004026921,-1.3472896,1.2877948,5.35E-20,-0.87877655,1.19E-07,5.30E-06,0.017218603,1.1952555,7.16E-19,-0.45761102,-0.53148144
7.47E-18,-1.9031928,-0.001184215,1.7639647,0.97917426,0.8592273,5.55E-23,-0.03570241,0.23939613,1.8894682,0.6454534,-3.22E-15,-2.78E-21,-0.17174473,1.20E-21,-0.000296926,-0.4963665,9.74E-24,-0.0143977,0.00074472,-0.005496191,-1.8413943,1.7598968,4.72E-20,-1.2008221,1.76E-07,9.60E-06,0.024662012,1.6333545,1.01E-18,-0.62521654,-0.7260865
1.92E-18,-0.8558033,-0.000492361,0.7945588,0.44284624,0.38984832,4.34E-23,-0.01573063,0.10970471,0.8496344,0.2925671,-2.83E-15,-4.64E-21,-0.07845465,9.22E-22,-0.000100253,-0.22505353,7.70E-24,-0.006899318,0.000149398,-0.002609456,-0.8281637,0.79209113,4.40E-20,-0.54207903,6.31E-08,4.18E-07,0.009701498,0.73585653,5.43E-19,-0.2828543,-0.32849336
-3.68E-18,-0.3835264,-0.000201011,0.35771602,0.20079653,0.17649823,3.95E-23,-0.005886441,0.049722135,0.38086128,0.13297004,-2.59E-15,-5.99E-21,-0.035137866,8.62E-22,-1.81E-05,-0.102752894,7.14E-24,-0.004042475,-8.46E-05,-0.001406155,-0.37074327,0.35522592,5.39E-20,-0.24425486,1.28E-08,-3.25E-06,0.003798047,0.33010697,2.84E-19,-0.1284672,-0.1486817
-9.51E-18,0.021884091,5.46E-05,-0.017571613,-0.007434242,-0.006808575,3.54E-23,0.002475353,-0.001822453,-0.021593854,-0.00431953,-2.28E-15,-7.76E-21,0.002085921,8.02E-22,5.35E-05,0.002539214,6.56E-24,-0.001449073,-0.000292197,-0.000335293,0.021783397,-0.019799538,6.56E-20,0.011714302,-3.10E-08,-6.45E-06,-0.001369051,-0.018137619,-8.50E-22,0.004482109,0.006034862
-6.56E-18,-0.18029964,-3.30E-05,0.16890286,0.09592301,0.08626536,3.59E-23,-0.003404757,0.026306514,0.17898706,0.064308465,-2.31E-15,-6.50E-21,-0.018705817,7.81E-22,2.72E-05,-0.049524404,6.51E-24,-0.001604405,-0.000209455,-0.000638169,-0.17458652,0.16762091,5.44E-20,-0.116325825,-1.26E-08,-5.13E-06,-0.000250528,0.15647647,1.35E-19,-0.06139406,-0.07140108
-6.66E-18,-0.3078091,-0.000117622,0.28689593,0.16202511,0.14461716,3.72E-23,-0.006058224,0.042885393,0.30559337,0.10816367,-2.28E-15,-6.59E-21,-0.030694839,8.17E-22,2.53E-06,-0.08325166,6.76E-24,-0.002401263,-0.000132147,-0.00097629,-0.29821646,0.2857564,5.72E-20,-0.19744727,1.26E-09,-3.88E-06,0.0015241,0.26638806,1.59E-19,-0.103859775,-0.120763905
-6.64E-18,-0.41262245,-0.000202157,0.38411522,0.21518074,0.18989119,3.93E-23,-0.007179188,0.05422888,0.4096899,0.1426781,-2.37E-15,-6.73E-21,-0.038611382,8.76E-22,-2.04E-05,-0.11002663,7.16E-24,-0.003680426,-6.55E-05,-0.001361713,-0.3991636,0.38218063,6.19E-20,-0.26241902,1.32E-08,-2.91E-06,0.003669355,0.35528976,1.94E-19,-0.13764341,-0.1596437
-1.12E-17,-0.2599478,-0.000150896,0.24353714,0.13759634,0.11923277,3.99E-23,-0.002272166,0.032468736,0.2582863,0.09120585,-2.26E-15,-8.40E-21,-0.022446584,9.37E-22,-5.05E-06,-0.071330406,7.46E-24,-0.003890441,-0.000105802,-0.001200366,-0.25065827,0.24052468,7.99E-20,-0.1657729,1.25E-10,-3.57E-06,0.003380873,0.22309498,2.86E-20,-0.08847651,-0.101432875
-1.52E-17,0.18884355,7.64E-05,-0.17066039,-0.09110588,-0.08451532,3.74E-23,0.009099264,-0.02696104,-0.18704964,-0.05988856,-2.20E-15,-1.03E-20,0.021075848,9.18E-22,6.23E-05,0.043720145,7.21E-24,-0.002574028,-0.000316403,-0.000349018,0.18454094,-0.17482254,9.22E-20,0.11701133,-4.22E-08,-6.88E-06,-0.000495104,-0.16307107,-2.06E-19,0.05711817,0.06910594
-9.35E-18,-0.024213962,-6.00E-06,0.025573254,0.016724207,0.012934867,3.68E-23,0.002826409,0.002250809,0.024263412,0.011316974,-2.37E-15,-8.03E-21,-0.000486224,8.45E-22,3.76E-05,-0.009904688,6.85E-24,-0.002599763,-0.000250759,-0.000630879,-0.02245102,0.022594191,6.95E-20,-0.017216906,-2.31E-08,-5.82E-06,0.000383091,0.020860098,1.75E-20,-0.011079419,-0.011483133
-6.81E-18,-0.26942196,-0.000120678,0.25185835,0.1424188,0.12576842,3.79E-23,-0.004065604,0.03614799,0.26756996,0.09480901,-2.37E-15,-6.75E-21,-0.02549785,8.41E-22,2.98E-06,-0.07340768,6.92E-24,-0.002960911,-0.000138049,-0.001036022,-0.26052922,0.24987721,5.99E-20,-0.17266943,-4.00E-10,-4.02E-06,0.002038113,0.23255247,1.61E-19,-0.09135775,-0.10565971
-1.64E-18,-1.0736635,-0.000617916,0.995786,0.5551364,0.48949197,4.57E-23,-0.021308787,0.13913143,1.0659242,0.3672769,-2.56E-15,-4.65E-21,-0.10011983,9.94E-22,-0.000140837,-0.28239635,8.14E-24,-0.007568709,0.000306775,-0.003040151,-1.0394082,0.9938294,5.40E-20,-0.6802706,8.43E-08,2.94E-06,0.012103917,0.9234442,5.39E-19,-0.35509515,-0.41267055
1.40E-18,-1.5374948,-0.000944835,1.425414,0.7911175,0.6938268,5.23E-23,-0.028687783,0.19349235,1.5264478,0.5215116,-2.90E-15,-3.80E-21,-0.13880695,1.15E-21,-0.000231313,-0.40126154,9.29E-24,-0.011756168,0.000571668,-0.004469995,-1.4872183,1.4215258,5.74E-20,-0.96977365,1.35E-07,6.88E-06,0.01965269,1.3190125,7.79E-19,-0.5052161,-0.5865069
2.13E-18,-1.7436452,-0.001062632,1.6158377,0.89687955,0.7876892,5.37E-23,-0.03349425,0.22053397,1.7310495,0.59153014,-2.88E-15,-3.59E-21,-0.15849257,1.18E-21,-0.000265838,-0.45481956,9.50E-24,-0.012649343,0.000677808,-0.004924279,-1.687133,1.6123916,5.71E-20,-1.1001278,1.56E-07,8.58E-06,0.021907166,1.4965279,8.40E-19,-0.57279617,-0.6653967
3.41E-18,-2.0219815,-0.001243921,1.8733809,1.0392537,0.912363,5.68E-23,-0.03886901,0.25503346,2.0073667,0.6851995,-2.97E-15,-3.16E-21,-0.18332738,1.25E-21,-0.000317457,-0.5268022,1.00E-23,-0.01458235,0.00083437,-0.005677117,-1.9564075,1.8695626,5.84E-20,-1.2750793,1.85E-07,1.10E-05,0.025809662,1.735015,9.55E-19,-0.66364115,-0.77094114
-2.70E-18,-1.0719573,-0.000614688,0.99403507,0.55273616,0.48660377,4.59E-23,-0.020898137,0.13756308,1.0642015,0.36514038,-2.55E-15,-4.93E-21,-0.098892346,1.01E-21,-0.000139447,-0.28074193,8.21E-24,-0.00768315,0.000302814,-0.003037994,-1.037359,0.99170166,5.80E-20,-0.6775381,8.26E-08,2.80E-06,0.012193657,0.92089933,5.13E-19,-0.35313666,-0.41034546
-3.57E-19,-1.3687972,-0.000804561,1.2687294,0.70567745,0.621437,4.87E-23,-0.027108781,0.17567867,1.3588899,0.4662432,-2.64E-15,-4.24E-21,-0.12645045,1.07E-21,-0.000193951,-0.35835436,8.66E-24,-0.009513474,0.000466847,-0.003811453,-1.3249428,1.2664578,5.53E-20,-0.8654581,1.15E-07,5.40E-06,0.016085986,1.1762344,6.55E-19,-0.4510123,-0.52421653
-1.31E-18,-0.8076672,-0.000443595,0.7496162,0.4183721,0.3694836,4.24E-23,-0.015842479,0.105374105,0.80182093,0.2769618,-2.58E-15,-5.02E-21,-0.07568272,9.12E-22,-8.95E-05,-0.21290311,7.56E-24,-0.005878175,0.000137262,-0.002342661,-0.78195405,0.74787205,4.94E-20,-0.5123691,5.59E-08,2.92E-07,0.008401897,0.6951905,4.52E-19,-0.26748592,-0.31093445
-7.96E-18,-0.15139255,-4.17E-05,0.14258824,0.08192529,0.07279794,3.67E-23,-0.001845551,0.021537846,0.15038633,0.055021282,-2.29E-15,-7.22E-21,-0.01500327,8.19E-22,2.54E-05,-0.042845145,6.73E-24,-0.002091295,-0.000204572,-0.000704243,-0.14634234,0.14079572,6.18E-20,-0.098361835,-1.33E-08,-5.05E-06,0.000330171,0.13137002,8.31E-20,-0.052756153,-0.06080452
-1.66E-17,0.33162907,0.000160006,-0.3026904,-0.1636134,-0.14825448,3.58E-23,0.011985587,-0.04474675,-0.3287751,-0.10743052,-2.09E-15,-1.08E-20,0.033908892,8.88E-22,8.52E-05,0.08003703,6.97E-24,-0.001710871,-0.000384641,6.20E-06,0.32264537,-0.30666864,9.37E-20,0.2064085,-5.57E-08,-7.90E-06,-0.00218441,-0.28528804,-2.98E-19,0.10313125,0.12277802
-2.48E-17,0.7112904,0.000294682,-0.65224075,-0.35544068,-0.32178006,3.62E-23,0.023663525,-0.09739564,-0.70530367,-0.23423597,-1.92E-15,-1.43E-20,0.072960265,9.87E-22,0.000126339,0.17555736,7.42E-24,-0.001984679,-0.000506723,0.000438458,0.69143075,-0.6583461,1.27E-19,0.44527957,-8.73E-08,-9.82E-06,-0.003345434,-0.6128032,-6.35E-19,0.22453015,0.2662332
-2.11E-17,0.504696,0.000212853,-0.46184605,-0.25052607,-0.2271566,3.68E-23,0.01762538,-0.06889213,-0.50036687,-0.16483524,-2.02E-15,-1.28E-20,0.05189506,9.62E-22,0.000102173,0.12313612,7.35E-24,-0.00205838,-0.000433891,0.000152695,0.49079335,-0.46693206,1.14E-19,0.3149257,-6.98E-08,-8.68E-06,-0.002430331,-0.43452823,-4.78E-19,0.15797207,0.1877617
-6.20E-18,-0.2922032,-0.000206657,0.27425623,0.15628773,0.13501345,4.07E-23,-0.001734515,0.03587648,0.29043758,0.10356936,-2.61E-15,-7.54E-21,-0.024500828,9.32E-22,-1.77E-05,-0.081118025,7.55E-24,-0.005039213,-9.19E-05,-0.001506948,-0.28189313,0.2707528,6.90E-20,-0.18782884,8.81E-09,-3.32E-06,0.004816107,0.25145578,1.76E-19,-0.100748345,-0.11529001
5.92E-18,-0.9776446,-0.000610702,0.9084173,0.5082143,0.44643793,4.60E-23,-0.017310452,0.12503865,0.97077554,0.33599317,-3.10E-15,-3.29E-21,-0.08928261,9.58E-22,-0.000133113,-0.258937,8.08E-24,-0.008547117,0.000245717,-0.003146571,-0.9460083,0.90519637,3.56E-20,-0.62109375,8.23E-08,1.95E-06,0.012426298,0.8410595,7.31E-19,-0.32537317,-0.37726876
2.99E-18,-0.8864275,-0.000540676,0.82365197,0.46086216,0.4052054,4.48E-23,-0.015851973,0.113883786,0.8801898,0.30483332,-2.93E-15,-4.04E-21,-0.08136071,9.50E-22,-0.000114228,-0.234885,7.94E-24,-0.007625166,0.000197318,-0.002829793,-0.8578048,0.8207983,4.23E-20,-0.56325084,7.03E-08,1.20E-06,0.01088649,0.76274073,6.20E-19,-0.2950638,-0.34221375
-1.99E-17,0.32664025,9.85E-05,-0.2968589,-0.1578362,-0.14514424,3.92E-23,0.013762101,-0.04519087,-0.32356626,-0.10325147,-2.08E-15,-1.26E-20,0.034699474,1.02E-21,7.01E-05,0.075803,7.77E-24,-0.003138836,-0.000333059,-0.00032086,0.31818777,-0.3018861,1.15E-19,0.20129144,-5.09E-08,-7.08E-06,-0.000186529,-0.28093827,-3.99E-19,0.09837137,0.11848093
-3.58E-17,1.0629681,0.000460309,-0.97679955,-0.53334206,-0.4804825,3.69E-23,0.032994904,-0.14364067,-1.0541407,-0.35134467,-1.55E-15,-1.88E-20,0.10687241,1.11E-21,0.000175074,0.2644061,8.01E-24,-0.001142781,-0.000636287,0.001059451,1.0322921,-0.983591,1.71E-19,0.66570294,-1.23E-07,-1.18E-05,-0.005853256,-0.91496724,-1.09E-18,0.3371706,0.3984832
-4.70E-17,1.5332732,0.000635574,-1.409934,-0.7706616,-0.69457567,3.75E-23,0.047007564,-0.20796534,-1.520575,-0.5079465,-1.26E-15,-2.35E-20,0.1544601,1.25E-21,0.000227803,0.3824411,8.62E-24,-0.001193913,-0.000786818,0.001648618,1.4889008,-1.4190228,2.16E-19,0.9610996,-1.64E-07,-1.42E-05,-0.0076223,-1.3202373,-1.56E-18,0.48721892,0.5756636
-3.23E-17,0.90185493,0.000414303,-0.82881206,-0.45319688,-0.40783724,3.68E-23,0.028100695,-0.12190624,-0.8943834,-0.2988043,-1.68E-15,-1.75E-20,0.09077987,1.08E-21,0.000161686,0.22516634,7.84E-24,-0.000923088,-0.000601917,0.000911808,0.8758161,-0.8345588,1.58E-19,0.56524825,-1.12E-07,-1.13E-05,-0.005625497,-0.77629304,-9.59E-19,0.2869432,0.33876842
-3.28E-17,0.97607523,0.000430595,-0.8968269,-0.49027812,-0.44190362,3.70E-23,0.030710198,-0.13247967,-0.9679677,-0.32328606,-1.75E-15,-1.77E-20,0.09869911,1.09E-21,0.00016819,0.24336348,7.92E-24,-0.001274406,-0.000625066,0.000932695,0.94813454,-0.90341705,1.61E-19,0.6119043,-1.17E-07,-1.17E-05,-0.005546326,-0.84059745,-9.63E-19,0.3102458,0.36661726
-4.10E-17,1.37476,0.000561881,-1.2637024,-0.69130903,-0.62408686,3.72E-23,0.043151136,-0.18796799,-1.3633479,-0.4561216,-1.55E-15,-2.12E-20,0.1399045,1.18E-21,0.000207559,0.3432592,8.33E-24,-0.001726646,-0.000741185,0.001348371,1.3354534,-1.2726876,1.93E-19,0.86254907,-1.48E-07,-1.35E-05,-0.006444593,-1.1845269,-1.31E-18,0.43733186,0.5169926
-5.13E-17,1.7529262,0.000712318,-1.6121137,-0.88168263,-0.7950994,3.77E-23,0.053864945,-0.2385535,-1.7384126,-0.58138853,-1.21E-15,-2.54E-20,0.17717642,1.30E-21,0.000251759,0.43776214,8.87E-24,-0.001419664,-0.000859671,0.001885818,1.7023256,-1.6225373,2.34E-19,1.0993862,-1.82E-07,-1.53E-05,-0.008251932,-1.5098253,-1.73E-18,0.55751354,0.65874946
-2.78E-17,0.7619873,0.000313374,-0.69907475,-0.38154513,-0.34540913,3.71E-23,0.025677927,-0.10498855,-0.75553906,-0.2518135,-1.90E-15,-1.56E-20,0.078717016,1.05E-21,0.000133066,0.18904504,7.73E-24,-0.002143923,-0.000524599,0.000479252,0.740687,-0.7054024,1.43E-19,0.47743747,-9.45E-08,-1.01E-05,-0.003394563,-0.656646,-7.44E-19,0.2413411,0.28586754
-1.35E-17,-0.11777877,-5.41E-05,0.111796655,0.06414056,0.054781076,3.92E-23,0.000691814,0.014284697,0.11716433,0.042552233,-2.18E-15,-9.38E-21,-0.009298555,9.43E-22,2.29E-05,-0.033780284,7.43E-24,-0.002916584,-0.000187615,-0.000808873,-0.11306107,0.10900991,8.86E-20,-0.075855576,-1.72E-08,-4.86E-06,0.001358098,0.10100957,-9.96E-20,-0.04133176,-0.04681193
4.22E-18,-1.9294993,-0.001202546,1.7882019,0.9916595,0.86934894,5.66E-23,-0.03608003,0.24184889,1.9156059,0.6533767,-3.09E-15,-3.10E-21,-0.17354544,1.25E-21,-0.000303826,-0.50259525,1.00E-23,-0.014597478,0.000784654,-0.005554876,-1.8664439,1.7837224,5.70E-20,-1.2161629,1.77E-07,1.02E-05,0.025223536,1.6548948,9.62E-19,-0.6331126,-0.7350793
4.95E-18,-1.6232824,-0.00101176,1.5050317,0.8345306,0.731017,5.34E-23,-0.0294136,0.20254773,1.6116016,0.5495552,-3.16E-15,-3.58E-21,-0.144991,1.16E-21,-0.000246839,-0.4228684,9.44E-24,-0.012927922,0.000593239,-0.004811325,-1.5699378,1.5005372,5.21E-20,-1.0229616,1.45E-07,7.15E-06,0.021290237,1.3919989,8.70E-19,-0.53253824,-0.61807907
9.70E-18,-1.5037501,-0.000966507,1.3954811,0.7768531,0.68062085,5.24E-23,-0.026623685,0.18871176,1.4930868,0.5122443,-3.41E-15,-2.37E-21,-0.13485806,1.10E-21,-0.00023244,-0.39453205,9.17E-24,-0.012731521,0.000535885,-0.004669353,-1.4545887,1.3909429,3.65E-20,-0.95094717,1.39E-07,6.36E-06,0.020326205,1.2910813,9.87E-19,-0.49654365,-0.57586694
-3.90E-18,-0.35012546,-0.000196658,0.3271951,0.18490782,0.16213897,3.97E-23,-0.004881037,0.045512635,0.34775373,0.122762054,-2.55E-15,-6.42E-21,-0.032010317,8.71E-22,-1.69E-05,-0.09526012,7.20E-24,-0.00415099,-8.94E-05,-0.001398565,-0.33842134,0.32454142,5.62E-20,-0.22407788,1.22E-08,-3.29E-06,0.003850808,0.30173427,2.45E-19,-0.118728,-0.13697082
-4.66E-18,-0.21485412,-0.000101959,0.20183359,0.1147886,0.10067812,3.78E-23,-0.002313374,0.028373543,0.21343783,0.07636276,-2.52E-15,-6.33E-21,-0.019686632,8.26E-22,9.77E-06,-0.05944846,6.87E-24,-0.003107395,-0.00016837,-0.000999738,-0.20743147,0.19932052,5.43E-20,-0.13824062,-3.49E-09,-4.53E-06,0.001809812,0.1854045,2.07E-19,-0.073701575,-0.08481327
-7.76E-18,-0.18050781,-4.67E-05,0.16928397,0.09669739,0.086527005,3.62E-23,-0.003103921,0.026120417,0.1792379,0.06495793,-2.23E-15,-6.90E-21,-0.018499304,7.99E-22,2.25E-05,-0.05027909,6.61E-24,-0.001840922,-0.000191338,-0.000692138,-0.17475082,0.1678654,5.89E-20,-0.116855115,-1.09E-08,-4.81E-06,0.000216126,0.15670247,9.63E-20,-0.062165067,-0.072016306
-4.89E-18,-0.5885439,-0.000285986,0.54643345,0.30534577,0.27081478,3.97E-23,-0.012097165,0.07847571,0.5842382,0.20258196,-2.35E-15,-5.83E-21,-0.05648745,8.65E-22,-4.61E-05,-0.15559922,7.14E-24,-0.00394673,1.75E-05,-0.001652767,-0.56999075,0.54524714,5.46E-20,-0.37392092,3.01E-08,-1.56E-06,0.004925973,0.5071848,2.90E-19,-0.19522446,-0.22718659
-5.13E-18,-1.220261,-0.000687611,1.1306763,0.62815124,0.55377865,4.69E-23,-0.02484899,0.1573903,1.2113652,0.41512427,-2.35E-15,-5.19E-21,-0.11350994,1.05E-21,-0.000162968,-0.3188948,8.41E-24,-0.00793905,0.000391429,-0.003276109,-1.1811861,1.1288768,6.49E-20,-0.7708076,9.53E-08,4.22E-06,0.013493927,1.0483818,4.87E-19,-0.4013065,-0.46671584
-5.52E-18,-0.8424814,-0.000519183,0.7823395,0.43306243,0.3773161,4.54E-23,-0.013413048,0.10308657,0.83650064,0.2846754,-2.60E-15,-5.95E-21,-0.07322417,1.03E-21,-0.000109934,-0.21970317,8.25E-24,-0.007894947,0.000205211,-0.00273903,-0.8137102,0.7780495,6.88E-20,-0.529475,6.15E-08,1.12E-06,0.011311287,0.7208261,3.96E-19,-0.27612054,-0.31966546
-7.48E-18,-0.4259559,-0.000310913,0.39788133,0.22038169,0.18775444,4.20E-23,-0.002751485,0.047455613,0.42316502,0.14395113,-2.61E-15,-6.82E-21,-0.032425992,9.73E-22,-4.92E-05,-0.11243315,7.75E-24,-0.006717176,1.00E-05,-0.001954356,-0.40976387,0.3924914,7.14E-20,-0.26666504,2.37E-08,-1.92E-06,0.0078266,0.36229986,2.47E-19,-0.14050499,-0.16092584
-7.36E-18,-0.024602331,-4.34E-05,0.026528127,0.016098194,0.009861603,3.71E-23,0.004605539,-0.001053747,0.02471134,0.009971332,-2.56E-15,-7.30E-21,0.002420995,8.44E-22,2.82E-05,-0.009337619,6.87E-24,-0.003747081,-0.000235368,-0.000848154,-0.021914385,0.0221574,6.39E-20,-0.015692852,-1.87E-08,-5.66E-06,0.001833946,0.019451767,1.11E-19,-0.010347471,-0.009916216
-7.89E-18,-0.019952007,-3.87E-05,0.022253245,0.01514744,0.009915631,3.67E-23,0.004114308,-5.45E-05,0.02010601,0.010021571,-2.46E-15,-7.52E-21,0.001529221,8.35E-22,2.83E-05,-0.009428378,6.81E-24,-0.003441112,-0.000230591,-0.0007998,-0.01786305,0.018403761,6.44E-20,-0.014346622,-1.83E-08,-5.50E-06,0.001561087,0.016549982,7.94E-20,-0.010241646,-0.009833824
-8.38E-18,-0.32478687,-0.000174096,0.3033591,0.17164522,0.15076196,3.93E-23,-0.004678977,0.042696774,0.322599,0.11420642,-2.30E-15,-7.48E-21,-0.030106056,8.95E-22,-1.26E-05,-0.0886724,7.26E-24,-0.003690325,-8.63E-05,-0.001263419,-0.31402463,0.3010921,6.86E-20,-0.20800209,7.21E-09,-3.19E-06,0.003410141,0.28002813,1.15E-19,-0.11038032,-0.12736094
-5.13E-18,-0.72975105,-0.000449801,0.6783857,0.3789466,0.3316191,4.42E-23,-0.011924962,0.09216182,0.7246713,0.2504087,-2.60E-15,-6.25E-21,-0.06555238,9.99E-22,-8.91E-05,-0.19350539,8.05E-24,-0.006921016,0.000139467,-0.00244431,-0.70551264,0.67507035,6.58E-20,-0.4623749,5.08E-08,2.24E-07,0.009492187,0.6265879,3.68E-19,-0.24267115,-0.28081146
1.51E-18,-1.5045605,-0.000901072,1.3944604,0.7741179,0.68033504,5.06E-23,-0.02890551,0.19076473,1.493659,0.5106581,-2.82E-15,-4.08E-21,-0.13704532,1.11E-21,-0.00021916,-0.39255676,8.97E-24,-0.010922851,0.000529556,-0.004257593,-1.4558679,1.391437,5.49E-20,-0.9494994,1.30E-07,6.29E-06,0.018395003,1.2916244,7.35E-19,-0.49426782,-0.5742875
-6.60E-19,-1.1825404,-0.000679394,1.0962416,0.60952395,0.5370202,4.65E-23,-0.023285486,0.15186194,1.1739392,0.40266648,-2.63E-15,-4.74E-21,-0.10921049,1.01E-21,-0.000157022,-0.30940986,8.26E-24,-0.008288472,0.000345,-0.003308317,-1.1446341,1.0941344,5.40E-20,-0.7475238,9.43E-08,3.49E-06,0.013438137,1.0162336,5.71E-19,-0.38931972,-0.45260426
-2.12E-18,-1.1723439,-0.000654543,1.086517,0.60574377,0.53564614,4.54E-23,-0.02452192,0.15352187,1.1638007,0.40116015,-2.42E-15,-4.69E-21,-0.11083896,9.84E-22,-0.000153158,-0.30802897,8.06E-24,-0.007374557,0.000349965,-0.003132862,-1.1355386,1.085497,5.37E-20,-0.74315095,9.24E-08,3.70E-06,0.012468539,1.0091339,5.32E-19,-0.38746434,-0.45087492
-8.05E-18,-0.41942647,-0.0002224,0.3906418,0.21989915,0.19382748,3.98E-23,-0.007011662,0.055215325,0.41651064,0.14610589,-2.29E-15,-7.36E-21,-0.0392468,9.02E-22,-2.68E-05,-0.11293657,7.31E-24,-0.00397807,-4.28E-05,-0.001443911,-0.4058581,0.38871124,6.82E-20,-0.2677069,1.58E-08,-2.49E-06,0.004267265,0.36155742,1.42E-19,-0.14109157,-0.16336994
-7.75E-18,-0.34093323,-0.000160473,0.3178733,0.1794364,0.15882164,3.86E-23,-0.005886731,0.045935445,0.3385507,0.11950366,-2.28E-15,-7.15E-21,-0.03267563,8.66E-22,-9.22E-06,-0.09233078,7.07E-24,-0.003176429,-9.59E-05,-0.001177985,-0.32999814,0.31621322,6.44E-20,-0.21825805,6.51E-09,-3.32E-06,0.002770672,0.29438496,1.33E-19,-0.11516345,-0.13344309
-2.52E-17,0.5902685,0.00027185,-0.5410086,-0.2930916,-0.2640479,3.69E-23,0.018761907,-0.07809214,-0.58529323,-0.19212323,-1.79E-15,-1.43E-20,0.058297448,9.95E-22,0.000118815,0.14378817,7.51E-24,-0.001233714,-0.000469877,0.000420069,0.5733856,-0.54573464,1.27E-19,0.36765578,-8.04E-08,-9.24E-06,-0.003814144,-0.50735784,-6.34E-19,0.1844555,0.21878222
-2.45E-17,0.6536784,0.00027206,-0.59907776,-0.32530808,-0.29426405,3.63E-23,0.021537267,-0.08845431,-0.64815676,-0.21383807,-1.83E-15,-1.41E-20,0.06622135,9.78E-22,0.000118228,0.15998933,7.38E-24,-0.001813583,-0.00047471,0.000386421,0.63529307,-0.6047018,1.24E-19,0.4081084,-8.14E-08,-9.28E-06,-0.003194066,-0.5626026,-6.23E-19,0.20502226,0.24335337
-2.32E-17,0.5947198,0.000241879,-0.54461515,-0.29500896,-0.26715538,3.61E-23,0.019826192,-0.080338664,-0.5896694,-0.19367972,-1.82E-15,-1.35E-20,0.060223132,9.59E-22,0.000108363,0.14459102,7.29E-24,-0.001904081,-0.000443869,0.00028654,0.5780567,-0.55003715,1.18E-19,0.37073198,-7.43E-08,-8.77E-06,-0.002732495,-0.51170224,-5.72E-19,0.18563312,0.22067717
-1.52E-17,0.18531087,5.17E-05,-0.16698085,-0.087546304,-0.08167708,3.79E-23,0.009461537,-0.026413944,-0.1834564,-0.057168182,-2.19E-15,-1.07E-20,0.02080939,9.36E-22,5.50E-05,0.041267525,7.34E-24,-0.002998893,-0.000297132,-0.000461319,0.18096875,-0.17118257,9.44E-20,0.113343395,-3.83E-08,-6.51E-06,0.000212228,-0.15938425,-2.28E-19,0.054298334,0.06620728
1.46E-18,-0.78330106,-0.000455442,0.7278553,0.40803385,0.35996124,4.29E-23,-0.014717058,0.10237125,0.77774686,0.27042842,-2.76E-15,-4.46E-21,-0.07332108,9.07E-22,-9.14E-05,-0.20824514,7.61E-24,-0.006336723,0.000134103,-0.00243463,-0.75838566,0.7257441,4.29E-20,-0.4987371,5.78E-08,2.72E-07,0.008793689,0.6749191,5.29E-19,-0.2614075,-0.303425
7.44E-18,-1.225676,-0.00075041,1.1375822,0.6365662,0.56112856,4.72E-23,-0.023540717,0.15882885,1.2169552,0.42143127,-3.06E-15,-2.81E-21,-0.11399259,9.74E-22,-0.000174748,-0.32424718,8.24E-24,-0.009414133,0.000375046,-0.003668324,-1.1868986,1.1352901,3.19E-20,-0.77922225,1.08E-07,4.09E-06,0.014924806,1.0555456,8.19E-19,-0.4077021,-0.4734851
-3.02E-19,-0.6630095,-0.000513719,0.6191619,0.35011792,0.3028629,4.73E-23,-0.007151907,0.08112044,0.6587999,0.23152754,-3.04E-15,-6.31E-21,-0.05658602,1.07E-21,-0.0001019,-0.18051304,8.65E-24,-0.00917185,0.000150566,-0.002880034,-0.640253,0.613807,6.48E-20,-0.4236648,5.77E-08,4.27E-07,0.011897635,0.56964535,4.61E-19,-0.2255648,-0.25897834
-3.00E-17,0.74162096,0.000279743,-0.6794231,-0.3673569,-0.3328155,3.93E-23,0.025024284,-0.10023522,-0.73520297,-0.24113292,-1.77E-15,-1.67E-20,0.07513142,1.12E-21,0.000123969,0.18003343,8.22E-24,-0.002476542,-0.000483572,0.000340547,0.72070366,-0.68582815,1.54E-19,0.4615434,-8.95E-08,-9.43E-06,-0.00274107,-0.6379095,-8.21E-19,0.23083018,0.27445412
-6.98E-17,2.3887374,0.000940013,-2.197033,-1.1979438,-1.0791962,3.88E-23,0.07133098,-0.32121706,-2.3689415,-0.7879944,-3.76E-16,-3.25E-20,0.23788229,1.50E-21,0.000315892,0.5926688,9.78E-24,-0.00097157,-0.001008652,0.00273034,2.3189108,-2.2100022,3.03E-19,1.4946241,-2.32E-07,-1.75E-05,-0.010786237,-2.05555,-2.48E-18,0.75560254,0.89336854
-5.26E-17,1.6331644,0.000690701,-1.5021821,-0.81970584,-0.73723227,3.78E-23,0.04867585,-0.2189273,-1.619663,-0.53936553,-8.86E-16,-2.56E-20,0.16220623,1.30E-21,0.00024121,0.40619323,8.86E-24,-0.000420314,-0.000804934,0.001913183,1.5852034,-1.5108044,2.37E-19,1.0220301,-1.73E-07,-1.43E-05,-0.008769613,-1.4048915,-1.80E-18,0.5176445,0.6113541
-4.06E-17,1.1737832,0.000525056,-1.0792558,-0.58914423,-0.529508,3.74E-23,0.035373125,-0.15711874,-1.1640753,-0.3877698,-1.35E-15,-2.07E-20,0.11659193,1.17E-21,0.00019379,0.29216006,8.28E-24,-0.000511321,-0.000680719,0.001325294,1.1394408,-1.085855,1.90E-19,0.7346345,-1.37E-07,-1.25E-05,-0.007117257,-1.0096946,-1.29E-18,0.37236983,0.43961692
-2.39E-17,0.571541,0.000286615,-0.5244572,-0.28628546,-0.25743976,3.63E-23,0.018386386,-0.07679128,-0.56677806,-0.1886371,-1.92E-15,-1.39E-20,0.057436578,9.78E-22,0.000123673,0.14204498,7.39E-24,-0.001004371,-0.000494236,0.000471892,0.5551994,-0.52875733,1.25E-19,0.3576932,-8.33E-08,-9.64E-06,-0.004247926,-0.4917227,-6.06E-19,0.18134314,0.21418831
-3.51E-17,1.1364113,0.000481958,-1.0443763,-0.57188964,-0.51628983,3.71E-23,0.036130503,-0.1557427,-1.1269758,-0.37761796,-1.80E-15,-1.87E-20,0.11608936,1.12E-21,0.000185205,0.28429922,8.06E-24,-0.00167155,-0.000683648,0.001066549,1.1041331,-1.052212,1.70E-19,0.7135194,-1.31E-07,-1.27E-05,-0.005781589,-0.97946244,-1.05E-18,0.36215323,0.42800754
-4.42E-17,1.7573783,0.000677195,-1.6157497,-0.887197,-0.8034148,3.71E-23,0.056862265,-0.24516773,-1.7427948,-0.5872134,-1.88E-15,-2.29E-20,0.18287864,1.24E-21,0.000247713,0.4421499,8.57E-24,-0.00308555,-0.000892329,0.00159919,1.7080986,-1.628201,2.10E-19,1.1062874,-1.80E-07,-1.60E-05,-0.006636768,-1.5167568,-1.42E-18,0.5624452,0.66493285
-3.70E-17,1.3677565,0.000569716,-1.2576804,-0.6917839,-0.62561834,3.72E-23,0.04435499,-0.19070414,-1.3564386,-0.45829263,-2.09E-15,-2.00E-20,0.14234835,1.17E-21,0.000216246,0.34561718,8.26E-24,-0.002278772,-0.000800806,0.001278671,1.3294333,-1.2673781,1.82E-19,0.86186063,-1.54E-07,-1.47E-05,-0.006392442,-1.1806191,-1.13E-18,0.43929708,0.5187223
-1.27E-17,-0.23617193,-0.000219122,0.22275415,0.12643833,0.10543683,4.25E-23,0.002046063,0.02435992,0.2349786,0.082816795,-2.51E-15,-9.75E-21,-0.015488448,1.05E-21,-1.97E-05,-0.06587009,8.13E-24,-0.006156323,-8.04E-05,-0.001626477,-0.2265666,0.21783245,9.67E-20,-0.15027222,2.92E-09,-3.22E-06,0.006201155,0.20107335,-3.35E-21,-0.08148399,-0.091932386
-3.96E-18,-1.1714861,-0.000712463,1.0865498,0.6030168,0.52828735,4.89E-23,-0.021022618,0.146846,1.1631162,0.39742476,-2.67E-15,-5.61E-21,-0.105080865,1.11E-21,-0.000165029,-0.3060371,8.84E-24,-0.009457671,0.000375864,-0.003510006,-1.1328554,1.0829341,6.97E-20,-0.73864686,9.43E-08,3.83E-06,0.014955321,1.00462,5.18E-19,-0.38505232,-0.44672996
1.35E-17,-2.4849603,-0.001594196,2.3032594,1.2803369,1.1231135,6.27E-23,-0.04667947,0.3128297,2.4671788,0.8443796,-3.58E-15,-8.07E-22,-0.22453512,1.34E-21,-0.000413467,-0.6496368,1.09E-23,-0.018931232,0.00109598,-0.00722312,-2.4045315,2.2982857,4.01E-20,-1.5697227,2.43E-07,1.51E-05,0.03348629,2.1333425,1.37E-18,-0.8183544,-0.9500433
-3.73E-18,-0.91936845,-0.00057704,0.8543013,0.47864556,0.41978112,4.77E-23,-0.016254507,0.11783201,0.9129532,0.3169659,-2.56E-15,-6.81E-21,-0.08424035,1.08E-21,-0.000125849,-0.2449467,8.69E-24,-0.008069936,0.000253948,-0.002964006,-0.88950646,0.8511573,7.06E-20,-0.58421546,7.42E-08,2.07E-06,0.011936771,0.79065984,3.69E-19,-0.30714417,-0.35548002
6.54E-18,-0.8701844,-0.000574671,0.80972844,0.4537663,0.39685845,4.65E-23,-0.0137847,0.109661326,0.8642033,0.299734,-3.24E-15,-3.58E-21,-0.07780657,9.76E-22,-0.000120374,-0.23161244,8.21E-24,-0.008823385,0.000197741,-0.003066936,-0.8414445,0.8055622,3.71E-20,-0.5532234,7.44E-08,1.13E-06,0.01210586,0.74810195,7.18E-19,-0.2907396,-0.33628836
-9.92E-18,-0.063315764,-5.47E-06,0.061482098,0.037478633,0.032810338,3.74E-23,0.000734882,0.009592892,0.063042365,0.02564765,-2.26E-15,-8.30E-21,-0.006178702,8.61E-22,3.69E-05,-0.020639947,6.98E-24,-0.002069534,-0.000238033,-0.000589698,-0.060863066,0.0592973,7.22E-20,-0.043131705,-2.15E-08,-5.60E-06,-0.000140371,0.055556666,-1.65E-20,-0.024609476,-0.027633477
-5.42E-18,-0.21352756,-6.11E-05,0.19983521,0.113195874,0.101157576,3.65E-23,-0.003820663,0.030201424,0.21199472,0.07563239,-2.38E-15,-6.21E-21,-0.02143849,7.88E-22,1.97E-05,-0.058300436,6.59E-24,-0.002018634,-0.000190451,-0.0007696,-0.20666689,0.1983336,5.21E-20,-0.13736068,-8.05E-09,-4.84E-06,0.000403507,0.18492965,1.79E-19,-0.07245214,-0.084139735
-8.33E-18,-0.64278835,-0.000314747,0.59636873,0.33267677,0.29479033,4.05E-23,-0.013571111,0.08554675,0.6380926,0.2206679,-2.15E-15,-6.15E-21,-0.061766464,9.06E-22,-5.71E-05,-0.16952038,7.35E-24,-0.004001533,7.31E-05,-0.001726828,-0.6224261,0.5952303,6.39E-20,-0.4076537,3.42E-08,-6.94E-07,0.00553877,0.5533981,2.36E-19,-0.2127784,-0.24760482
-7.66E-18,-0.772101,-0.000476293,0.71712965,0.3979839,0.34712234,4.39E-23,-0.012375932,0.0952815,0.76664656,0.26208466,-2.41E-15,-6.38E-21,-0.06770636,1.01E-21,-0.000100082,-0.20240408,8.02E-24,-0.007220986,0.000184358,-0.002521194,-0.7459471,0.71336395,7.17E-20,-0.48625293,5.49E-08,9.12E-07,0.010386605,0.6612349,3.15E-19,-0.25411975,-0.2941227
-1.31E-17,-0.69088155,-0.000531336,0.64342034,0.35451865,0.3014266,4.72E-23,-0.005742633,0.07602768,0.6863315,0.23121569,-2.53E-15,-7.44E-21,-0.052515376,1.15E-21,-0.000113552,-0.18043104,8.83E-24,-0.009821904,0.000230085,-0.002892971,-0.66469294,0.6359116,9.43E-20,-0.4304086,5.33E-08,1.36E-06,0.013620822,0.5863911,2.59E-19,-0.22613522,-0.2592089
-1.19E-17,0.2954946,-5.08E-05,-0.26658124,-0.14826138,-0.14666143,3.85E-23,0.020123877,-0.056112908,-0.2925009,-0.10157433,-2.81E-15,-8.87E-21,0.04468076,9.58E-22,2.97E-05,0.07332006,7.42E-24,-0.007496811,-0.000262132,-0.001144532,0.29173195,-0.27678958,8.70E-20,0.19112015,-3.22E-08,-6.25E-06,0.00566032,-0.2619902,3.59E-21,0.09463972,0.11626128
-1.36E-17,0.6880811,0.000137023,-0.6287561,-0.3474155,-0.32396474,3.54E-23,0.030235298,-0.107966445,-0.6820456,-0.23293206,-2.83E-15,-1.00E-20,0.08274526,9.02E-22,8.54E-05,0.17325161,6.97E-24,-0.006521323,-0.000446981,-0.000447668,0.672229,-0.6398372,8.96E-20,0.4376221,-6.65E-08,-9.08E-06,0.002568076,-0.5992223,-1.46E-19,0.22121458,0.26459354
-2.05E-17,0.7441945,0.000257143,-0.6817636,-0.37273896,-0.34020188,3.52E-23,0.0267523,-0.10587082,-0.7378773,-0.24673125,-2.20E-15,-1.27E-20,0.07982162,9.33E-22,0.000116246,0.1845053,7.11E-24,-0.003382257,-0.000498784,0.00020884,0.7243304,-0.68958473,1.11E-19,0.46769968,-8.20E-08,-9.72E-06,-0.001624995,-0.6428842,-4.69E-19,0.23589538,0.28041297
-3.36E-17,1.1469786,0.0004112,-1.0526257,-0.5739852,-0.5209683,3.69E-23,0.037932165,-0.15872663,-1.1373134,-0.37848884,-1.72E-15,-1.81E-20,0.11866073,1.10E-21,0.000161806,0.28344402,7.95E-24,-0.003065624,-0.000612636,0.000763336,1.1149608,-1.0619323,1.62E-19,0.71875554,-1.17E-07,-1.15E-05,-0.003451548,-0.9888875,-9.94E-19,0.3622033,0.4298327
-2.50E-17,0.4138503,0.000126733,-0.37711686,-0.20043708,-0.18330888,3.91E-23,0.015811924,-0.055774532,-0.41005582,-0.1305569,-1.75E-15,-1.43E-20,0.04234662,1.05E-21,7.60E-05,0.09596981,7.91E-24,-0.002922561,-0.000333791,-0.00017896,0.40261686,-0.38229868,1.31E-19,0.25490716,-5.68E-08,-7.01E-06,-0.000452838,-0.3554866,-5.87E-19,0.124561384,0.14975753
-1.42E-17,-0.177771,-0.000135177,0.16829306,0.098940015,0.08473766,4.03E-23,-0.000105275,0.02295893,0.17684248,0.06675547,-2.07E-15,-1.00E-20,-0.01548153,9.75E-22,-6.96E-07,-0.053446304,7.67E-24,-0.003957614,-0.000113708,-0.001142803,-0.1712991,0.16515517,9.18E-20,-0.11663753,-3.59E-09,-3.60E-06,0.003344919,0.15359917,-1.15E-19,-0.065079905,-0.07330184
-1.81E-18,-1.0595592,-0.000570148,0.9819219,0.5478582,0.48560894,4.34E-23,-0.022650335,0.14000618,1.0517757,0.36316246,-2.39E-15,-5.00E-21,-0.10115704,9.31E-22,-0.000128535,-0.2786251,7.70E-24,-0.006355756,0.000266549,-0.002777906,-1.0266724,0.9814373,5.07E-20,-0.6723522,7.96E-08,2.44E-06,0.010506844,0.91287965,4.77E-19,-0.35038698,-0.4080582
-8.62E-18,-0.44201207,-0.000208319,0.41098934,0.2324533,0.2072618,3.83E-23,-0.009079166,0.06111992,0.43885034,0.1553334,-2.10E-15,-7.50E-21,-0.043942783,8.62E-22,-2.52E-05,-0.11960447,7.03E-24,-0.003103698,-4.14E-05,-0.001312823,-0.4286654,0.41042653,6.62E-20,-0.28376156,1.64E-08,-2.32E-06,0.003423751,0.3827651,1.01E-19,-0.14943603,-0.1737343
-1.78E-17,0.13618377,6.01E-05,-0.12236126,-0.06242338,-0.057214502,3.72E-23,0.006703726,-0.017365534,-0.13478838,-0.039887194,-1.93E-15,-1.12E-20,0.013769814,9.30E-22,5.46E-05,0.028567854,7.24E-24,-0.002086548,-0.000279825,-0.000342926,0.13259251,-0.12519422,1.00E-19,0.08145199,-3.78E-08,-6.14E-06,-0.000543875,-0.11588866,-3.14E-19,0.038177013,0.046639524
-3.24E-17,0.8590314,0.000337283,-0.7880412,-0.42767227,-0.38666257,3.76E-23,0.02782819,-0.116105326,-0.8517459,-0.2810067,-1.55E-15,-1.74E-20,0.086705975,1.09E-21,0.000137317,0.21036778,7.96E-24,-0.00197267,-0.00051864,0.000602908,0.83449566,-0.7945402,1.58E-19,0.53596604,-9.85E-08,-9.90E-06,-0.003605459,-0.7390291,-9.40E-19,0.26927096,0.31946507
-7.42E-17,2.5367095,0.000970364,-2.332673,-1.2703203,-1.1452346,3.95E-23,0.075726114,-0.34076554,-2.5156395,-0.83492684,-1.55E-16,-3.43E-20,0.2522898,1.55E-21,0.000324175,0.6271425,1.01E-23,-0.001296588,-0.00102375,0.002828327,2.4626298,-2.3467348,3.18E-19,1.5861338,-2.39E-07,-1.77E-05,-0.010685435,-2.1827483,-2.65E-18,0.80027974,0.9470653
-5.69E-17,1.889801,0.000725662,-1.73693,-0.9452044,-0.85259914,3.85E-23,0.057153,-0.2539284,-1.8740602,-0.62111044,-7.44E-16,-2.72E-20,0.18825632,1.35E-21,0.000252239,0.4661778,9.13E-24,-0.001562663,-0.000830977,0.001966455,1.8348988,-1.7482297,2.50E-19,1.181144,-1.84E-07,-1.47E-05,-0.007991904,-1.6261212,-1.93E-18,0.59531343,0.7049186
-4.92E-17,1.6166801,0.000642525,-1.4863846,-0.8118148,-0.7326891,3.76E-23,0.049848944,-0.21998316,-1.6032596,-0.5349067,-1.10E-15,-2.45E-20,0.1634258,1.27E-21,0.000228126,0.4021814,8.72E-24,-0.001584337,-0.000785,0.001666101,1.5700086,-1.4962142,2.23E-19,1.0131444,-1.65E-07,-1.41E-05,-0.007154197,-1.3922067,-1.66E-18,0.5127599,0.60645425
-3.32E-17,0.8525385,0.00034964,-0.78223175,-0.42356122,-0.38180396,3.70E-23,0.026531957,-0.11321091,-0.84535354,-0.2775901,-1.37E-15,-1.75E-20,0.08426422,1.07E-21,0.000138634,0.2078161,7.84E-24,-0.001350283,-0.000511511,0.000708137,0.82775325,-0.7880801,1.57E-19,0.5307934,-9.82E-08,-9.72E-06,-0.00422911,-0.73252875,-9.79E-19,0.26626623,0.31577054
-1.23E-17,-0.16614449,-9.79E-05,0.15696567,0.09267432,0.081198394,3.86E-23,-0.001097713,0.023292396,0.16521701,0.0628573,-2.06E-15,-9.28E-21,-0.01601667,9.12E-22,8.27E-06,-0.049760174,7.28E-24,-0.003024409,-0.000142646,-0.00094414,-0.16072729,0.15491919,8.22E-20,-0.11000338,-6.71E-09,-3.96E-06,0.002058529,0.14481223,-8.36E-20,-0.060801506,-0.069200665
7.97E-18,-1.1870266,-0.000735794,1.1020464,0.6167099,0.5430368,4.73E-23,-0.022256684,0.15315029,1.1786163,0.40811148,-3.13E-15,-2.75E-21,-0.10974888,9.74E-22,-0.000169595,-0.31414926,8.25E-24,-0.009503403,0.000354945,-0.003634429,-1.1492532,1.0993894,3.11E-20,-0.75457364,1.05E-07,3.74E-06,0.014771819,1.0219939,8.29E-19,-0.394965,-0.45847166
-2.99E-18,-0.517792,-0.000343886,0.48320454,0.2734601,0.23893194,4.32E-23,-0.006996884,0.06616323,0.5143869,0.18145022,-2.74E-15,-6.67E-21,-0.046565186,9.67E-22,-5.62E-05,-0.14093158,7.90E-24,-0.006220575,2.35E-05,-0.002068179,-0.5006251,0.47987086,6.25E-20,-0.3316194,3.33E-08,-1.51E-06,0.007346285,0.44607615,3.25E-19,-0.1760335,-0.20287979
-4.62E-17,1.3369532,0.000493248,-1.2274183,-0.66567737,-0.6014381,4.05E-23,0.042319342,-0.18000606,-1.3255874,-0.43717307,-1.16E-15,-2.34E-20,0.13401514,1.31E-21,0.000185565,0.32751477,9.13E-24,-0.002389831,-0.000641694,0.001089949,1.2983176,-1.236407,2.19E-19,0.8334864,-1.38E-07,-1.18E-05,-0.004870846,-1.1498075,-1.50E-18,0.4186982,0.49653542
-6.34E-17,2.0046866,0.000827041,-1.8439153,-1.0045797,-0.90351033,3.92E-23,0.05893899,-0.26726595,-1.9880924,-0.6601183,-5.17E-16,-2.99E-20,0.19769448,1.43E-21,0.000282485,0.49658206,9.55E-24,-0.000246569,-0.000908509,0.002392436,1.9456605,-1.8542477,2.77E-19,1.2532289,-2.05E-07,-1.60E-05,-0.01036462,-1.7241094,-2.21E-18,0.63334376,0.7485522
-7.43E-17,2.4433846,0.000982859,-2.2479033,-1.2254479,-1.1026902,3.91E-23,0.07191233,-0.32708958,-2.4231768,-0.80571127,-8.19E-17,-3.44E-20,0.24194008,1.54E-21,0.000326163,0.6062811,1.00E-23,-0.000240829,-0.001025324,0.002944596,2.371401,-2.2601817,3.20E-19,1.5282459,-2.39E-07,-1.76E-05,-0.011783781,-2.1017237,-2.68E-18,0.7728604,0.91331875
-2.37E-17,0.42578697,0.000246206,-0.39036232,-0.21103545,-0.18810149,3.64E-23,0.012759561,-0.05407793,-0.42223322,-0.13792446,-1.69E-15,-1.36E-20,0.04026854,9.62E-22,0.000108378,0.10375613,7.32E-24,-0.000268529,-0.000429608,0.000412088,0.41303694,-0.39308137,1.21E-19,0.26413852,-7.15E-08,-8.52E-06,-0.004363698,-0.3646807,-6.01E-19,0.13302653,0.15704572
-1.56E-17,0.18512544,0.000146811,-0.16856997,-0.09068534,-0.080591366,3.61E-23,0.006500096,-0.023037415,-0.18354158,-0.059205066,-2.10E-15,-1.04E-20,0.017556697,8.80E-22,8.14E-05,0.04441559,6.95E-24,-0.00077857,-0.000368257,1.76E-05,0.17988478,-0.17079931,9.05E-20,0.11435441,-5.08E-08,-7.67E-06,-0.003007919,-0.15836188,-2.54E-19,0.057392053,0.067858994
-1.90E-17,0.51462555,0.000236356,-0.47148466,-0.2580421,-0.2337942,3.59E-23,0.018078335,-0.071482524,-0.5102895,-0.17069033,-2.24E-15,-1.20E-20,0.053888425,9.28E-22,0.000111178,0.12819202,7.14E-24,-0.00193646,-0.000475436,0.000219573,0.50065386,-0.47665042,1.06E-19,0.32317227,-7.47E-08,-9.42E-06,-0.002958987,-0.44395596,-3.89E-19,0.16374758,0.1939381
-3.60E-17,1.4741409,0.000591948,-1.355456,-0.7472763,-0.6774452,3.73E-23,0.049000166,-0.20842177,-1.4619317,-0.49606058,-2.38E-15,-1.99E-20,0.1558665,1.17E-21,0.000226763,0.37406257,8.29E-24,-0.00314795,-0.00085493,0.001263585,1.4334916,-1.3667157,1.81E-19,0.93092823,-1.62E-07,-1.57E-05,-0.005991738,-1.2739738,-1.08E-18,0.47513247,0.5612382
-2.93E-17,1.2798896,0.000476522,-1.1756712,-0.64818263,-0.59008586,3.72E-23,0.044648763,-0.18370005,-1.2691848,-0.43081564,-2.69E-15,-1.71E-20,0.13794677,1.10E-21,0.00019437,0.3241203,8.00E-24,-0.00423347,-0.000771885,0.000788973,1.2455399,-1.1872026,1.54E-19,0.8089846,-1.39E-07,-1.44E-05,-0.003802542,-1.107446,-7.68E-19,0.4120921,0.48777765
-2.03E-17,0.39934355,0.000175483,-0.36533713,-0.20059787,-0.1833291,3.80E-23,0.016221609,-0.058028802,-0.39583045,-0.13345277,-2.39E-15,-1.27E-20,0.04432529,1.00E-21,9.71E-05,0.09999569,7.61E-24,-0.002727676,-0.000439297,-6.81E-05,0.38915718,-0.37044507,1.16E-19,0.25175482,-6.88E-08,-8.96E-06,-0.001610089,-0.3455896,-3.80E-19,0.1276611,0.15156281
4.87E-18,-1.8479737,-0.001123323,1.7125047,0.9553712,0.84269965,5.31E-23,-0.037214454,0.23894787,1.8346782,0.63211054,-2.83E-15,-3.31E-21,-0.17216441,1.14E-21,-0.00028507,-0.48568955,9.36E-24,-0.012548161,0.000733509,-0.005116313,-1.7899003,1.7109789,4.93E-20,-1.1718446,1.70E-07,9.79E-06,0.022524947,1.5903938,8.88E-19,-0.6114518,-0.71094525
-4.45E-18,-1.2770305,-0.000757698,1.1841553,0.6618403,0.5836731,4.90E-23,-0.02577331,0.16641352,1.2678757,0.43862692,-2.33E-15,-6.24E-21,-0.11996123,1.11E-21,-0.000182091,-0.33766505,8.87E-24,-0.008809689,0.000445011,-0.003586738,-1.2367309,1.1825197,7.06E-20,-0.8106516,1.07E-07,5.19E-06,0.015015788,1.0991877,4.45E-19,-0.42424655,-0.49267578
3.82E-18,-1.2820235,-0.000847078,1.1909704,0.66795737,0.5858071,5.21E-23,-0.022768356,0.16394374,1.2731282,0.44224936,-2.98E-15,-4.91E-21,-0.117244646,1.14E-21,-0.00020077,-0.3415705,9.33E-24,-0.011250917,0.000463143,-0.004136787,-1.2407397,1.1872106,5.60E-20,-0.81563836,1.20E-07,5.39E-06,0.017737195,1.1031479,6.89E-19,-0.42880982,-0.49643433
-1.67E-17,-0.083419,-4.93E-05,0.08082688,0.052061766,0.045335982,4.11E-23,0.000306552,0.014045181,0.0831798,0.036753435,-1.86E-15,-1.15E-20,-0.009524572,1.01E-21,2.31E-05,-0.030281965,7.93E-24,-0.002515605,-0.000170915,-0.000753926,-0.08069512,0.078735165,1.03E-19,-0.0592596,-1.60E-08,-4.47E-06,0.000938751,0.07423092,-2.92E-19,-0.035731412,-0.039477773
-4.19E-18,-0.27804914,-0.000149878,0.26047647,0.14726348,0.12877679,3.97E-23,-0.002944492,0.035602357,0.27623647,0.09750008,-2.67E-15,-6.63E-21,-0.024714425,8.82E-22,-1.33E-06,-0.07569124,7.26E-24,-0.003895019,-0.000141261,-0.001243338,-0.26847237,0.2576723,5.93E-20,-0.17806539,2.17E-09,-4.16E-06,0.00294647,0.23947152,2.31E-19,-0.09434785,-0.108747184
-1.77E-17,0.3248573,0.000165079,-0.296683,-0.16155383,-0.14655015,3.64E-23,0.012151971,-0.04468388,-0.32204962,-0.106640816,-2.16E-15,-1.09E-20,0.033948142,9.16E-22,8.80E-05,0.07979295,7.11E-24,-0.001753193,-0.000390178,7.57E-06,0.31630456,-0.30078313,9.97E-20,0.20329374,-5.91E-08,-8.05E-06,-0.002247217,-0.28012717,-3.00E-19,0.1023785,0.12157536
-8.34E-18,-0.059447736,-3.02E-05,0.058125813,0.03371984,0.0272482,3.64E-23,0.00230722,0.005710177,0.059207242,0.022134788,-2.41E-15,-7.17E-21,-0.002928629,8.22E-22,2.99E-05,-0.018222906,6.71E-24,-0.002916826,-0.000228359,-0.000726738,-0.056222584,0.054755803,6.28E-20,-0.038183674,-1.87E-08,-5.51E-06,0.001007138,0.050260697,9.42E-20,-0.021638896,-0.02370144
-1.17E-17,-0.88526434,-0.00057402,0.8220971,0.45486474,0.39455712,4.73E-23,-0.01343164,0.106877625,0.87910825,0.29889432,-2.40E-15,-6.61E-21,-0.07585228,1.12E-21,-0.000128082,-0.23129807,8.73E-24,-0.00870752,0.000289844,-0.002947274,-0.85445654,0.8169666,8.57E-20,-0.55549526,6.62E-08,2.38E-06,0.013046097,0.7561562,3.30E-19,-0.2905026,-0.33562607
-1.31E-17,0.23566195,-7.44E-05,-0.21150158,-0.11835836,-0.12025353,3.96E-23,0.01854479,-0.04835347,-0.23312049,-0.08189711,-2.85E-15,-8.84E-21,0.0389294,9.90E-22,2.39E-05,0.058258962,7.63E-24,-0.007620872,-0.000238934,-0.001237162,0.23391683,-0.22170678,8.94E-20,0.15408054,-2.95E-08,-5.99E-06,0.006019561,-0.21105978,2.94E-20,0.075587235,0.09401383
-1.49E-17,0.768717,0.000100245,-0.7021883,-0.39120305,-0.36900428,3.75E-23,0.036553644,-0.12677565,-0.7618763,-0.2641357,-3.18E-15,-1.04E-20,0.0976174,9.85E-22,8.01E-05,0.19591571,7.46E-24,-0.008887969,-0.000451396,-0.000768455,0.7526548,-0.7166192,9.89E-20,0.49324283,-6.95E-08,-9.44E-06,0.005129349,-0.6731623,-1.10E-19,0.2498586,0.29978704
-1.79E-17,1.0129147,0.000289161,-0.9282376,-0.5109012,-0.46941152,3.42E-23,0.038413756,-0.14984906,-1.0043104,-0.34020028,-2.72E-15,-1.21E-20,0.113387644,9.13E-22,0.000130778,0.2545342,6.95E-24,-0.005689782,-0.000585607,0.000121039,0.98696375,-0.9400012,1.04E-19,0.6405143,-9.57E-08,-1.12E-05,4.39E-05,-0.8778607,-3.62E-19,0.3245141,0.3859589
-3.85E-17,1.6676208,0.000545787,-1.5312251,-0.8383135,-0.7631211,3.58E-23,0.05614981,-0.23544791,-1.6536236,-0.554541,-1.85E-15,-2.04E-20,0.17618352,1.15E-21,0.000204092,0.41564414,8.08E-24,-0.004880959,-0.0007651,0.001082237,1.621764,-1.545137,1.82E-19,1.0486734,-1.52E-07,-1.39E-05,-0.003157907,-1.440074,-1.21E-18,0.5301289,0.62899214
-6.48E-17,2.0435956,0.000781369,-1.8783599,-1.019255,-0.91793144,3.86E-23,0.060152188,-0.2711418,-2.0265698,-0.6682125,-1.03E-16,-3.00E-20,0.2005344,1.41E-21,0.000262457,0.5011819,9.40E-24,-0.000842655,-0.000825053,0.002261799,1.9833323,-1.8894339,2.77E-19,1.2742085,-1.93E-07,-1.44E-05,-0.008863846,-1.7564375,-2.28E-18,0.6406644,0.75880104
-6.31E-17,1.9519231,0.000746027,-1.793883,-0.9725609,-0.8757311,3.85E-23,0.05727403,-0.25822553,-1.935647,-0.6371916,-1.07E-16,-2.93E-20,0.19093132,1.39E-21,0.000251349,0.47769168,9.31E-24,-0.000784796,-0.000790031,0.002151445,1.894261,-1.8044481,2.69E-19,1.2162535,-1.85E-07,-1.38E-05,-0.008519454,-1.677247,-2.21E-18,0.6109385,0.7237952
-2.74E-17,0.3272799,0.000129578,-0.2978862,-0.15399344,-0.13809974,3.81E-23,0.010465243,-0.038423643,-0.3242727,-0.09795222,-1.23E-15,-1.47E-20,0.028770387,1.02E-21,6.99E-05,0.071541846,7.70E-24,-0.001295646,-0.000282451,-2.43E-07,0.31715685,-0.3006922,1.34E-19,0.1968815,-5.03E-08,-5.96E-06,-0.001691146,-0.27793038,-7.09E-19,0.09403847,0.11321812
-1.26E-17,-0.50703263,-0.000245201,0.47115678,0.26869196,0.24068107,3.90E-23,-0.011795876,0.07276113,0.50341,0.18078434,-1.68E-15,-8.82E-21,-0.05280837,9.01E-22,-3.99E-05,-0.13946374,7.24E-24,-0.00282493,2.94E-05,-0.001377606,-0.49242878,0.4715467,7.88E-20,-0.32773682,2.46E-08,-1.04E-06,0.0038745,0.44050872,-4.63E-20,-0.1738115,-0.20194781
-1.01E-17,-0.4759664,-0.00022757,0.44239694,0.2512533,0.22465408,3.84E-23,-0.010392235,0.06708016,0.4725663,0.16845667,-1.95E-15,-7.87E-21,-0.04844285,8.70E-22,-3.24E-05,-0.12975708,7.07E-24,-0.003000685,-9.12E-06,-0.00135381,-0.4619528,0.44231808,7.01E-20,-0.3066606,2.03E-08,-1.72E-06,0.003671389,0.41290092,5.96E-20,-0.16198263,-0.18833983
-4.52E-17,1.2450683,0.000461594,-1.143058,-0.6186105,-0.5582141,3.78E-23,0.03859757,-0.16603065,-1.2345362,-0.40538406,-8.98E-16,-2.22E-20,0.12342174,1.21E-21,0.000170442,0.3034088,8.49E-24,-0.001831585,-0.000586088,0.001078601,1.2086794,-1.1509581,2.04E-19,0.7749978,-1.27E-07,-1.07E-05,-0.004683813,-1.0698595,-1.45E-18,0.3884791,0.46085948
-5.58E-17,1.9873321,0.000752301,-1.8266026,-0.99578786,-0.89916277,3.80E-23,0.061098844,-0.26932716,-1.9707837,-0.65538573,-9.75E-16,-2.68E-20,0.19996212,1.34E-21,0.000262681,0.4922411,9.06E-24,-0.002122912,-0.000877117,0.001994542,1.9300903,-1.8390722,2.48E-19,1.2439063,-1.92E-07,-1.55E-05,-0.007888667,-1.7112184,-1.88E-18,0.6280239,0.7434529
