Fc_real,Fd_real,Fe_real,Fc_pre,Fd_pre,Fe_pre
0.342347215,0.340183883,0.317468902,0.270616549,0.277934018,0.281449432
0.200108167,0.479177934,0.320713899,0.062736614,0.554191455,0.383071931
0.145484045,0.481341266,0.373174689,0.049756625,0.620173067,0.330070308
0.110870741,0.434288805,0.454840454,0.045429962,0.608815576,0.345754462
0.084910763,0.375338021,0.539751217,0.032990806,0.595835587,0.371173607
0.077339102,0.305029746,0.617631152,0.03190914,0.569875608,0.398215251
0.06760411,0.243374797,0.689021092,0.034613304,0.528772309,0.436614386
0.062195782,0.197404002,0.740400216,0.041644132,0.416333153,0.542022715
0.059491617,0.159004867,0.781503515,0.040562466,0.406598161,0.552839373
0.060573283,0.124391563,0.815035154,0.050838291,0.384964846,0.564196863
0.062736614,0.105462412,0.831800973,0.055164954,0.379556517,0.565278529
0.06381828,0.08436993,0.85181179,0.06381828,0.361709032,0.574472688
0.062736614,0.061654949,0.875608437,0.064899946,0.35197404,0.583126014
0.060573283,0.055705787,0.88372093,0.06381828,0.347106544,0.589075176
0.062736614,0.038939968,0.898323418,0.063277447,0.343320714,0.593401839
0.064359113,0.030827474,0.904813413,0.070308275,0.337371552,0.592320173
0.065981612,0.026500811,0.907517577,0.072471606,0.235749054,0.69177934
0.068144943,0.02433748,0.907517577,0.075716604,0.234126555,0.690156842
0.075175771,0.023796647,0.901027582,0.082206598,0.228177393,0.689616009
0.076798269,0.023796647,0.899405084,0.087074094,0.126014062,0.786911844
0.076798269,0.027041644,0.896160087,0.08436993,0.132504056,0.783126014
0.075716604,0.030286641,0.893996755,0.083829097,0.133585722,0.782585181
0.074094105,0.032449973,0.893455922,0.078961601,0.136830719,0.78420768
0.076257436,0.03569497,0.888047593,0.080043267,0.142239048,0.777717685
0.079502434,0.040021633,0.880475933,0.086533261,0.136830719,0.776636019
0.082206598,0.043266631,0.874526771,0.085992428,0.137912385,0.776095187
0.081665765,0.048674959,0.869659275,0.083288264,0.142779881,0.773931855
0.082206598,0.05246079,0.865332612,0.082206598,0.143861547,0.773931855
0.085992428,0.045429962,0.86857761,0.089237426,0.141157382,0.769605192
0.085451595,0.043266631,0.871281774,0.090859924,0.141157382,0.767982693
0.081665765,0.044889129,0.873445105,0.085992428,0.141698215,0.772309356
0.093023256,0.040562466,0.866414278,0.093564089,0.138994051,0.76744186
0.094104922,0.045429962,0.860465116,0.095186587,0.134126555,0.770686858
0.09572742,0.047052461,0.857220119,0.098431585,0.138994051,0.762574365
0.103839913,0.045970795,0.850189292,0.102758248,0.137371552,0.7598702
0.101135749,0.049215792,0.849648459,0.102217415,0.140616549,0.757166036
0.107084911,0.048134127,0.844780963,0.109789075,0.139534884,0.750676041
0.111952407,0.053001622,0.835045971,0.109789075,0.138994051,0.751216874
0.115197404,0.054083288,0.830719308,0.118442401,0.135749054,0.745808545
0.121146566,0.055164954,0.82368848,0.120605733,0.140075717,0.739318551
0.121146566,0.065981612,0.812871823,0.119524067,0.139534884,0.740941049
0.12763656,0.060573283,0.811790157,0.13142239,0.136830719,0.73174689
0.136830719,0.060573283,0.802595998,0.139534884,0.137912385,0.722552731
0.141157382,0.06003245,0.798810168,0.143861547,0.132504056,0.723634397
0.144943213,0.065981612,0.789075176,0.14440238,0.130340725,0.725256896
0.154678204,0.065440779,0.779881017,0.156300703,0.132504056,0.711195241
0.156300703,0.066522445,0.777176852,0.162790698,0.126014062,0.711195241
0.160086533,0.074094105,0.765819362,0.159004867,0.129799892,0.711195241
0.160627366,0.078961601,0.760411033,0.161709032,0.130340725,0.707950243
0.166576528,0.074634938,0.758788534,0.173607355,0.127095727,0.699296917
0.170903191,0.076257436,0.752839373,0.180638183,0.128177393,0.691184424
0.178474851,0.075716604,0.745808545,0.194159005,0.120605733,0.685235262
0.179556517,0.0805841,0.739859383,0.192536506,0.127095727,0.680367766
0.18009735,0.089778259,0.730124392,0.188209843,0.133585722,0.678204435
0.188209843,0.083288264,0.728501893,0.192536506,0.13142239,0.676041103
0.194159005,0.084910763,0.720930233,0.198485668,0.133585722,0.66792861
0.203353164,0.08815576,0.708491076,0.206598161,0.132504056,0.660897783
0.21579232,0.083288264,0.700919416,0.21957815,0.133044889,0.647376961
0.220659816,0.084910763,0.694429421,0.226608978,0.130881558,0.642509465
0.229853975,0.078961601,0.691184424,0.236884803,0.133044889,0.630070308
0.242833964,0.078420768,0.678745268,0.25148729,0.130881558,0.617631152
0.253109789,0.078961601,0.66792861,0.260681449,0.133585722,0.605732829
0.268793943,0.076257436,0.654948621,0.276365603,0.129799892,0.593834505
0.277447269,0.078961601,0.64359113,0.288804759,0.12385073,0.587344511
0.288263926,0.087614927,0.624121147,0.30016225,0.122228231,0.577609519
0.300703083,0.087074094,0.612222823,0.319632234,0.126014062,0.554353705
0.306652244,0.086533261,0.606814494,0.331530557,0.116819903,0.55164954
0.316387236,0.089778259,0.593834505,0.349918875,0.1200649,0.530016225
0.32828556,0.094645754,0.577068686,0.357490535,0.117360736,0.525148729
0.329367226,0.108166577,0.562466198,0.353163872,0.129799892,0.517036236
0.329367226,0.117901568,0.552731206,0.362898864,0.126014062,0.511087074
0.320713899,0.137371552,0.541914548,0.34342888,0.13142239,0.525148729
0.317468902,0.149810708,0.532720389,0.341265549,0.134126555,0.524607896
0.315305571,0.152514873,0.532179557,0.346673878,0.128718226,0.524607896
0.321254732,0.153055706,0.525689562,0.342347215,0.130881558,0.526771228
0.332612223,0.150351541,0.517036236,0.357490535,0.128718226,0.513791239
0.334234721,0.161168199,0.50459708,0.35640887,0.145484045,0.498107085
0.341806382,0.167658194,0.490535425,0.366143862,0.152514873,0.481341266
0.342347215,0.168739859,0.488912926,0.354245538,0.135749054,0.510005408
0.352623039,0.17252569,0.474851271,0.357490535,0.150892374,0.49161709
0.350459708,0.181719849,0.467820443,0.358031368,0.15197404,0.489994592
0.354786371,0.184964846,0.460248783,0.365062196,0.15575987,0.479177934
0.3601947,0.187128177,0.452677123,0.36776636,0.157923202,0.474310438
0.367225527,0.186587345,0.446187128,0.378583018,0.154678204,0.466738778
0.368307193,0.197404002,0.434288805,0.373174689,0.163872363,0.462952948
0.369929692,0.20443483,0.425635479,0.378583018,0.153596539,0.467820443
0.378583018,0.202812331,0.418604651,0.390481341,0.164954029,0.44456463
0.380746349,0.206057328,0.413196322,0.390481341,0.159004867,0.450513791
0.381828015,0.205516495,0.412655489,0.382368848,0.175770687,0.441860465
0.394808004,0.198485668,0.406706328,0.398053002,0.174148188,0.42779881
0.396430503,0.193077339,0.410492158,0.402920498,0.171444024,0.425635479
0.404002163,0.191995673,0.404002163,0.406165495,0.160086533,0.433747972
0.404002163,0.198485668,0.397512169,0.407247161,0.161709032,0.431043807
0.417522985,0.187128177,0.395348837,0.428339643,0.154678204,0.416982153
0.430502975,0.18766901,0.381828015,0.441319632,0.157923202,0.400757166
0.42779881,0.194699838,0.377501352,0.428339643,0.150892374,0.420767983
0.43158464,0.190373175,0.378042185,0.436452136,0.148729043,0.414818821
0.435370471,0.190373175,0.374256355,0.446727961,0.143320714,0.409951325
0.438615468,0.193077339,0.368307193,0.450513791,0.133585722,0.415900487
0.433207139,0.196322336,0.370470525,0.455381287,0.138453218,0.406165495
0.424553813,0.202271498,0.373174689,0.440778799,0.137912385,0.421308816
0.42779881,0.199567334,0.372633856,0.449432125,0.130340725,0.42022715
0.427257977,0.197944835,0.374797188,0.454840454,0.129799892,0.415359654
0.438615468,0.188750676,0.372633856,0.468902109,0.118442401,0.412655489
0.421849648,0.209302326,0.368848026,0.445105462,0.126554895,0.428339643
0.419145484,0.216333153,0.364521363,0.431043807,0.12763656,0.441319632
0.3996755,0.237425635,0.362898864,0.408328826,0.146565711,0.445105462
0.394267171,0.24391563,0.361817198,0.404002163,0.147106544,0.448891293
0.385073012,0.243374797,0.37155219,0.3996755,0.142779881,0.457544619
0.38831801,0.239048134,0.372633856,0.397512169,0.151433207,0.451054624
0.383450514,0.242833964,0.373715522,0.38831801,0.154678204,0.457003786
0.364521363,0.262844781,0.372633856,0.368848026,0.173066522,0.458085452
0.358572201,0.266630611,0.374797188,0.361817198,0.186046512,0.45213629
0.346673878,0.266089778,0.387236344,0.342347215,0.191995673,0.465657112
0.334775554,0.266630611,0.398593835,0.339102217,0.180638183,0.4802596
0.323418064,0.262844781,0.413737155,0.320713899,0.170903191,0.50838291
0.315305571,0.273120606,0.411573824,0.315846403,0.18009735,0.504056247
0.312060573,0.269334776,0.418604651,0.323418064,0.181719849,0.494862088
0.302325581,0.26446728,0.433207139,0.314223905,0.178474851,0.507301244
0.301784749,0.253650622,0.44456463,0.310978908,0.167117361,0.521903732
0.297458085,0.246078962,0.456462953,0.306111412,0.1595457,0.534342888
0.287723094,0.247160627,0.465116279,0.293131422,0.154678204,0.552190373
0.284478096,0.241752299,0.473769605,0.290427258,0.141698215,0.567874527
0.273120606,0.244997296,0.481882098,0.270957274,0.141157382,0.587885343
0.273120606,0.228772309,0.498107085,0.285018929,0.139534884,0.575446187
0.265548945,0.225527312,0.508923743,0.277447269,0.143861547,0.578691184
0.259058951,0.231476474,0.509464575,0.270416441,0.153596539,0.57598702
0.252568956,0.223363981,0.524067063,0.269875608,0.149269876,0.580854516
0.255813953,0.213088156,0.531097891,0.269875608,0.14440238,0.585722012
0.255273121,0.210383991,0.534342888,0.269875608,0.139534884,0.590589508
0.24770146,0.21200649,0.54029205,0.248242293,0.145484045,0.606273661
0.244456463,0.208761493,0.546782044,0.236884803,0.129799892,0.633315306
0.237966468,0.209843158,0.552190373,0.234721471,0.130340725,0.634937804
0.240670633,0.206057328,0.553272039,0.23634397,0.135208221,0.62844781
0.228231476,0.216333153,0.55543537,0.222823148,0.13142239,0.645754462
0.225527312,0.210924824,0.563547864,0.216873986,0.142239048,0.640886966
0.217414819,0.213088156,0.569497025,0.214710654,0.142779881,0.642509465
0.21200649,0.214169822,0.573823688,0.206598161,0.156841536,0.636560303
0.214169822,0.197404002,0.588426176,0.209302326,0.143320714,0.647376961
0.214169822,0.196322336,0.589507842,0.207679827,0.14440238,0.647917793
0.211465657,0.189832342,0.598702001,0.204975663,0.142239048,0.652785289
0.205516495,0.189832342,0.604651163,0.194159005,0.14440238,0.661438615
0.203353164,0.192536506,0.60411033,0.184424013,0.152514873,0.663061114
0.194699838,0.199026501,0.606273661,0.171984857,0.163331531,0.664683613
0.193618172,0.194159005,0.612222823,0.180638183,0.169821525,0.649540292
0.189291509,0.188750676,0.621957815,0.17252569,0.171444024,0.656030287
0.188750676,0.192536506,0.618712818,0.164413196,0.178474851,0.657111952
0.189832342,0.17631152,0.633856138,0.170362358,0.177934018,0.651703624
0.191995673,0.162249865,0.645754462,0.169821525,0.169821525,0.66035695
0.200648999,0.15197404,0.647376961,0.184424013,0.165494862,0.650081125
0.215251487,0.135208221,0.649540292,0.204975663,0.161168199,0.633856138
0.220659816,0.134667388,0.644672796,0.211465657,0.153596539,0.634937804
0.229313142,0.127095727,0.64359113,0.218496485,0.149810708,0.631692807
0.242833964,0.122228231,0.634937804,0.239588967,0.146565711,0.613845322
0.236884803,0.136289886,0.626825311,0.227149811,0.149810708,0.623039481
0.246619794,0.142239048,0.611141157,0.236884803,0.1595457,0.603569497
0.248242293,0.135749054,0.616008653,0.241752299,0.149810708,0.608436993
0.260681449,0.130881558,0.608436993,0.259058951,0.147106544,0.593834505
0.269334776,0.13142239,0.599242834,0.262303948,0.141157382,0.59653867
0.288263926,0.122228231,0.589507842,0.278528935,0.134667388,0.586803678
0.30394808,0.114115738,0.581936182,0.305029746,0.123309897,0.571660357
0.308274743,0.121687399,0.570037858,0.302325581,0.136830719,0.560843699
0.30773391,0.126014062,0.566252028,0.312060573,0.135749054,0.552190373
0.313142239,0.122228231,0.564629529,0.316928069,0.133585722,0.549486209
0.320713899,0.118983234,0.560302866,0.323958897,0.132504056,0.543537047
0.334234721,0.106544078,0.559221201,0.342347215,0.123309897,0.534342888
0.346673878,0.098431585,0.554894538,0.354245538,0.125473229,0.520281233
0.353704705,0.100054083,0.546241211,0.37155219,0.123309897,0.505137912
0.352623039,0.108707409,0.538669551,0.362358031,0.133044889,0.50459708
0.364521363,0.115197404,0.520281233,0.374256355,0.134667388,0.491076257
0.376960519,0.109248242,0.513791239,0.382909681,0.134667388,0.482422931
0.381287182,0.109248242,0.509464575,0.387236344,0.132504056,0.4802596
0.383991347,0.118983234,0.497025419,0.386695511,0.13142239,0.481882098
0.390481341,0.12385073,0.485667929,0.387777177,0.141157382,0.471065441
0.397512169,0.117901568,0.484586263,0.396430503,0.133585722,0.469983775
0.400757166,0.11249324,0.486749594,0.404002163,0.134126555,0.461871282
0.396971336,0.122769064,0.4802596,0.386695511,0.139534884,0.473769605
0.405083829,0.118983234,0.475932937,0.398593835,0.126554895,0.474851271
0.408328826,0.126014062,0.465657112,0.401297999,0.122769064,0.475932937
0.413737155,0.12763656,0.458626284,0.414818821,0.122228231,0.462952948
0.426717144,0.141698215,0.43158464,0.429421309,0.131963223,0.438615468
0.433747972,0.144943213,0.421308816,0.431043807,0.139534884,0.429421309
0.438615468,0.147647377,0.413737155,0.428880476,0.155219037,0.415900487
0.452677123,0.150892374,0.396430503,0.441319632,0.146565711,0.412114657
0.45970795,0.149810708,0.390481341,0.459167117,0.135208221,0.405624662
0.467279611,0.153055706,0.379664684,0.464034613,0.14440238,0.391563007
0.470524608,0.154678204,0.374797188,0.473769605,0.139534884,0.386695511
0.483504597,0.143320714,0.373174689,0.481882098,0.135208221,0.382909681
0.491076257,0.146024878,0.362898864,0.500811249,0.136830719,0.362358031
0.506219578,0.134126555,0.359653867,0.518117902,0.121146566,0.360735533
0.513791239,0.136289886,0.349918875,0.526771228,0.110870741,0.362358031
0.51216874,0.137912385,0.349918875,0.526771228,0.107625744,0.365603029
0.524067063,0.131963223,0.343969713,0.540832883,0.094645754,0.364521363
0.535424554,0.133585722,0.330989724,0.555976203,0.107625744,0.336398053
0.535424554,0.137371552,0.327203894,0.559762034,0.093564089,0.346673878
0.55164954,0.137371552,0.310978908,0.57220119,0.090859924,0.336938886
0.553272039,0.137912385,0.308815576,0.57977285,0.09194159,0.32828556
0.555976203,0.146565711,0.297458085,0.582477015,0.097349919,0.320173067
0.546782044,0.164413196,0.288804759,0.566252028,0.098431585,0.335316387
0.535965387,0.176852353,0.287182261,0.55543537,0.097890752,0.346673878
0.538128718,0.167658194,0.294213088,0.557057869,0.106544078,0.336398053
0.532179557,0.17252569,0.295294754,0.554894538,0.107625744,0.337479719
0.535965387,0.167117361,0.296917253,0.559762034,0.107625744,0.332612223
0.54407788,0.146565711,0.309356409,0.57598702,0.09951325,0.32449973
0.540832883,0.154137372,0.305029746,0.570578691,0.097890752,0.331530557
0.535424554,0.155219037,0.309356409,0.571119524,0.091400757,0.337479719
0.53650622,0.150892374,0.312601406,0.567874527,0.09572742,0.336398053
0.527312061,0.167658194,0.305029746,0.55164954,0.111952407,0.336398053
0.51595457,0.179556517,0.304488913,0.531638724,0.11249324,0.355868037
0.505137912,0.19145484,0.303407247,0.518117902,0.115197404,0.366684694
0.502433748,0.195781504,0.301784749,0.518117902,0.115197404,0.366684694
0.485127096,0.210383991,0.304488913,0.507842077,0.12763656,0.364521363
0.477555435,0.216333153,0.306111412,0.505678745,0.130881558,0.363439697
0.462412115,0.230935641,0.306652244,0.488912926,0.156300703,0.354786371
0.45592212,0.24391563,0.30016225,0.485667929,0.161709032,0.352623039
0.451054624,0.247160627,0.301784749,0.467820443,0.152514873,0.379664684
0.436452136,0.257977285,0.305570579,0.455381287,0.166035695,0.378583018
0.426717144,0.261222282,0.312060573,0.447809627,0.171444024,0.380746349
0.421308816,0.257436452,0.321254732,0.435911303,0.170903191,0.393185506
0.420767983,0.255273121,0.323958897,0.44456463,0.160627366,0.394808004
0.408328826,0.259058951,0.332612223,0.43158464,0.158464035,0.409951325
0.406706328,0.263385614,0.329908058,0.421308816,0.160627366,0.418063818
0.38831801,0.270957274,0.340724716,0.402379665,0.159004867,0.438615468
0.382368848,0.273661439,0.343969713,0.401838832,0.161168199,0.436992969
0.375878853,0.277988102,0.346133045,0.394808004,0.156841536,0.44835046
0.376960519,0.277447269,0.345592212,0.399134667,0.15575987,0.445105462
0.369388859,0.276906436,0.353704705,0.394808004,0.154137372,0.451054624
0.362358031,0.272579773,0.365062196,0.387236344,0.14818821,0.464575446
0.349918875,0.274202271,0.375878853,0.368848026,0.149810708,0.481341266
0.338561385,0.275283937,0.386154678,0.351541374,0.147106544,0.501352082
0.326122228,0.277447269,0.396430503,0.33585722,0.149810708,0.514332071
0.315846403,0.286100595,0.398053002,0.306652244,0.164413196,0.528934559
0.315846403,0.279069767,0.405083829,0.30394808,0.169280692,0.526771228
0.312060573,0.282314765,0.405624662,0.30773391,0.167658194,0.524607896
0.306652244,0.280692266,0.412655489,0.301784749,0.169821525,0.528393726
0.30773391,0.281773932,0.410492158,0.299621417,0.175770687,0.524607896
0.302866414,0.284478096,0.412655489,0.297998918,0.18009735,0.521903732
0.297998918,0.284478096,0.417522985,0.30016225,0.181719849,0.518117902
0.294213088,0.286100595,0.419686317,0.294753921,0.18766901,0.517577069
0.296917253,0.282855598,0.42022715,0.297998918,0.178474851,0.52352623
0.285559762,0.283396431,0.431043807,0.274743104,0.200648999,0.524607896
0.274743104,0.293672255,0.43158464,0.280692266,0.199567334,0.5197404
0.263385614,0.302866414,0.433747972,0.258518118,0.209843158,0.531638724
0.262303948,0.289345592,0.44835046,0.255273121,0.220659816,0.524067063
0.270416441,0.27582477,0.453758789,0.262844781,0.215251487,0.521903732
0.274202271,0.255273121,0.470524608,0.266089778,0.208761493,0.525148729
0.279069767,0.24391563,0.477014602,0.276906436,0.195781504,0.527312061
0.286641428,0.235262304,0.478096268,0.286100595,0.188750676,0.525148729
0.288263926,0.222282315,0.489453759,0.290427258,0.171984857,0.537587885
0.288263926,0.214710654,0.497025419,0.291508924,0.157923202,0.550567875
0.289886425,0.217414819,0.492698756,0.29259059,0.159004867,0.548404543
0.279069767,0.214710654,0.506219578,0.282314765,0.143320714,0.574364521
0.271498107,0.208761493,0.5197404,0.274743104,0.150351541,0.574905354
0.269334776,0.199026501,0.531638724,0.266630611,0.154678204,0.578691184
0.255813953,0.201189832,0.542996214,0.261763115,0.141698215,0.59653867
0.244997296,0.209302326,0.545700379,0.253650622,0.147106544,0.599242834
0.234180638,0.209843158,0.555976203,0.23255814,0.160627366,0.606814494
0.222823148,0.217414819,0.559762034,0.220659816,0.174689021,0.604651163
0.224445646,0.206598161,0.568956193,0.221200649,0.176852353,0.601946998
0.217955652,0.202812331,0.579232017,0.20822066,0.174689021,0.617090319
0.211465657,0.201730665,0.586803678,0.199026501,0.179015684,0.621957815
0.210383991,0.197944835,0.591671174,0.202812331,0.179556517,0.617631152
0.207138994,0.205516495,0.587344511,0.203353164,0.186046512,0.610600324
0.209843158,0.197404002,0.592752839,0.213628989,0.175229854,0.611141157
0.20443483,0.20443483,0.591130341,0.190373175,0.177934018,0.631692807
0.196863169,0.213628989,0.589507842,0.180638183,0.189291509,0.630070308
0.195781504,0.216333153,0.587885343,0.181179016,0.17631152,0.642509465
0.194159005,0.207138994,0.598702001,0.184964846,0.183342347,0.631692807
0.190373175,0.206598161,0.603028664,0.176852353,0.189832342,0.633315306
0.190914008,0.199567334,0.609518659,0.17631152,0.196322336,0.627366144
0.19145484,0.196322336,0.612222823,0.179015684,0.203893997,0.617090319
0.184424013,0.199026501,0.616549486,0.182260681,0.204975663,0.612763656
0.18388318,0.187128177,0.628988643,0.18009735,0.198485668,0.621416982
0.18388318,0.179015684,0.637101136,0.176852353,0.202271498,0.620876149
0.175770687,0.186587345,0.637641969,0.156300703,0.215251487,0.62844781
0.179015684,0.179015684,0.641968632,0.162249865,0.208761493,0.628988643
0.177934018,0.165494862,0.65657112,0.166035695,0.203353164,0.630611141
0.18388318,0.161168199,0.654948621,0.17252569,0.188750676,0.638723634
0.181719849,0.151433207,0.666846944,0.166576528,0.182260681,0.651162791
0.18009735,0.134126555,0.685776095,0.17252569,0.167117361,0.66035695
0.184964846,0.136830719,0.678204435,0.17252569,0.167117361,0.66035695
0.185505679,0.139534884,0.674959438,0.175770687,0.159004867,0.665224446
0.18766901,0.138453218,0.673877772,0.178474851,0.167658194,0.653866955
0.19145484,0.13142239,0.677122769,0.187128177,0.164954029,0.647917793
0.189832342,0.130881558,0.679286101,0.185505679,0.166035695,0.648458626
0.194699838,0.122228231,0.683071931,0.196322336,0.169280692,0.634396971
0.200108167,0.118442401,0.681449432,0.192536506,0.168739859,0.638723634
0.204975663,0.11249324,0.682531098,0.198485668,0.156300703,0.645213629
0.215251487,0.103299081,0.681449432,0.214169822,0.147647377,0.638182802
0.21579232,0.115738237,0.668469443,0.212547323,0.154678204,0.632774473
0.218496485,0.11627907,0.665224446,0.219037317,0.156300703,0.624661979
0.227149811,0.103839913,0.669010276,0.229853975,0.135208221,0.634937804
0.240670633,0.100054083,0.659275284,0.238507301,0.141157382,0.620335316
0.248783126,0.101135749,0.650081125,0.253109789,0.136830719,0.610059492
0.26825311,0.092482423,0.639264467,0.280692266,0.130881558,0.588426176
0.281773932,0.093023256,0.625202812,0.291508924,0.128718226,0.57977285
0.290968091,0.096268253,0.612763656,0.305029746,0.12763656,0.567333694
0.306111412,0.096268253,0.597620335,0.320713899,0.130340725,0.548945376
0.30773391,0.102758248,0.589507842,0.320173067,0.127095727,0.552731206
0.310978908,0.118442401,0.570578691,0.327744727,0.130881558,0.541373716
0.329908058,0.120605733,0.549486209,0.351000541,0.123309897,0.525689562
0.337479719,0.13142239,0.531097891,0.353704705,0.124932396,0.521362899
0.338561385,0.147106544,0.514332071,0.35640887,0.133044889,0.510546241
0.33964305,0.167117361,0.493239589,0.358031368,0.133585722,0.50838291
0.340724716,0.177393186,0.481882098,0.3601947,0.147647377,0.492157923
0.342888048,0.188750676,0.468361276,0.351000541,0.15197404,0.497025419
0.341806382,0.195781504,0.462412115,0.358031368,0.159004867,0.482963764
0.340724716,0.212547323,0.446727961,0.347755544,0.168199027,0.48404543
0.340183883,0.219037317,0.440778799,0.347755544,0.173607355,0.478637101
0.345051379,0.220118983,0.434829638,0.367225527,0.170362358,0.462412115
0.341806382,0.231476474,0.426717144,0.351000541,0.174148188,0.474851271
0.342888048,0.241752299,0.415359654,0.345592212,0.185505679,0.468902109
0.330989724,0.255273121,0.413737155,0.323418064,0.190914008,0.485667929
0.326122228,0.259599784,0.414277988,0.327203894,0.213088156,0.45970795
0.326663061,0.261763115,0.411573824,0.340183883,0.223904813,0.435911303
0.32449973,0.27203894,0.40346133,0.339102217,0.222823148,0.438074635
0.336398053,0.265008112,0.398593835,0.352082207,0.221741482,0.426176312
0.340724716,0.260681449,0.398593835,0.36398053,0.21957815,0.41644132
0.340724716,0.265548945,0.393726339,0.366143862,0.233098972,0.400757166
0.33207139,0.281233099,0.386695511,0.348296376,0.233098972,0.418604651
0.334234721,0.281773932,0.383991347,0.357490535,0.249323959,0.393185506
0.338561385,0.284478096,0.376960519,0.36776636,0.244456463,0.387777177
0.334234721,0.289886425,0.375878853,0.3601947,0.241211466,0.398593835
0.326663061,0.290968091,0.382368848,0.355327204,0.235262304,0.409410492
0.320173067,0.295835587,0.383991347,0.350459708,0.235262304,0.414277988
0.318550568,0.293672255,0.387777177,0.348837209,0.233639805,0.417522985
0.304488913,0.306652244,0.388858843,0.330448891,0.233639805,0.435911303
0.302325581,0.297998918,0.3996755,0.323958897,0.233098972,0.442942131
0.293672255,0.30394808,0.402379665,0.307193077,0.215251487,0.477555435
0.286641428,0.306652244,0.406706328,0.295835587,0.219037317,0.485127096
0.276365603,0.309356409,0.414277988,0.27582477,0.23255814,0.49161709
0.273661439,0.308815576,0.417522985,0.281773932,0.2401298,0.478096268
0.274202271,0.303407247,0.422390481,0.283396431,0.24391563,0.472687939
0.267712277,0.304488913,0.42779881,0.274202271,0.265548945,0.460248783
0.270416441,0.305570579,0.42401298,0.269334776,0.253109789,0.477555435
0.270957274,0.302866414,0.426176312,0.268793943,0.246078962,0.485127096
0.26446728,0.305029746,0.430502975,0.260681449,0.244456463,0.494862088
0.263385614,0.295294754,0.441319632,0.258518118,0.229313142,0.51216874
0.256895619,0.29637642,0.446727961,0.253109789,0.237425635,0.509464575
0.257436452,0.286641428,0.45592212,0.249864792,0.223363981,0.526771228
0.250405625,0.283396431,0.466197945,0.239048134,0.218496485,0.542455381
0.248242293,0.269875608,0.481882098,0.240670633,0.214710654,0.544618713
0.250946458,0.25148729,0.497566252,0.239588967,0.193077339,0.567333694
0.242293131,0.2401298,0.517577069,0.233098972,0.177934018,0.588967009
0.237966468,0.237966468,0.524067063,0.223904813,0.175770687,0.6003245
0.2401298,0.231476474,0.528393726,0.227690644,0.171444024,0.600865333
0.246619794,0.222823148,0.530557058,0.234180638,0.159004867,0.606814494
0.248783126,0.221200649,0.530016225,0.23634397,0.158464035,0.605191996
0.240670633,0.217414819,0.541914548,0.226608978,0.158464035,0.614926988
0.248783126,0.204975663,0.546241211,0.233098972,0.142779881,0.624121147
0.243374797,0.203893997,0.552731206,0.226608978,0.140075717,0.633315306
0.2401298,0.206598161,0.553272039,0.217955652,0.137912385,0.644131963
0.23255814,0.207679827,0.559762034,0.207679827,0.140616549,0.651703624
0.239048134,0.191995673,0.568956193,0.221741482,0.130340725,0.647917793
0.242833964,0.190373175,0.566792861,0.227690644,0.133044889,0.639264467
0.247160627,0.181719849,0.571119524,0.233098972,0.124391563,0.642509465
0.263926447,0.158464035,0.577609519,0.256895619,0.102217415,0.640886966
0.267171444,0.157923202,0.574905354,0.254732288,0.093023256,0.652244456
0.279069767,0.142239048,0.578691184,0.259599784,0.081124932,0.659275284
0.284478096,0.134667388,0.580854516,0.280692266,0.074634938,0.644672796
0.302325581,0.126554895,0.571119524,0.295294754,0.065440779,0.639264467
0.297998918,0.128718226,0.573282856,0.295294754,0.071930773,0.632774473
0.307193077,0.122769064,0.570037858,0.312601406,0.066522445,0.620876149
0.314764738,0.126014062,0.559221201,0.325581395,0.072471606,0.601946998
0.321795565,0.129799892,0.548404543,0.32828556,0.068685776,0.603028664
0.328826393,0.130881558,0.54029205,0.32828556,0.071930773,0.599783667
0.323958897,0.142779881,0.533261222,0.318550568,0.079502434,0.601946998
0.318009735,0.146565711,0.535424554,0.320713899,0.094645754,0.584640346
0.314223905,0.14818821,0.537587885,0.325040562,0.098972418,0.57598702
0.314223905,0.147106544,0.538669551,0.321795565,0.102758248,0.575446187
0.321254732,0.141157382,0.537587885,0.327203894,0.102217415,0.570578691
0.323958897,0.138994051,0.537047052,0.326122228,0.11249324,0.561384532
0.320713899,0.145484045,0.533802055,0.326122228,0.123309897,0.550567875
0.32828556,0.140616549,0.531097891,0.337479719,0.121687399,0.540832883
0.32828556,0.143861547,0.527852893,0.331530557,0.132504056,0.535965387
0.323958897,0.148729043,0.527312061,0.325581395,0.135208221,0.539210384
0.336398053,0.140616549,0.522985398,0.341265549,0.131963223,0.526771228
0.325581395,0.14818821,0.526230395,0.330989724,0.136289886,0.532720389
0.332612223,0.144943213,0.522444565,0.34342888,0.136830719,0.5197404
0.331530557,0.148729043,0.5197404,0.343969713,0.139534884,0.516495403
0.325581395,0.159004867,0.515413737,0.334234721,0.15197404,0.513791239
0.317468902,0.171984857,0.510546241,0.322336398,0.163872363,0.513791239
0.316387236,0.184424013,0.499188751,0.319632234,0.18009735,0.500270416
0.315846403,0.186046512,0.498107085,0.318009735,0.177934018,0.504056247
0.313683072,0.188750676,0.497566252,0.318009735,0.184964846,0.497025419
0.322336398,0.184964846,0.492698756,0.336398053,0.169280692,0.494321255
0.30773391,0.203893997,0.488372093,0.307193077,0.193077339,0.499729584
0.302325581,0.203893997,0.493780422,0.304488913,0.195781504,0.499729584
0.310978908,0.196863169,0.492157923,0.318009735,0.182260681,0.499729584
0.313683072,0.201189832,0.485127096,0.325581395,0.181179016,0.493239589
0.309897242,0.204975663,0.485127096,0.319632234,0.188750676,0.49161709
0.316387236,0.203353164,0.4802596,0.327744727,0.176852353,0.49540292
0.313683072,0.212547323,0.473769605,0.32449973,0.18009735,0.49540292
0.303407247,0.227690644,0.468902109,0.30773391,0.197944835,0.494321255
0.310978908,0.221200649,0.467820443,0.315846403,0.190914008,0.493239589
0.310438075,0.223363981,0.466197945,0.31151974,0.201189832,0.487290427
0.302325581,0.235803137,0.461871282,0.294213088,0.217414819,0.488372093
0.301243916,0.230935641,0.467820443,0.305029746,0.201730665,0.493239589
0.301784749,0.233639805,0.464575446,0.296917253,0.20822066,0.494862088
0.309897242,0.230935641,0.459167117,0.302866414,0.213628989,0.483504597
0.302866414,0.230935641,0.466197945,0.293131422,0.220659816,0.486208761
0.299621417,0.228231476,0.472147107,0.288804759,0.224986479,0.486208761
0.300703083,0.221741482,0.477555435,0.306111412,0.224445646,0.469442942
0.297998918,0.227690644,0.474310438,0.302325581,0.233639805,0.464034613
0.30016225,0.21579232,0.48404543,0.316387236,0.225527312,0.458085452
0.303407247,0.211465657,0.485127096,0.313683072,0.220118983,0.466197945
0.313683072,0.197944835,0.488372093,0.323418064,0.20822066,0.468361276
0.315305571,0.194159005,0.490535425,0.325040562,0.196863169,0.478096268
0.312060573,0.186587345,0.501352082,0.325581395,0.210924824,0.46349378
0.312601406,0.18388318,0.503515414,0.327203894,0.199567334,0.473228772
0.301243916,0.18766901,0.511087074,0.312601406,0.182801514,0.50459708
0.309897242,0.170362358,0.5197404,0.329908058,0.17252569,0.497566252
0.314223905,0.168739859,0.517036236,0.331530557,0.161709032,0.506760411
0.307193077,0.175229854,0.517577069,0.313683072,0.160086533,0.526230395
0.318550568,0.160086533,0.521362899,0.332612223,0.155219037,0.51216874
0.310438075,0.169280692,0.520281233,0.326663061,0.153055706,0.520281233
0.316928069,0.163331531,0.5197404,0.336398053,0.138994051,0.524607896
0.320713899,0.160627366,0.518658734,0.347755544,0.136830719,0.515413737
0.321254732,0.168199027,0.510546241,0.33964305,0.138453218,0.521903732
0.315305571,0.177393186,0.507301244,0.323958897,0.129799892,0.546241211
0.305570579,0.18009735,0.514332071,0.313142239,0.127095727,0.559762034
0.300703083,0.183342347,0.51595457,0.302325581,0.133585722,0.564088697
0.297458085,0.191995673,0.510546241,0.294753921,0.146024878,0.559221201
0.300703083,0.192536506,0.506760411,0.297998918,0.145484045,0.556517036
0.299080584,0.199026501,0.501892915,0.293131422,0.143861547,0.563007031
0.306111412,0.189832342,0.504056247,0.302866414,0.142779881,0.554353705
0.308274743,0.196322336,0.49540292,0.301784749,0.137371552,0.560843699
0.30394808,0.208761493,0.487290427,0.295835587,0.14818821,0.555976203
0.297998918,0.208761493,0.493239589,0.29637642,0.15197404,0.55164954
0.297998918,0.21579232,0.486208761,0.305029746,0.157923202,0.537047052
0.290427258,0.219037317,0.490535425,0.302866414,0.148729043,0.548404543
0.287182261,0.226068145,0.486749594,0.287723094,0.151433207,0.560843699
0.280151433,0.221741482,0.498107085,0.27582477,0.157382369,0.566792861
0.27203894,0.235803137,0.492157923,0.261763115,0.158464035,0.57977285
0.269875608,0.234721471,0.49540292,0.265008112,0.149269876,0.585722012
0.265548945,0.226608978,0.507842077,0.26446728,0.153596539,0.581936182
0.254191455,0.230394808,0.515413737,0.244456463,0.162249865,0.593293672
0.247160627,0.23634397,0.516495403,0.242293131,0.162790698,0.594916171
0.235262304,0.237966468,0.526771228,0.229853975,0.170903191,0.599242834
0.232017307,0.249323959,0.518658734,0.217955652,0.181719849,0.6003245
0.230394808,0.238507301,0.531097891,0.21957815,0.185505679,0.594916171
0.229313142,0.238507301,0.532179557,0.220118983,0.178474851,0.601406165
0.223904813,0.235262304,0.540832883,0.216333153,0.186587345,0.597079502
0.21957815,0.241752299,0.538669551,0.197944835,0.196322336,0.605732829
0.21579232,0.2401298,0.54407788,0.197404002,0.188209843,0.614386155
0.222282315,0.234721471,0.542996214,0.205516495,0.18766901,0.606814494
0.216873986,0.233639805,0.549486209,0.203353164,0.185505679,0.611141157
0.218496485,0.220659816,0.560843699,0.203893997,0.189832342,0.606273661
0.220659816,0.213088156,0.566252028,0.207138994,0.173607355,0.619253651
0.224445646,0.207138994,0.56841536,0.213088156,0.155219037,0.631692807
0.232017307,0.194159005,0.573823688,0.228772309,0.144943213,0.626284478
0.234721471,0.185505679,0.57977285,0.231476474,0.147106544,0.621416982
0.239588967,0.174689021,0.585722012,0.230394808,0.135208221,0.634396971
0.23634397,0.166035695,0.597620335,0.226608978,0.136830719,0.636560303
0.239588967,0.163872363,0.59653867,0.229853975,0.126014062,0.644131963
0.245538129,0.156841536,0.597620335,0.232017307,0.130340725,0.637641969
0.263385614,0.149269876,0.587344511,0.263385614,0.135749054,0.600865333
0.261222282,0.156300703,0.582477015,0.259058951,0.129799892,0.611141157
0.269334776,0.14818821,0.582477015,0.266089778,0.122769064,0.611141157
0.27203894,0.151433207,0.576527853,0.27203894,0.122769064,0.605191996
0.285559762,0.147647377,0.566792861,0.290427258,0.114656571,0.594916171
0.276906436,0.162790698,0.560302866,0.274743104,0.115197404,0.610059492
0.288263926,0.14818821,0.563547864,0.287723094,0.114115738,0.598161168
0.295294754,0.150892374,0.553812872,0.292049757,0.127095727,0.580854516
0.286641428,0.155219037,0.558139535,0.280692266,0.135208221,0.584099513
0.294753921,0.147647377,0.557598702,0.288263926,0.131963223,0.57977285
0.291508924,0.1595457,0.548945376,0.284478096,0.147647377,0.567874527
0.309356409,0.155219037,0.535424554,0.30016225,0.150892374,0.548945376
0.310438075,0.159004867,0.530557058,0.301243916,0.147106544,0.55164954
0.320173067,0.150351541,0.529475392,0.320173067,0.141157382,0.538669551
0.319632234,0.158464035,0.521903732,0.309897242,0.145484045,0.544618713
0.322877231,0.156841536,0.520281233,0.314764738,0.147106544,0.538128718
0.332612223,0.160086533,0.507301244,0.330448891,0.13142239,0.538128718
0.342347215,0.157382369,0.500270416,0.349378042,0.127095727,0.52352623
0.347755544,0.158464035,0.493780422,0.359113034,0.119524067,0.521362899
0.342888048,0.166035695,0.491076257,0.343969713,0.134126555,0.521903732
0.338561385,0.175770687,0.485667929,0.332612223,0.138994051,0.528393726
0.344510546,0.174689021,0.480800433,0.344510546,0.145484045,0.510005408
0.336398053,0.181719849,0.481882098,0.344510546,0.146565711,0.508923743
0.331530557,0.178474851,0.489994592,0.329908058,0.144943213,0.525148729
0.331530557,0.179015684,0.489453759,0.333693889,0.143320714,0.522985398
0.333693889,0.18388318,0.482422931,0.334234721,0.145484045,0.520281233
0.332612223,0.186046512,0.481341266,0.333693889,0.161709032,0.50459708
0.334775554,0.193618172,0.471606274,0.341806382,0.155219037,0.502974581
0.331530557,0.211465657,0.457003786,0.336398053,0.163872363,0.499729584
0.32828556,0.220659816,0.451054624,0.33207139,0.177393186,0.490535425
0.328826393,0.222282315,0.448891293,0.33964305,0.179556517,0.480800433
0.328826393,0.226608978,0.44456463,0.33207139,0.187128177,0.480800433
0.335316387,0.221200649,0.443482964,0.341265549,0.188750676,0.469983775
0.34342888,0.227149811,0.429421309,0.340724716,0.18388318,0.475392104
0.341806382,0.233639805,0.424553813,0.343969713,0.179015684,0.477014602
0.33207139,0.246078962,0.421849648,0.33207139,0.184964846,0.482963764
0.326663061,0.24770146,0.425635479,0.33207139,0.189832342,0.478096268
0.314223905,0.253109789,0.432666306,0.315305571,0.192536506,0.492157923
0.306111412,0.256895619,0.436992969,0.299621417,0.199026501,0.501352082
0.314764738,0.25148729,0.433747972,0.312060573,0.18009735,0.507842077
0.297998918,0.26446728,0.437533802,0.292049757,0.188750676,0.519199567
0.295294754,0.255273121,0.449432125,0.288263926,0.19145484,0.520281233
0.283396431,0.263926447,0.452677123,0.274202271,0.193618172,0.532179557
0.283937263,0.250946458,0.465116279,0.267171444,0.18766901,0.545159546
0.280151433,0.249864792,0.469983775,0.267712277,0.191995673,0.54029205
0.27203894,0.244456463,0.483504597,0.263385614,0.194159005,0.542455381
0.27203894,0.231476474,0.496484586,0.263926447,0.192536506,0.543537047
0.271498107,0.233639805,0.494862088,0.265548945,0.17631152,0.558139535
0.273120606,0.225527312,0.501352082,0.267171444,0.182260681,0.550567875
0.273661439,0.217955652,0.50838291,0.273661439,0.183342347,0.542996214
0.278528935,0.209843158,0.511627907,0.283396431,0.18388318,0.532720389
0.288804759,0.197944835,0.513250406,0.294753921,0.167117361,0.538128718
0.30016225,0.186046512,0.513791239,0.314764738,0.162790698,0.522444565
0.295294754,0.188209843,0.516495403,0.30773391,0.162249865,0.530016225
0.299621417,0.18009735,0.520281233,0.303407247,0.15575987,0.540832883
0.306652244,0.17631152,0.517036236,0.308815576,0.144943213,0.546241211
0.317468902,0.170903191,0.511627907,0.331530557,0.128718226,0.539751217
0.301243916,0.190914008,0.507842077,0.308274743,0.141698215,0.550027042
0.314223905,0.177934018,0.507842077,0.323418064,0.138453218,0.538128718
0.305029746,0.183342347,0.511627907,0.310438075,0.137371552,0.552190373
0.298539751,0.177934018,0.52352623,0.306111412,0.125473229,0.56841536
0.295835587,0.177393186,0.526771228,0.306652244,0.126554895,0.566792861
0.304488913,0.167117361,0.528393726,0.321254732,0.118983234,0.559762034
0.294753921,0.168739859,0.53650622,0.304488913,0.118983234,0.576527853
0.281773932,0.166035695,0.552190373,0.290427258,0.121146566,0.588426176
0.29259059,0.162790698,0.544618713,0.303407247,0.114656571,0.581936182
0.294213088,0.158464035,0.547322877,0.303407247,0.116819903,0.57977285
0.30016225,0.160086533,0.539751217,0.308274743,0.11627907,0.575446187
0.290968091,0.165494862,0.543537047,0.297458085,0.121687399,0.580854516
0.293672255,0.166035695,0.54029205,0.299080584,0.132504056,0.56841536
0.299621417,0.153055706,0.547322877,0.313142239,0.126554895,0.560302866
0.30016225,0.157923202,0.541914548,0.310978908,0.136289886,0.552731206
0.282314765,0.179015684,0.538669551,0.280151433,0.160086533,0.559762034
0.281233099,0.182260681,0.53650622,0.288263926,0.161709032,0.550027042
0.284478096,0.175229854,0.54029205,0.289345592,0.157923202,0.552731206
0.2796106,0.181719849,0.538669551,0.2796106,0.167658194,0.552731206
0.281233099,0.174148188,0.544618713,0.281773932,0.165494862,0.552731206
0.276365603,0.17252569,0.551108707,0.26825311,0.160627366,0.571119524
0.275283937,0.177393186,0.547322877,0.274743104,0.158464035,0.566792861
0.272579773,0.175229854,0.552190373,0.272579773,0.155219037,0.57220119
0.281773932,0.161168199,0.557057869,0.288804759,0.140075717,0.571119524
0.282855598,0.154678204,0.562466198,0.291508924,0.135749054,0.572742023
0.29259059,0.146565711,0.560843699,0.301243916,0.12763656,0.571119524
0.291508924,0.15197404,0.556517036,0.30016225,0.126014062,0.573823688
0.283396431,0.154678204,0.561925365,0.290427258,0.134126555,0.575446187
0.279069767,0.155219037,0.565711195,0.283937263,0.135208221,0.580854516
0.276365603,0.163331531,0.560302866,0.276365603,0.146565711,0.577068686
0.274743104,0.169821525,0.55543537,0.277447269,0.153055706,0.569497025
0.276365603,0.169280692,0.554353705,0.279069767,0.146024878,0.574905354
0.273120606,0.170362358,0.556517036,0.273661439,0.153055706,0.573282856
0.271498107,0.174689021,0.553812872,0.267712277,0.156841536,0.575446187
0.281773932,0.17252569,0.545700379,0.282855598,0.160086533,0.557057869
0.276365603,0.177393186,0.546241211,0.277447269,0.161168199,0.561384532
0.277988102,0.176852353,0.545159546,0.275283937,0.175229854,0.549486209
0.292049757,0.162790698,0.545159546,0.289886425,0.170362358,0.539751217
0.302325581,0.157382369,0.54029205,0.30773391,0.166576528,0.525689562
0.30394808,0.15197404,0.54407788,0.313142239,0.160086533,0.526771228
0.317468902,0.148729043,0.533802055,0.329367226,0.161168199,0.509464575
0.333153056,0.142239048,0.524607896,0.345051379,0.149810708,0.505137912
0.342347215,0.136289886,0.521362899,0.355868037,0.14440238,0.499729584
0.365062196,0.126554895,0.50838291,0.379123851,0.131963223,0.488912926
0.369388859,0.128718226,0.501892915,0.380205516,0.124391563,0.49540292
0.37155219,0.124932396,0.503515414,0.381828015,0.128718226,0.489453759
0.379123851,0.118442401,0.502433748,0.391022174,0.125473229,0.483504597
0.376960519,0.124932396,0.498107085,0.388858843,0.127095727,0.48404543
0.381287182,0.134126555,0.484586263,0.387236344,0.130881558,0.481882098
0.393185506,0.134667388,0.472147107,0.396971336,0.128177393,0.474851271
0.389940508,0.141698215,0.468361276,0.393726339,0.129799892,0.47647377
0.387236344,0.145484045,0.467279611,0.381287182,0.134126555,0.484586263
0.383450514,0.149269876,0.467279611,0.380746349,0.132504056,0.486749594
0.381828015,0.158464035,0.45970795,0.374797188,0.138994051,0.486208761
0.378583018,0.168739859,0.452677123,0.368848026,0.14440238,0.486749594
0.380746349,0.169280692,0.449972958,0.362898864,0.159004867,0.478096268
0.381287182,0.173066522,0.445646295,0.364521363,0.156841536,0.478637101
0.374256355,0.175770687,0.449972958,0.36776636,0.144943213,0.487290427
0.371011357,0.17631152,0.452677123,0.36776636,0.147106544,0.485127096
0.373715522,0.177934018,0.44835046,0.368848026,0.129799892,0.501352082
0.378042185,0.175770687,0.446187128,0.379664684,0.124391563,0.495943753
0.380746349,0.176852353,0.442401298,0.374797188,0.12763656,0.497566252
0.388858843,0.175770687,0.435370471,0.390481341,0.12385073,0.485667929
0.387236344,0.182260681,0.430502975,0.381287182,0.129259059,0.489453759
0.386154678,0.19145484,0.422390481,0.376960519,0.137912385,0.485127096
0.380205516,0.195781504,0.42401298,0.374256355,0.147106544,0.478637101
0.382909681,0.196322336,0.420767983,0.386154678,0.150892374,0.462952948
0.380205516,0.192536506,0.427257977,0.379664684,0.150351541,0.469983775
0.372093023,0.193618172,0.434288805,0.372633856,0.143320714,0.48404543
0.372633856,0.189832342,0.437533802,0.381287182,0.14440238,0.474310438
0.373715522,0.187128177,0.439156301,0.376960519,0.142239048,0.480800433
0.371011357,0.194159005,0.434829638,0.373174689,0.146024878,0.480800433
0.375338021,0.190914008,0.433747972,0.383450514,0.148729043,0.467820443
0.386154678,0.184964846,0.428880476,0.388858843,0.130881558,0.4802596
0.391563007,0.180638183,0.42779881,0.401838832,0.126014062,0.472147107
0.405624662,0.175229854,0.419145484,0.41644132,0.110870741,0.472687939
0.411573824,0.175770687,0.412655489,0.428880476,0.115738237,0.455381287
0.408328826,0.190914008,0.400757166,0.422931314,0.122769064,0.454299621
0.409951325,0.195240671,0.394808004,0.42779881,0.12763656,0.44456463
0.408869659,0.20443483,0.386695511,0.430502975,0.118442401,0.451054624
0.40346133,0.217955652,0.378583018,0.42779881,0.121687399,0.450513791
0.383450514,0.246078962,0.370470525,0.389940508,0.138994051,0.471065441
0.378042185,0.259599784,0.362358031,0.375338021,0.153596539,0.471065441
0.351000541,0.278528935,0.370470525,0.338561385,0.173066522,0.488372093
0.351000541,0.280692266,0.368307193,0.34342888,0.173066522,0.483504597
0.353163872,0.275283937,0.37155219,0.350459708,0.160627366,0.488912926
0.345051379,0.2796106,0.375338021,0.348837209,0.153055706,0.498107085
0.341806382,0.278528935,0.379664684,0.338020552,0.167658194,0.494321255
0.342347215,0.275283937,0.382368848,0.349378042,0.158464035,0.492157923
0.331530557,0.290968091,0.377501352,0.340183883,0.176852353,0.482963764
0.321795565,0.300703083,0.377501352,0.330989724,0.190373175,0.478637101
0.310438075,0.310438075,0.379123851,0.322336398,0.193077339,0.484586263
0.30394808,0.310438075,0.385613845,0.310438075,0.190373175,0.499188751
0.290968091,0.304488913,0.404542996,0.284478096,0.190373175,0.525148729
0.286100595,0.301784749,0.412114657,0.273661439,0.191995673,0.534342888
0.276365603,0.29637642,0.427257977,0.262303948,0.194159005,0.543537047
0.269334776,0.29637642,0.434288805,0.260681449,0.203353164,0.535965387
0.262303948,0.292049757,0.445646295,0.253650622,0.203893997,0.542455381
0.250405625,0.29259059,0.457003786,0.237966468,0.200108167,0.561925365
0.239048134,0.289345592,0.471606274,0.224986479,0.216333153,0.558680368
0.232017307,0.277988102,0.489994592,0.215251487,0.220118983,0.564629529
0.222282315,0.26446728,0.513250406,0.207138994,0.207138994,0.585722012
0.222823148,0.242833964,0.534342888,0.213088156,0.200108167,0.586803678
0.225527312,0.224986479,0.549486209,0.220659816,0.189832342,0.589507842
0.218496485,0.221741482,0.559762034,0.216873986,0.186046512,0.597079502
0.215251487,0.207138994,0.577609519,0.205516495,0.176852353,0.617631152
0.214169822,0.203893997,0.581936182,0.205516495,0.177393186,0.617090319
0.223904813,0.182260681,0.593834505,0.213628989,0.162790698,0.623580314
0.226068145,0.171444024,0.602487831,0.209843158,0.158464035,0.631692807
0.231476474,0.1595457,0.608977826,0.217955652,0.155219037,0.626825311
0.232017307,0.153055706,0.614926988,0.215251487,0.153596539,0.631151974
0.233639805,0.149269876,0.617090319,0.223904813,0.154137372,0.621957815
0.230935641,0.154137372,0.614926988,0.220118983,0.152514873,0.627366144
0.228231476,0.159004867,0.612763656,0.217955652,0.157923202,0.624121147
0.221200649,0.150351541,0.62844781,0.21579232,0.154678204,0.629529475
0.222282315,0.158464035,0.619253651,0.216333153,0.159004867,0.624661979
0.227690644,0.154137372,0.618171985,0.222282315,0.152514873,0.625202812
0.220659816,0.15575987,0.623580314,0.222823148,0.160627366,0.616549486
0.21957815,0.154678204,0.625743645,0.226068145,0.162790698,0.611141157
0.223904813,0.144943213,0.631151974,0.223904813,0.160627366,0.61546782
0.225527312,0.140075717,0.634396971,0.220659816,0.161168199,0.618171985
0.224445646,0.132504056,0.643050297,0.225527312,0.154137372,0.620335316
0.224986479,0.129799892,0.645213629,0.224445646,0.149269876,0.626284478
0.223363981,0.128177393,0.648458626,0.223904813,0.147647377,0.62844781
0.222823148,0.128177393,0.648999459,0.226608978,0.143861547,0.629529475
0.233098972,0.126014062,0.640886966,0.23634397,0.14440238,0.619253651
0.231476474,0.129259059,0.639264467,0.23255814,0.138453218,0.628988643
0.224445646,0.132504056,0.643050297,0.228231476,0.149269876,0.622498648
0.222823148,0.135749054,0.641427799,0.232017307,0.148729043,0.619253651
0.228772309,0.146024878,0.625202812,0.228772309,0.143861547,0.627366144
0.23255814,0.144943213,0.622498648,0.233639805,0.147647377,0.618712818
0.247160627,0.14440238,0.608436993,0.250946458,0.15197404,0.597079502
0.260681449,0.144943213,0.594375338,0.267712277,0.146024878,0.586262845
0.263926447,0.151433207,0.584640346,0.26825311,0.151433207,0.580313683
0.263385614,0.149810708,0.586803678,0.269875608,0.14818821,0.581936182
0.263385614,0.157382369,0.579232017,0.265548945,0.162249865,0.57220119
0.271498107,0.159004867,0.569497025,0.266630611,0.164413196,0.568956193
0.277447269,0.159004867,0.563547864,0.282314765,0.168739859,0.548945376
0.284478096,0.154137372,0.561384532,0.289345592,0.163331531,0.547322877
0.287182261,0.157923202,0.554894538,0.29637642,0.168199027,0.535424554
0.29637642,0.150892374,0.552731206,0.307193077,0.163331531,0.529475392
0.301784749,0.144943213,0.553272039,0.315846403,0.160627366,0.52352623
0.303407247,0.14440238,0.552190373,0.313142239,0.152514873,0.534342888
0.306111412,0.146024878,0.54786371,0.321254732,0.157382369,0.521362899
0.310438075,0.149269876,0.54029205,0.326663061,0.153596539,0.5197404
0.309897242,0.153055706,0.537047052,0.327203894,0.154137372,0.518658734
0.30394808,0.156300703,0.539751217,0.318550568,0.148729043,0.532720389
0.305029746,0.152514873,0.542455381,0.318550568,0.150892374,0.530557058
0.301784749,0.154137372,0.54407788,0.314764738,0.145484045,0.539751217
0.29637642,0.154137372,0.549486209,0.299621417,0.150351541,0.550027042
0.299080584,0.149810708,0.551108707,0.306111412,0.141698215,0.552190373
0.290968091,0.162790698,0.546241211,0.293672255,0.153055706,0.553272039
0.293131422,0.1595457,0.547322877,0.301784749,0.153055706,0.545159546
0.290968091,0.1595457,0.549486209,0.299621417,0.153596539,0.546782044
0.282314765,0.163872363,0.553812872,0.294213088,0.14818821,0.557598702
0.278528935,0.164954029,0.556517036,0.283396431,0.142779881,0.573823688
0.27203894,0.165494862,0.562466198,0.273661439,0.142239048,0.584099513
0.271498107,0.162790698,0.565711195,0.277447269,0.14818821,0.574364521
0.265548945,0.167658194,0.566792861,0.272579773,0.147647377,0.57977285
0.262844781,0.170903191,0.566252028,0.259599784,0.140075717,0.6003245
0.263926447,0.164413196,0.571660357,0.256895619,0.133585722,0.609518659
0.261222282,0.173066522,0.565711195,0.260140617,0.133585722,0.606273661
0.266089778,0.171444024,0.562466198,0.265008112,0.130881558,0.60411033
0.26446728,0.174689021,0.560843699,0.262844781,0.138994051,0.598161168
0.260140617,0.181719849,0.558139535,0.253109789,0.134667388,0.612222823
0.257977285,0.187128177,0.554894538,0.249323959,0.137912385,0.612763656
0.256354786,0.195781504,0.54786371,0.254732288,0.150892374,0.594375338
0.253109789,0.193618172,0.553272039,0.24770146,0.153596539,0.598702001
0.258518118,0.18009735,0.561384532,0.253109789,0.147106544,0.599783667
0.255273121,0.18009735,0.564629529,0.246619794,0.143861547,0.609518659
0.24770146,0.188750676,0.563547864,0.232017307,0.164413196,0.603569497
0.242293131,0.189291509,0.56841536,0.229313142,0.163331531,0.607355327
0.244997296,0.186587345,0.56841536,0.247160627,0.152514873,0.6003245
0.2401298,0.182260681,0.577609519,0.238507301,0.150892374,0.610600324
0.238507301,0.183342347,0.578150352,0.23634397,0.155219037,0.608436993
0.250946458,0.174148188,0.574905354,0.247160627,0.145484045,0.607355327
0.262844781,0.167658194,0.569497025,0.265008112,0.135749054,0.599242834
0.263926447,0.167658194,0.56841536,0.256895619,0.130881558,0.612222823
0.270957274,0.162249865,0.566792861,0.26446728,0.12763656,0.60789616
0.272579773,0.163331531,0.564088697,0.260681449,0.133585722,0.605732829
0.275283937,0.163331531,0.561384532,0.269875608,0.136289886,0.593834505
0.286641428,0.15575987,0.557598702,0.284478096,0.138994051,0.576527853
0.284478096,0.159004867,0.556517036,0.277988102,0.142239048,0.57977285
0.278528935,0.168739859,0.552731206,0.276906436,0.147106544,0.57598702
0.273661439,0.17252569,0.553812872,0.267171444,0.147106544,0.585722012
0.270957274,0.167117361,0.561925365,0.262303948,0.146024878,0.591671174
0.27582477,0.15197404,0.57220119,0.26825311,0.138994051,0.592752839
0.278528935,0.151433207,0.570037858,0.274743104,0.149810708,0.575446187
0.289345592,0.14818821,0.562466198,0.288263926,0.140616549,0.571119524
0.295294754,0.145484045,0.559221201,0.291508924,0.12763656,0.580854516
0.289345592,0.146565711,0.564088697,0.281233099,0.140616549,0.578150352
0.296917253,0.144943213,0.558139535,0.287182261,0.143861547,0.568956193
0.290968091,0.153596539,0.55543537,0.286641428,0.149810708,0.563547864
0.302866414,0.160627366,0.53650622,0.296917253,0.153055706,0.550027042
0.312601406,0.163331531,0.524067063,0.316928069,0.153596539,0.529475392
0.319091401,0.166035695,0.514872904,0.325040562,0.147647377,0.527312061
0.33585722,0.161709032,0.502433748,0.344510546,0.142239048,0.513250406
0.3601947,0.154678204,0.485127096,0.371011357,0.133585722,0.49540292
0.354786371,0.166035695,0.479177934,0.363439697,0.143861547,0.492698756
0.3601947,0.167658194,0.472147107,0.373715522,0.134667388,0.49161709
0.363439697,0.171444024,0.465116279,0.37155219,0.139534884,0.488912926
0.363439697,0.177934018,0.458626284,0.375338021,0.141157382,0.483504597
0.356949703,0.190373175,0.452677123,0.365603029,0.136289886,0.498107085
0.357490535,0.199026501,0.443482964,0.365603029,0.144943213,0.489453759
0.373174689,0.188209843,0.438615468,0.386154678,0.131963223,0.481882098
0.372633856,0.189832342,0.437533802,0.382909681,0.131963223,0.485127096
0.368848026,0.194699838,0.436452136,0.369929692,0.137371552,0.492698756
0.362898864,0.204975663,0.432125473,0.369388859,0.120605733,0.510005408
0.369388859,0.196863169,0.433747972,0.373174689,0.13142239,0.49540292
0.363439697,0.201189832,0.435370471,0.360735533,0.130340725,0.508923743
0.358031368,0.201189832,0.440778799,0.354245538,0.139534884,0.506219578
0.355327204,0.205516495,0.439156301,0.361817198,0.14818821,0.489994592
0.343969713,0.217955652,0.438074635,0.347755544,0.161709032,0.490535425
0.335316387,0.228231476,0.436452136,0.339102217,0.173066522,0.48783126
0.338020552,0.222823148,0.439156301,0.335316387,0.166035695,0.498647918
0.350459708,0.220659816,0.428880476,0.355327204,0.166035695,0.478637101
0.353704705,0.222823148,0.423472147,0.358031368,0.168199027,0.473769605
0.35640887,0.225527312,0.418063818,0.372633856,0.1595457,0.467820443
0.359113034,0.228772309,0.412114657,0.368848026,0.161168199,0.469983775
0.353704705,0.233639805,0.412655489,0.362358031,0.161709032,0.475932937
0.33964305,0.244456463,0.415900487,0.338020552,0.17631152,0.485667929
0.328826393,0.25148729,0.419686317,0.325040562,0.182260681,0.492698756
0.334234721,0.234721471,0.431043807,0.333693889,0.170903191,0.49540292
0.328826393,0.236884803,0.434288805,0.329908058,0.162249865,0.507842077
0.316387236,0.240670633,0.442942131,0.321254732,0.161168199,0.517577069
0.322877231,0.225527312,0.451595457,0.330448891,0.147106544,0.522444565
0.319632234,0.235262304,0.445105462,0.319632234,0.149269876,0.531097891
0.322877231,0.230394808,0.446727961,0.322877231,0.150351541,0.526771228
0.328826393,0.213088156,0.458085452,0.334234721,0.129259059,0.53650622
0.330448891,0.197404002,0.472147107,0.33585722,0.122769064,0.541373716
0.316928069,0.214710654,0.468361276,0.306652244,0.128177393,0.565170362
0.305029746,0.224986479,0.469983775,0.283396431,0.132504056,0.584099513
0.304488913,0.222823148,0.472687939,0.29259059,0.15197404,0.55543537
0.310438075,0.210383991,0.479177934,0.310978908,0.140616549,0.548404543
0.307193077,0.213088156,0.479718767,0.310438075,0.15197404,0.537587885
0.303407247,0.205516495,0.491076257,0.306652244,0.137371552,0.555976203
0.301243916,0.20443483,0.494321255,0.299080584,0.146565711,0.554353705
0.288804759,0.211465657,0.499729584,0.285018929,0.143861547,0.571119524
0.286641428,0.212547323,0.500811249,0.281233099,0.150892374,0.567874527
0.281773932,0.206598161,0.511627907,0.283937263,0.14818821,0.567874527
0.290968091,0.18766901,0.521362899,0.294753921,0.138453218,0.566792861
0.297458085,0.164954029,0.537587885,0.307193077,0.12385073,0.568956193
0.301243916,0.154678204,0.54407788,0.313142239,0.114656571,0.57220119
0.303407247,0.152514873,0.54407788,0.308815576,0.117360736,0.573823688
0.298539751,0.157382369,0.54407788,0.312060573,0.115197404,0.572742023
0.299621417,0.157923202,0.542455381,0.312601406,0.12385073,0.563547864
0.293131422,0.164413196,0.542455381,0.305029746,0.12385073,0.571119524
0.296917253,0.170903191,0.532179557,0.300703083,0.122228231,0.577068686
0.290427258,0.171984857,0.537587885,0.297458085,0.128177393,0.574364521
0.288263926,0.18009735,0.531638724,0.29259059,0.133044889,0.574364521
0.284478096,0.184964846,0.530557058,0.286100595,0.146565711,0.567333694
0.277447269,0.194159005,0.528393726,0.281233099,0.14440238,0.574364521
0.274202271,0.193077339,0.532720389,0.281233099,0.148729043,0.570037858
0.274202271,0.188209843,0.537587885,0.282314765,0.15197404,0.565711195
0.266089778,0.190914008,0.542996214,0.270957274,0.160086533,0.568956193
0.258518118,0.195781504,0.545700379,0.261222282,0.1595457,0.579232017
0.25148729,0.192536506,0.555976203,0.242293131,0.15575987,0.601946998
0.257436452,0.182801514,0.559762034,0.261763115,0.142239048,0.595997837
0.260681449,0.176852353,0.562466198,0.26446728,0.135749054,0.599783667
0.255813953,0.178474851,0.565711195,0.256895619,0.139534884,0.603569497
0.248242293,0.173066522,0.578691184,0.246078962,0.134126555,0.619794484
0.247160627,0.170362358,0.582477015,0.250405625,0.13142239,0.618171985
0.242293131,0.179556517,0.578150352,0.235803137,0.130881558,0.633315306
0.242833964,0.170362358,0.586803678,0.239588967,0.134126555,0.626284478
0.248783126,0.175229854,0.57598702,0.24770146,0.140075717,0.612222823
0.245538129,0.176852353,0.577609519,0.24770146,0.140616549,0.61168199
0.248783126,0.168199027,0.583017847,0.260681449,0.142239048,0.597079502
0.244456463,0.18009735,0.575446187,0.252568956,0.155219037,0.592212006
0.253109789,0.175770687,0.571119524,0.261222282,0.146565711,0.592212006
0.250405625,0.175770687,0.573823688,0.256354786,0.159004867,0.584640346
0.254732288,0.170362358,0.574905354,0.262303948,0.157923202,0.57977285
0.263926447,0.162249865,0.573823688,0.273120606,0.149269876,0.577609519
0.26825311,0.168739859,0.563007031,0.272579773,0.156300703,0.571119524
0.272579773,0.159004867,0.56841536,0.279069767,0.161709032,0.559221201
0.269875608,0.169821525,0.560302866,0.274202271,0.166576528,0.559221201
0.27582477,0.174689021,0.549486209,0.276906436,0.170903191,0.552190373
0.287723094,0.168739859,0.543537047,0.289886425,0.171984857,0.538128718
0.293672255,0.166035695,0.54029205,0.293131422,0.166035695,0.540832883
0.299621417,0.171984857,0.528393726,0.302325581,0.168199027,0.529475392
0.318009735,0.162249865,0.5197404,0.326122228,0.157923202,0.51595457
0.316387236,0.164413196,0.519199567,0.32828556,0.169821525,0.501892915
0.326663061,0.161709032,0.511627907,0.33964305,0.164413196,0.495943753
0.32828556,0.167117361,0.50459708,0.336938886,0.160086533,0.502974581
0.332612223,0.162249865,0.505137912,0.340724716,0.161709032,0.497566252
0.33585722,0.159004867,0.505137912,0.344510546,0.157923202,0.497566252
0.347214711,0.149269876,0.503515414,0.354786371,0.156300703,0.488912926
0.353704705,0.151433207,0.494862088,0.378042185,0.150892374,0.471065441
0.365062196,0.154137372,0.480800433,0.383450514,0.143320714,0.473228772
0.375878853,0.158464035,0.465657112,0.3996755,0.143320714,0.457003786
0.378583018,0.168199027,0.453217956,0.399134667,0.148729043,0.45213629
0.381828015,0.182801514,0.435370471,0.401297999,0.157923202,0.440778799
0.378583018,0.19145484,0.429962142,0.401297999,0.168739859,0.429962142
0.387777177,0.188750676,0.423472147,0.415900487,0.1595457,0.424553813
0.38831801,0.201189832,0.410492158,0.405083829,0.161168199,0.433747972
0.381287182,0.212547323,0.406165495,0.398053002,0.166576528,0.435370471
0.372093023,0.222823148,0.405083829,0.389399676,0.175229854,0.435370471
0.369388859,0.225527312,0.405083829,0.385613845,0.18766901,0.426717144
0.353163872,0.236884803,0.409951325,0.361276366,0.193077339,0.445646295
0.355327204,0.223904813,0.420767983,0.366143862,0.194159005,0.439697134
0.359653867,0.216873986,0.423472147,0.372633856,0.184424013,0.442942131
0.362358031,0.215251487,0.422390481,0.376419686,0.174689021,0.448891293
0.354786371,0.221200649,0.42401298,0.366684694,0.173066522,0.460248783
0.352623039,0.227690644,0.419686317,0.363439697,0.17252569,0.464034613
0.351541374,0.222282315,0.426176312,0.3601947,0.175229854,0.464575446
0.352623039,0.220659816,0.426717144,0.367225527,0.178474851,0.454299621
0.345051379,0.230394808,0.424553813,0.358572201,0.183342347,0.458085452
0.335316387,0.233098972,0.43158464,0.345051379,0.18009735,0.474851271
0.333153056,0.233639805,0.433207139,0.33207139,0.174689021,0.493239589
0.325581395,0.23634397,0.438074635,0.320173067,0.181179016,0.498647918
0.323418064,0.229853975,0.446727961,0.323418064,0.175229854,0.501352082
0.332612223,0.222282315,0.445105462,0.338561385,0.169280692,0.492157923
0.33207139,0.209302326,0.458626284,0.333693889,0.160086533,0.506219578
0.323958897,0.215251487,0.460789616,0.328826393,0.15575987,0.515413737
0.32449973,0.209302326,0.466197945,0.334234721,0.174148188,0.49161709
0.316387236,0.216333153,0.467279611,0.320713899,0.17631152,0.502974581
0.30394808,0.222282315,0.473769605,0.316387236,0.17631152,0.507301244
0.305570579,0.210383991,0.48404543,0.317468902,0.166576528,0.51595457
0.303407247,0.212547323,0.48404543,0.302325581,0.173607355,0.524067063
0.295835587,0.210924824,0.493239589,0.295294754,0.168739859,0.535965387
0.293131422,0.204975663,0.501892915,0.297458085,0.166576528,0.535965387
0.283937263,0.207138994,0.508923743,0.289886425,0.174689021,0.535424554
0.274202271,0.216873986,0.508923743,0.271498107,0.183342347,0.545159546
0.273661439,0.20822066,0.518117902,0.27203894,0.182801514,0.545159546
0.273661439,0.198485668,0.527852893,0.269334776,0.177393186,0.553272039
0.262844781,0.201189832,0.535965387,0.26446728,0.167117361,0.56841536
0.266089778,0.191995673,0.541914548,0.269334776,0.168739859,0.561925365
0.262303948,0.192536506,0.545159546,0.26825311,0.163331531,0.56841536
0.256354786,0.192536506,0.551108707,0.256354786,0.168199027,0.575446187
0.24391563,0.193077339,0.563007031,0.252568956,0.182801514,0.564629529
0.254732288,0.17252569,0.572742023,0.262844781,0.174689021,0.562466198
0.24391563,0.18009735,0.57598702,0.246078962,0.177393186,0.576527853
0.252568956,0.171984857,0.575446187,0.260681449,0.167117361,0.57220119
0.258518118,0.166576528,0.574905354,0.260681449,0.169821525,0.569497025
0.254732288,0.178474851,0.566792861,0.252568956,0.174689021,0.572742023
0.253109789,0.182260681,0.564629529,0.261763115,0.17252569,0.565711195
0.250946458,0.174689021,0.574364521,0.263926447,0.174148188,0.561925365
0.252028123,0.162790698,0.585181179,0.26825311,0.164954029,0.566792861
0.261222282,0.155219037,0.58355868,0.26825311,0.146565711,0.585181179
0.259058951,0.150351541,0.590589508,0.265008112,0.137371552,0.597620335
0.258518118,0.149810708,0.591671174,0.271498107,0.137912385,0.590589508
0.260681449,0.152514873,0.586803678,0.278528935,0.12763656,0.593834505
0.263926447,0.156841536,0.579232017,0.276906436,0.128177393,0.594916171
0.260681449,0.162249865,0.577068686,0.271498107,0.118442401,0.610059492
0.253109789,0.163331531,0.58355868,0.257977285,0.12763656,0.614386155
0.24391563,0.170903191,0.585181179,0.245538129,0.133044889,0.621416982
0.243374797,0.169280692,0.587344511,0.250946458,0.141698215,0.607355327
0.242833964,0.175770687,0.581395349,0.248242293,0.145484045,0.606273661
0.241211466,0.182801514,0.57598702,0.237425635,0.156300703,0.606273661
0.234721471,0.183342347,0.581936182,0.235803137,0.164954029,0.599242834
0.238507301,0.174689021,0.586803678,0.233639805,0.166576528,0.599783667
0.234721471,0.170903191,0.594375338,0.226068145,0.164954029,0.608977826
0.24770146,0.160086533,0.592212006,0.247160627,0.155219037,0.597620335
0.247160627,0.156841536,0.595997837,0.247160627,0.151433207,0.601406165
0.247160627,0.152514873,0.6003245,0.24391563,0.140616549,0.61546782
0.249323959,0.15197404,0.598702001,0.238507301,0.136289886,0.625202812
0.256895619,0.157923202,0.585181179,0.249864792,0.142779881,0.607355327
0.268793943,0.150892374,0.580313683,0.269334776,0.136289886,0.594375338
0.272579773,0.146024878,0.581395349,0.276365603,0.129799892,0.593834505
0.266089778,0.149810708,0.584099513,0.267712277,0.143861547,0.588426176
0.269334776,0.14818821,0.582477015,0.270957274,0.135749054,0.593293672
0.276365603,0.149810708,0.573823688,0.273661439,0.140075717,0.586262845
0.285559762,0.147106544,0.567333694,0.285559762,0.138994051,0.575446187
0.299080584,0.142779881,0.558139535,0.301784749,0.138453218,0.559762034
0.302325581,0.142239048,0.55543537,0.309897242,0.134667388,0.55543537
0.309897242,0.137912385,0.552190373,0.309897242,0.133585722,0.556517036
0.312601406,0.140075717,0.547322877,0.305570579,0.130340725,0.564088697
0.316387236,0.147106544,0.53650622,0.318009735,0.129799892,0.552190373
0.315846403,0.151433207,0.532720389,0.31151974,0.132504056,0.555976203
0.325581395,0.149269876,0.525148729,0.327744727,0.12763656,0.544618713
0.337479719,0.147647377,0.514872904,0.340183883,0.123309897,0.53650622
0.34342888,0.15197404,0.50459708,0.349378042,0.129799892,0.520822066
0.349378042,0.153596539,0.497025419,0.357490535,0.121687399,0.520822066
0.347755544,0.161168199,0.491076257,0.356949703,0.121146566,0.521903732
0.353163872,0.162249865,0.484586263,0.356949703,0.132504056,0.510546241
0.352623039,0.167658194,0.479718767,0.352623039,0.12763656,0.5197404
0.355327204,0.170362358,0.474310438,0.368307193,0.125473229,0.506219578
0.349378042,0.182260681,0.468361276,0.354786371,0.127095727,0.518117902
0.341265549,0.190914008,0.467820443,0.347214711,0.134667388,0.518117902
0.333693889,0.201730665,0.464575446,0.323418064,0.162249865,0.514332071
0.341806382,0.192536506,0.465657112,0.345051379,0.15197404,0.502974581
0.340183883,0.195781504,0.464034613,0.345051379,0.154678204,0.500270416
0.349918875,0.188750676,0.461330449,0.351000541,0.150892374,0.498107085
0.346673878,0.195781504,0.457544619,0.354245538,0.148729043,0.497025419
0.352082207,0.184424013,0.46349378,0.357490535,0.141157382,0.501352082
0.345592212,0.188750676,0.465657112,0.358031368,0.149269876,0.492698756
0.348296376,0.187128177,0.464575446,0.360735533,0.146024878,0.493239589
0.354245538,0.178474851,0.467279611,0.370470525,0.134126555,0.49540292
0.3601947,0.179015684,0.460789616,0.372633856,0.129799892,0.497566252
0.357490535,0.184424013,0.458085452,0.37155219,0.131963223,0.496484586
0.35640887,0.18766901,0.45592212,0.373715522,0.140616549,0.485667929
0.347755544,0.198485668,0.453758789,0.365062196,0.138994051,0.495943753
0.341265549,0.208761493,0.449972958,0.361817198,0.143861547,0.494321255
0.341265549,0.20443483,0.454299621,0.355327204,0.136289886,0.50838291
0.334234721,0.206057328,0.45970795,0.348837209,0.126014062,0.525148729
0.325040562,0.218496485,0.456462953,0.331530557,0.149810708,0.518658734
0.319091401,0.224445646,0.456462953,0.320173067,0.154137372,0.525689562
0.310978908,0.225527312,0.46349378,0.316928069,0.160086533,0.522985398
0.299621417,0.228772309,0.471606274,0.29259059,0.176852353,0.530557058
0.29637642,0.229853975,0.473769605,0.290968091,0.191995673,0.517036236
0.289886425,0.228231476,0.481882098,0.281773932,0.201189832,0.517036236
0.2796106,0.230394808,0.489994592,0.263385614,0.189291509,0.547322877
0.2796106,0.226608978,0.493780422,0.26446728,0.182260681,0.553272039
0.287723094,0.220659816,0.49161709,0.270416441,0.176852353,0.552731206
0.286641428,0.217955652,0.49540292,0.265548945,0.160627366,0.573823688
0.282314765,0.213088156,0.50459708,0.257977285,0.161168199,0.580854516
0.277988102,0.210924824,0.511087074,0.261222282,0.173066522,0.565711195
0.277447269,0.212547323,0.510005408,0.255273121,0.167117361,0.577609519
0.276365603,0.21579232,0.507842077,0.255273121,0.160086533,0.584640346
0.272579773,0.219037317,0.50838291,0.252028123,0.18009735,0.567874527
0.269875608,0.219037317,0.511087074,0.255813953,0.190914008,0.553272039
0.266089778,0.214710654,0.519199567,0.253650622,0.189832342,0.556517036
0.2796106,0.19145484,0.528934559,0.270957274,0.160086533,0.568956193
0.286100595,0.180638183,0.533261222,0.273120606,0.162790698,0.564088697
0.292049757,0.177934018,0.530016225,0.285018929,0.14818821,0.566792861
0.283937263,0.180638183,0.535424554,0.271498107,0.15197404,0.576527853
0.286100595,0.174689021,0.539210384,0.273661439,0.156300703,0.570037858
0.280151433,0.179556517,0.54029205,0.276906436,0.153055706,0.570037858
0.278528935,0.180638183,0.540832883,0.276906436,0.143861547,0.579232017
0.269875608,0.183342347,0.546782044,0.270957274,0.142239048,0.586803678
0.267171444,0.177934018,0.554894538,0.265548945,0.136289886,0.598161168
0.269334776,0.177393186,0.553272039,0.269875608,0.12763656,0.602487831
0.266089778,0.173607355,0.560302866,0.266630611,0.126554895,0.606814494
0.258518118,0.187128177,0.554353705,0.248242293,0.134126555,0.617631152
0.249323959,0.194159005,0.556517036,0.242833964,0.144943213,0.612222823
0.240670633,0.203353164,0.555976203,0.224986479,0.156300703,0.618712818
0.234721471,0.204975663,0.560302866,0.221741482,0.154137372,0.624121147
0.216873986,0.215251487,0.567874527,0.200648999,0.164413196,0.634937804
0.206057328,0.220659816,0.573282856,0.185505679,0.174689021,0.6398053
0.204975663,0.220659816,0.574364521,0.193077339,0.173066522,0.633856138
0.199567334,0.215251487,0.585181179,0.19145484,0.188209843,0.620335316
0.195781504,0.216333153,0.587885343,0.190373175,0.190914008,0.618712818
0.189832342,0.20822066,0.601946998,0.181179016,0.189832342,0.628988643
0.195781504,0.196863169,0.607355327,0.18766901,0.192536506,0.619794484
0.189291509,0.192536506,0.618171985,0.179556517,0.194159005,0.626284478
0.188209843,0.181719849,0.630070308,0.186587345,0.193077339,0.620335316
0.190914008,0.18388318,0.625202812,0.183342347,0.189291509,0.627366144
0.193077339,0.188209843,0.618712818,0.192536506,0.189291509,0.618171985
0.201730665,0.174148188,0.624121147,0.207679827,0.182801514,0.609518659
0.197404002,0.174689021,0.627906977,0.203893997,0.188209843,0.60789616
0.206598161,0.163872363,0.629529475,0.214169822,0.18009735,0.605732829
0.197404002,0.167117361,0.635478637,0.203353164,0.166576528,0.630070308
0.201730665,0.159004867,0.639264467,0.202271498,0.166576528,0.631151974
0.199026501,0.156841536,0.644131963,0.197944835,0.164954029,0.637101136
0.195781504,0.147106544,0.657111952,0.200108167,0.165494862,0.634396971
0.204975663,0.142779881,0.652244456,0.214710654,0.164413196,0.620876149
0.209843158,0.139534884,0.650621958,0.222282315,0.160627366,0.617090319
0.20822066,0.144943213,0.646836128,0.216873986,0.163872363,0.619253651
0.21579232,0.129799892,0.654407788,0.222823148,0.161168199,0.616008653
0.226608978,0.126014062,0.647376961,0.23634397,0.159004867,0.604651163
0.233098972,0.129259059,0.637641969,0.236884803,0.151433207,0.61168199
0.237966468,0.11627907,0.645754462,0.2401298,0.147647377,0.612222823
0.237966468,0.11627907,0.645754462,0.245538129,0.149810708,0.604651163
0.228772309,0.126554895,0.644672796,0.231476474,0.150351541,0.618171985
0.238507301,0.123309897,0.638182802,0.242833964,0.152514873,0.604651163
0.244997296,0.127095727,0.627906977,0.257436452,0.151433207,0.591130341
0.242293131,0.119524067,0.638182802,0.261763115,0.14440238,0.593834505
0.23255814,0.129799892,0.637641969,0.245538129,0.154137372,0.6003245
0.227690644,0.12763656,0.644672796,0.248242293,0.160086533,0.591671174
0.216333153,0.141157382,0.642509465,0.234721471,0.159004867,0.606273661
0.215251487,0.140616549,0.644131963,0.232017307,0.1595457,0.608436993
0.223904813,0.134126555,0.641968632,0.241211466,0.154678204,0.60411033
0.223363981,0.135208221,0.641427799,0.235262304,0.149269876,0.61546782
0.23255814,0.129799892,0.637641969,0.250946458,0.144943213,0.60411033
0.237425635,0.129799892,0.632774473,0.250946458,0.144943213,0.60411033
0.242833964,0.126554895,0.630611141,0.259058951,0.143320714,0.597620335
0.24770146,0.124391563,0.627906977,0.265008112,0.152514873,0.582477015
0.25148729,0.125473229,0.623039481,0.263385614,0.149269876,0.587344511
0.259599784,0.124932396,0.61546782,0.273661439,0.143320714,0.583017847
0.266089778,0.128177393,0.605732829,0.273661439,0.136830719,0.589507842
0.272579773,0.121146566,0.606273661,0.285018929,0.134126555,0.580854516
0.269334776,0.13142239,0.599242834,0.278528935,0.134667388,0.586803678
0.271498107,0.138994051,0.589507842,0.285559762,0.140616549,0.573823688
0.266089778,0.148729043,0.585181179,0.276906436,0.149810708,0.573282856
0.266630611,0.160627366,0.572742023,0.279069767,0.156300703,0.564629529
0.27203894,0.162249865,0.565711195,0.286641428,0.168739859,0.544618713
0.267712277,0.166576528,0.565711195,0.283937263,0.159004867,0.557057869
0.266630611,0.170362358,0.563007031,0.283937263,0.161168199,0.554894538
0.273120606,0.167658194,0.559221201,0.292049757,0.153596539,0.554353705
0.27203894,0.175229854,0.552731206,0.286641428,0.162249865,0.551108707
0.267171444,0.178474851,0.554353705,0.281233099,0.154137372,0.564629529
0.261222282,0.182260681,0.556517036,0.271498107,0.154678204,0.573823688
0.259599784,0.173066522,0.567333694,0.271498107,0.152514873,0.57598702
0.261763115,0.170362358,0.567874527,0.259058951,0.14818821,0.592752839
0.269875608,0.157382369,0.572742023,0.270957274,0.152514873,0.576527853
0.265008112,0.15575987,0.579232017,0.278528935,0.142239048,0.579232017
0.270416441,0.154137372,0.575446187,0.276365603,0.136830719,0.586803678
0.262844781,0.156300703,0.580854516,0.27203894,0.147106544,0.580854516
0.254191455,0.163872363,0.581936182,0.256354786,0.141157382,0.602487831
0.250946458,0.160627366,0.588426176,0.250946458,0.140616549,0.608436993
0.263385614,0.143320714,0.593293672,0.260140617,0.131963223,0.60789616
0.259599784,0.153055706,0.587344511,0.263385614,0.135749054,0.600865333
0.254191455,0.15575987,0.590048675,0.267171444,0.148729043,0.584099513
0.252028123,0.152514873,0.595457004,0.266630611,0.132504056,0.600865333
0.258518118,0.149810708,0.591671174,0.27203894,0.129799892,0.598161168
0.267712277,0.141698215,0.590589508,0.277988102,0.121687399,0.6003245
0.271498107,0.134126555,0.594375338,0.285018929,0.122769064,0.592212006
0.266089778,0.134126555,0.599783667,0.282314765,0.118983234,0.598702001
0.272579773,0.132504056,0.594916171,0.280151433,0.124932396,0.594916171
0.277988102,0.138994051,0.583017847,0.282855598,0.118983234,0.598161168
0.271498107,0.150892374,0.577609519,0.267712277,0.115197404,0.617090319
0.275283937,0.154678204,0.570037858,0.269875608,0.122769064,0.607355327
0.287723094,0.141698215,0.570578691,0.280151433,0.1200649,0.599783667
0.282314765,0.147106544,0.570578691,0.2796106,0.128177393,0.592212006
0.290427258,0.142239048,0.567333694,0.286100595,0.129259059,0.584640346
0.294753921,0.141157382,0.564088697,0.289345592,0.136830719,0.573823688
0.309356409,0.139534884,0.551108707,0.312060573,0.129259059,0.558680368
0.319091401,0.140616549,0.54029205,0.322877231,0.128177393,0.548945376
0.32449973,0.146024878,0.529475392,0.325581395,0.130881558,0.543537047
0.332612223,0.142779881,0.524607896,0.332612223,0.136289886,0.531097891
0.341265549,0.145484045,0.513250406,0.341265549,0.138453218,0.520281233
0.354245538,0.147647377,0.498107085,0.360735533,0.126554895,0.512709573
0.36776636,0.141698215,0.490535425,0.369388859,0.118983234,0.511627907
0.369929692,0.142779881,0.487290427,0.367225527,0.123309897,0.509464575
0.382368848,0.144943213,0.472687939,0.382368848,0.121146566,0.496484586
0.390481341,0.153596539,0.45592212,0.385613845,0.1200649,0.494321255
0.402379665,0.14818821,0.449432125,0.405624662,0.119524067,0.474851271
0.408869659,0.157923202,0.433207139,0.411573824,0.12385073,0.464575446
0.414277988,0.1595457,0.426176312,0.420767983,0.122769064,0.456462953
0.428339643,0.15575987,0.415900487,0.440778799,0.12385073,0.435370471
0.42779881,0.164954029,0.407247161,0.44456463,0.126014062,0.429421309
0.439156301,0.166576528,0.394267171,0.45213629,0.129259059,0.418604651
0.437533802,0.173607355,0.388858843,0.45213629,0.135749054,0.412114657
0.445105462,0.170903191,0.383991347,0.462952948,0.130340725,0.406706328
0.447268794,0.167117361,0.385613845,0.46349378,0.126014062,0.410492158
0.456462953,0.155219037,0.38831801,0.472147107,0.115738237,0.412114657
0.461330449,0.154137372,0.38453218,0.482963764,0.111952407,0.405083829
0.467279611,0.162249865,0.370470525,0.487290427,0.109789075,0.402920498
0.464575446,0.168199027,0.367225527,0.477555435,0.110329908,0.412114657
0.470524608,0.170362358,0.359113034,0.488372093,0.107625744,0.404002163
0.468902109,0.178474851,0.352623039,0.488912926,0.105462412,0.405624662
0.477014602,0.176852353,0.346133045,0.494321255,0.109789075,0.39588967
0.472147107,0.18388318,0.343969713,0.490535425,0.11627907,0.393185506
0.469442942,0.194159005,0.336398053,0.494862088,0.117360736,0.387777177
0.479718767,0.182801514,0.337479719,0.50459708,0.109248242,0.386154678
0.479718767,0.189291509,0.330989724,0.499188751,0.100054083,0.400757166
0.472687939,0.203893997,0.323418064,0.499188751,0.103839913,0.396971336
0.46349378,0.214169822,0.322336398,0.486749594,0.117360736,0.39588967
0.45592212,0.222823148,0.321254732,0.479177934,0.126554895,0.394267171
0.454299621,0.224986479,0.320713899,0.475932937,0.12763656,0.396430503
0.441319632,0.239048134,0.319632234,0.450513791,0.141698215,0.407787994
0.446727961,0.244997296,0.308274743,0.457003786,0.151433207,0.391563007
0.435911303,0.259058951,0.305029746,0.445105462,0.154137372,0.400757166
0.440237966,0.25148729,0.308274743,0.449432125,0.142239048,0.408328826
0.441319632,0.25148729,0.307193077,0.45592212,0.138453218,0.405624662
0.42779881,0.262303948,0.309897242,0.44835046,0.141698215,0.409951325
0.400757166,0.289345592,0.309897242,0.414818821,0.170362358,0.414818821
0.392644673,0.300703083,0.306652244,0.407247161,0.17631152,0.41644132
0.383450514,0.308274743,0.308274743,0.402379665,0.188209843,0.409410492
0.376419686,0.309897242,0.313683072,0.386154678,0.195240671,0.418604651
0.377501352,0.305570579,0.316928069,0.391563007,0.190373175,0.418063818
0.374256355,0.300703083,0.325040562,0.388858843,0.191995673,0.419145484
0.360735533,0.312601406,0.326663061,0.366684694,0.207138994,0.426176312
0.347755544,0.322877231,0.329367226,0.349378042,0.222823148,0.42779881
0.337479719,0.333153056,0.329367226,0.339102217,0.24391563,0.416982153
0.327203894,0.339102217,0.333693889,0.337479719,0.250946458,0.411573824
0.315305571,0.348296376,0.336398053,0.314764738,0.256354786,0.428880476
0.313683072,0.35640887,0.329908058,0.318009735,0.269334776,0.412655489
0.314764738,0.3601947,0.325040562,0.325040562,0.269334776,0.405624662
0.308815576,0.360735533,0.330448891,0.316387236,0.278528935,0.405083829
0.297458085,0.36776636,0.334775554,0.307193077,0.285018929,0.407787994
0.282314765,0.369929692,0.347755544,0.290427258,0.287182261,0.422390481
0.271498107,0.377501352,0.351000541,0.275283937,0.31151974,0.413196322
0.27203894,0.36398053,0.36398053,0.270957274,0.287723094,0.441319632
0.262844781,0.363439697,0.373715522,0.259058951,0.296917253,0.444023797
0.255273121,0.362358031,0.382368848,0.250405625,0.288804759,0.460789616
0.250946458,0.362358031,0.386695511,0.238507301,0.294753921,0.466738778
0.242293131,0.370470525,0.387236344,0.241211466,0.313142239,0.445646295
0.228231476,0.376419686,0.395348837,0.227149811,0.330989724,0.441860465
0.235262304,0.362358031,0.402379665,0.23255814,0.33585722,0.43158464
0.237425635,0.354245538,0.408328826,0.23634397,0.327744727,0.435911303
0.230935641,0.349918875,0.419145484,0.229853975,0.325581395,0.44456463
0.223904813,0.352082207,0.42401298,0.228772309,0.332612223,0.438615468
0.21957815,0.342888048,0.437533802,0.224445646,0.330448891,0.445105462
0.222823148,0.332612223,0.44456463,0.226608978,0.309356409,0.464034613
0.216873986,0.325581395,0.457544619,0.224986479,0.315846403,0.459167117
0.21579232,0.314223905,0.469983775,0.224986479,0.320713899,0.454299621
0.210383991,0.30773391,0.481882098,0.219037317,0.316387236,0.464575446
0.207679827,0.302325581,0.489994592,0.213628989,0.319091401,0.467279611
0.210383991,0.284478096,0.505137912,0.216873986,0.30773391,0.475392104
0.206057328,0.274202271,0.5197404,0.210924824,0.30016225,0.488912926
0.212547323,0.258518118,0.528934559,0.224986479,0.276365603,0.498647918
0.20822066,0.246619794,0.545159546,0.217955652,0.258518118,0.52352623
0.210383991,0.23634397,0.553272039,0.217955652,0.248242293,0.533802055
0.209302326,0.224986479,0.565711195,0.213628989,0.237966468,0.548404543
0.202271498,0.217955652,0.57977285,0.203893997,0.226608978,0.569497025
0.214169822,0.199567334,0.586262845,0.218496485,0.214710654,0.566792861
0.214169822,0.193618172,0.592212006,0.214710654,0.203353164,0.581936182
0.213088156,0.184424013,0.602487831,0.214169822,0.192536506,0.593293672
0.212547323,0.170362358,0.617090319,0.214169822,0.180638183,0.605191996
0.209302326,0.164954029,0.625743645,0.20822066,0.18009735,0.61168199
0.213088156,0.143320714,0.64359113,0.217414819,0.160627366,0.621957815
0.218496485,0.131963223,0.649540292,0.214710654,0.156841536,0.62844781
0.221200649,0.128718226,0.650081125,0.218496485,0.156841536,0.624661979
0.228231476,0.118983234,0.652785289,0.229313142,0.149810708,0.620876149
0.230394808,0.111952407,0.657652785,0.234180638,0.138453218,0.627366144
0.232017307,0.109789075,0.658193618,0.236884803,0.139534884,0.623580314
0.224986479,0.116819903,0.658193618,0.226068145,0.143861547,0.630070308
0.226608978,0.114656571,0.658734451,0.227690644,0.146024878,0.626284478
0.224986479,0.111411574,0.663601947,0.225527312,0.14440238,0.630070308
0.221741482,0.106544078,0.67171444,0.223363981,0.143320714,0.633315306
0.223904813,0.108707409,0.667387777,0.228772309,0.147106544,0.624121147
0.218496485,0.113574905,0.66792861,0.220659816,0.14440238,0.634937804
0.210924824,0.117901568,0.671173607,0.215251487,0.143861547,0.640886966
0.212547323,0.121687399,0.665765279,0.216873986,0.142779881,0.640346133
0.215251487,0.125473229,0.659275284,0.218496485,0.147106544,0.634396971
0.215251487,0.12385073,0.660897783,0.218496485,0.142779881,0.638723634
0.216873986,0.1200649,0.663061114,0.225527312,0.137371552,0.637101136
0.213088156,0.122769064,0.66414278,0.222282315,0.135208221,0.642509465
0.21579232,0.126554895,0.657652785,0.220118983,0.134126555,0.645754462
0.220118983,0.12763656,0.652244456,0.221741482,0.134126555,0.644131963
0.224986479,0.125473229,0.649540292,0.226608978,0.136289886,0.637101136
0.233639805,0.126554895,0.6398053,0.231476474,0.134667388,0.633856138
0.237966468,0.129799892,0.63223364,0.226608978,0.140075717,0.633315306
0.242293131,0.12763656,0.630070308,0.23634397,0.141157382,0.622498648
0.24391563,0.129259059,0.626825311,0.237425635,0.138453218,0.624121147
0.250946458,0.122769064,0.626284478,0.24770146,0.132504056,0.619794484
0.260681449,0.120605733,0.618712818,0.253650622,0.133585722,0.612763656
0.259599784,0.122228231,0.618171985,0.253650622,0.128718226,0.617631152
0.257977285,0.117360736,0.624661979,0.247160627,0.125473229,0.627366144
0.255273121,0.117360736,0.627366144,0.244997296,0.128177393,0.626825311
0.269334776,0.113034072,0.617631152,0.261763115,0.128177393,0.610059492
0.268793943,0.116819903,0.614386155,0.267171444,0.127095727,0.605732829
0.269334776,0.1200649,0.610600324,0.262303948,0.124391563,0.613304489
0.266630611,0.129799892,0.603569497,0.257436452,0.131963223,0.610600324
0.26825311,0.135208221,0.59653867,0.26446728,0.144943213,0.590589508
0.277447269,0.130340725,0.592212006,0.268793943,0.128718226,0.602487831
0.283396431,0.128718226,0.587885343,0.276906436,0.12763656,0.595457004
0.285018929,0.131963223,0.583017847,0.277988102,0.129799892,0.592212006
0.283937263,0.136830719,0.579232017,0.288263926,0.126554895,0.585181179
0.290427258,0.136289886,0.573282856,0.288804759,0.127095727,0.584099513
0.291508924,0.140616549,0.567874527,0.29637642,0.122228231,0.581395349
0.288263926,0.141698215,0.570037858,0.297998918,0.118442401,0.58355868
0.290427258,0.145484045,0.564088697,0.29637642,0.123309897,0.580313683
0.285018929,0.153055706,0.561925365,0.290427258,0.128718226,0.580854516
0.289886425,0.147106544,0.563007031,0.304488913,0.118983234,0.576527853
0.287182261,0.15575987,0.557057869,0.298539751,0.121146566,0.580313683
0.291508924,0.150351541,0.558139535,0.309356409,0.115738237,0.574905354
0.299080584,0.152514873,0.548404543,0.308815576,0.11249324,0.578691184
0.299080584,0.155219037,0.545700379,0.31151974,0.1200649,0.56841536
0.303407247,0.157923202,0.538669551,0.314764738,0.118442401,0.566792861
0.302866414,0.162249865,0.534883721,0.307193077,0.135749054,0.557057869
0.301784749,0.1595457,0.538669551,0.310978908,0.130881558,0.558139535
0.300703083,0.155219037,0.54407788,0.319632234,0.121687399,0.558680368
0.309897242,0.156841536,0.533261222,0.318009735,0.1200649,0.561925365
0.309897242,0.153055706,0.537047052,0.322877231,0.108707409,0.56841536
0.304488913,0.164954029,0.530557058,0.318009735,0.107625744,0.574364521
0.305570579,0.160627366,0.533802055,0.323958897,0.107084911,0.568956193
0.30773391,0.154137372,0.538128718,0.318550568,0.105462412,0.57598702
0.305570579,0.163872363,0.530557058,0.315846403,0.121146566,0.563007031
0.31151974,0.159004867,0.529475392,0.323958897,0.106544078,0.569497025
0.308815576,0.168199027,0.522985398,0.314764738,0.1200649,0.565170362
0.309356409,0.171984857,0.518658734,0.315305571,0.116819903,0.567874527
0.301243916,0.177393186,0.521362899,0.314764738,0.124932396,0.560302866
0.288263926,0.190914008,0.520822066,0.291508924,0.136830719,0.571660357
0.289886425,0.188209843,0.521903732,0.30016225,0.138453218,0.561384532
0.282314765,0.196322336,0.521362899,0.290968091,0.14440238,0.564629529
0.282855598,0.189291509,0.527852893,0.289886425,0.143861547,0.566252028
0.276906436,0.197944835,0.525148729,0.273120606,0.154137372,0.572742023
0.275283937,0.194159005,0.530557058,0.275283937,0.148729043,0.57598702
0.277447269,0.200108167,0.522444565,0.277988102,0.143861547,0.578150352
0.280151433,0.202271498,0.517577069,0.286100595,0.145484045,0.56841536
0.277988102,0.205516495,0.516495403,0.281233099,0.150351541,0.56841536
0.277447269,0.20443483,0.518117902,0.272579773,0.162790698,0.564629529
0.269875608,0.207138994,0.522985398,0.27203894,0.158464035,0.569497025
0.255813953,0.220659816,0.52352623,0.247160627,0.179556517,0.573282856
0.262844781,0.217414819,0.5197404,0.255813953,0.167658194,0.576527853
0.254732288,0.217414819,0.527852893,0.252028123,0.173607355,0.574364521
0.249864792,0.214710654,0.535424554,0.247160627,0.181179016,0.571660357
0.233639805,0.228231476,0.538128718,0.219037317,0.190373175,0.590589508
0.221200649,0.234180638,0.544618713,0.20443483,0.195240671,0.6003245
0.21957815,0.227149811,0.553272039,0.209843158,0.193618172,0.59653867
0.20443483,0.23255814,0.563007031,0.190373175,0.188750676,0.620876149
0.210383991,0.220659816,0.568956193,0.195781504,0.177393186,0.626825311
0.205516495,0.214710654,0.57977285,0.197944835,0.177393186,0.624661979
0.199567334,0.213628989,0.586803678,0.187128177,0.174689021,0.638182802
0.197404002,0.209302326,0.593293672,0.187128177,0.181179016,0.631692807
0.186587345,0.211465657,0.601946998,0.171984857,0.190373175,0.637641969
0.177934018,0.197944835,0.624121147,0.163331531,0.189291509,0.647376961
0.178474851,0.190373175,0.631151974,0.168199027,0.189832342,0.641968632
0.17631152,0.179015684,0.644672796,0.168199027,0.180638183,0.651162791
0.177934018,0.169280692,0.652785289,0.169280692,0.18009735,0.650621958
0.169280692,0.164413196,0.666306111,0.168199027,0.17631152,0.655489454
0.164954029,0.156841536,0.678204435,0.160086533,0.170362358,0.669551109
0.166576528,0.149810708,0.683612764,0.163331531,0.163331531,0.673336939
0.1595457,0.146024878,0.694429421,0.154137372,0.159004867,0.686857761
0.150351541,0.142239048,0.70740941,0.15197404,0.161709032,0.686316928
0.154678204,0.13142239,0.713899405,0.162249865,0.154678204,0.683071931
0.153596539,0.122769064,0.723634397,0.166576528,0.156300703,0.677122769
0.156300703,0.113034072,0.730665224,0.163872363,0.146565711,0.689561925
0.155219037,0.108166577,0.736614386,0.163872363,0.141157382,0.694970254
0.161709032,0.097349919,0.740941049,0.174689021,0.134667388,0.690643591
0.153596539,0.09951325,0.746890211,0.162249865,0.135208221,0.702541915
0.162790698,0.100054083,0.737155219,0.175770687,0.141698215,0.682531098
0.164413196,0.09572742,0.739859383,0.175770687,0.142239048,0.681990265
0.166035695,0.09951325,0.734451055,0.17631152,0.139534884,0.684153597
0.173066522,0.095186587,0.73174689,0.181719849,0.134667388,0.683612764
0.170903191,0.102758248,0.726338561,0.167658194,0.130881558,0.701460249
0.168739859,0.113574905,0.717685235,0.157382369,0.129259059,0.713358572
0.171444024,0.115738237,0.712817739,0.160627366,0.138994051,0.700378583
0.175770687,0.120605733,0.70362358,0.165494862,0.151433207,0.683071931
0.177934018,0.118442401,0.70362358,0.174689021,0.153055706,0.672255273
0.17631152,0.129259059,0.694429421,0.165494862,0.155219037,0.679286101
0.174148188,0.13142239,0.694429421,0.166035695,0.152514873,0.681449432
0.171444024,0.128718226,0.69983775,0.161709032,0.14818821,0.690102758
0.176852353,0.121687399,0.701460249,0.162249865,0.152514873,0.685235262
0.185505679,0.109248242,0.705246079,0.18009735,0.149269876,0.670632774
0.189832342,0.102217415,0.707950243,0.182801514,0.142779881,0.674418605
0.206598161,0.096268253,0.697133586,0.201189832,0.13142239,0.667387777
0.206598161,0.100054083,0.693347756,0.201189832,0.13142239,0.667387777
0.214169822,0.102758248,0.683071931,0.20443483,0.130340725,0.665224446
0.223904813,0.095186587,0.680908599,0.224445646,0.129259059,0.646295295
0.221200649,0.09951325,0.679286101,0.21957815,0.137912385,0.642509465
0.225527312,0.100054083,0.674418605,0.226068145,0.141698215,0.63223364
0.229313142,0.096268253,0.674418605,0.228231476,0.134667388,0.637101136
0.239048134,0.096268253,0.664683613,0.230935641,0.137371552,0.631692807
0.246619794,0.097890752,0.655489454,0.238507301,0.135749054,0.625743645
0.255273121,0.096809086,0.647917793,0.249323959,0.133044889,0.617631152
0.257436452,0.104921579,0.637641969,0.253109789,0.123309897,0.623580314
0.270957274,0.101135749,0.627906977,0.266630611,0.1200649,0.613304489
0.277447269,0.100054083,0.622498648,0.270957274,0.122769064,0.606273661
0.288804759,0.087614927,0.623580314,0.291508924,0.111411574,0.597079502
0.29259059,0.096809086,0.610600324,0.29259059,0.116819903,0.590589508
0.30394808,0.100594916,0.595457004,0.302866414,0.11627907,0.580854516
0.313683072,0.106544078,0.57977285,0.317468902,0.117901568,0.564629529
0.313683072,0.117360736,0.568956193,0.310978908,0.1200649,0.568956193
0.321795565,0.115197404,0.563007031,0.318550568,0.125473229,0.555976203
0.33207139,0.116819903,0.551108707,0.333693889,0.129259059,0.537047052
0.33964305,0.116819903,0.543537047,0.34342888,0.125473229,0.531097891
0.350459708,0.116819903,0.532720389,0.349918875,0.12763656,0.522444565
0.3601947,0.122228231,0.517577069,0.369929692,0.126014062,0.504056247
0.369929692,0.130881558,0.499188751,0.368848026,0.142239048,0.488912926
0.378042185,0.131963223,0.489994592,0.378583018,0.125473229,0.495943753
0.383991347,0.131963223,0.48404543,0.380205516,0.125473229,0.494321255
0.406165495,0.123309897,0.470524608,0.413737155,0.125473229,0.460789616
0.406165495,0.125473229,0.468361276,0.404002163,0.128177393,0.467820443
0.407247161,0.124391563,0.468361276,0.408869659,0.124391563,0.466738778
0.416982153,0.121687399,0.461330449,0.428339643,0.120605733,0.451054624
0.422390481,0.121687399,0.45592212,0.432666306,0.12763656,0.439697134
0.433207139,0.116819903,0.449972958,0.442942131,0.119524067,0.437533802
0.445646295,0.118983234,0.435370471,0.453217956,0.111952407,0.434829638
0.450513791,0.124391563,0.425094646,0.465116279,0.109789075,0.425094646
0.456462953,0.126014062,0.417522985,0.47647377,0.106003245,0.417522985
0.467279611,0.138453218,0.394267171,0.477555435,0.115197404,0.407247161
0.481882098,0.142239048,0.375878853,0.496484586,0.103839913,0.3996755
0.500270416,0.138994051,0.360735533,0.509464575,0.098431585,0.39210384
0.498647918,0.15575987,0.345592212,0.500270416,0.109248242,0.390481341
0.511087074,0.149810708,0.339102217,0.51216874,0.113574905,0.374256355
0.517577069,0.142779881,0.33964305,0.524067063,0.108707409,0.367225527
0.533802055,0.133585722,0.332612223,0.542455381,0.096809086,0.360735533
0.541914548,0.136289886,0.321795565,0.553272039,0.097349919,0.349378042
0.557057869,0.13142239,0.31151974,0.571660357,0.088696593,0.33964305
0.566252028,0.127095727,0.306652244,0.580854516,0.081124932,0.338020552
0.57220119,0.126014062,0.301784749,0.593834505,0.074094105,0.33207139
0.587344511,0.127095727,0.285559762,0.611141157,0.071389941,0.317468902
0.6003245,0.13142239,0.26825311,0.630611141,0.066522445,0.302866414
0.605191996,0.140616549,0.254191455,0.637641969,0.069226609,0.293131422
0.606814494,0.14818821,0.244997296,0.632774473,0.066522445,0.300703083
0.613845322,0.14818821,0.237966468,0.634396971,0.070308275,0.295294754
0.606273661,0.165494862,0.228231476,0.624121147,0.082747431,0.293131422
0.604651163,0.17252569,0.222823148,0.628988643,0.0805841,0.290427258
0.6003245,0.182260681,0.217414819,0.616549486,0.08436993,0.299080584
0.597620335,0.183342347,0.219037317,0.624661979,0.076798269,0.298539751
0.590048675,0.194699838,0.215251487,0.611141157,0.086533261,0.302325581
0.579232017,0.199026501,0.221741482,0.599242834,0.090859924,0.309897242
0.579232017,0.190914008,0.229853975,0.608977826,0.095186587,0.295835587
0.574364521,0.191995673,0.233639805,0.605732829,0.086533261,0.30773391
0.552190373,0.220118983,0.227690644,0.576527853,0.087614927,0.33585722
0.543537047,0.222823148,0.233639805,0.570578691,0.090859924,0.338561385
0.542455381,0.218496485,0.239048134,0.571660357,0.083829097,0.344510546
0.529475392,0.233098972,0.237425635,0.553272039,0.09194159,0.354786371
0.51595457,0.2401298,0.24391563,0.542996214,0.103839913,0.353163872
0.49540292,0.248242293,0.256354786,0.520281233,0.121687399,0.358031368
0.48783126,0.259058951,0.253109789,0.508923743,0.132504056,0.358572201
0.475392104,0.267712277,0.256895619,0.499729584,0.149269876,0.351000541
0.453217956,0.287182261,0.259599784,0.467279611,0.171984857,0.360735533
0.430502975,0.289886425,0.2796106,0.448891293,0.185505679,0.365603029
0.414818821,0.30016225,0.285018929,0.435370471,0.195781504,0.368848026
0.395348837,0.307193077,0.297458085,0.422390481,0.193077339,0.38453218
0.376960519,0.310438075,0.312601406,0.400216333,0.196322336,0.40346133
0.360735533,0.310438075,0.328826393,0.378042185,0.195240671,0.426717144
0.341265549,0.318009735,0.340724716,0.359653867,0.206598161,0.433747972
0.318550568,0.336398053,0.345051379,0.325040562,0.222282315,0.452677123
0.312060573,0.33207139,0.355868037,0.322877231,0.210383991,0.466738778
0.29259059,0.333693889,0.373715522,0.299621417,0.21957815,0.480800433
0.281233099,0.33207139,0.386695511,0.287723094,0.224986479,0.487290427
0.261763115,0.338020552,0.400216333,0.254732288,0.234721471,0.510546241
0.242833964,0.340183883,0.416982153,0.239048134,0.246619794,0.514332071
0.227690644,0.330989724,0.441319632,0.223904813,0.240670633,0.535424554
0.205516495,0.329908058,0.464575446,0.199567334,0.241752299,0.558680368
0.196863169,0.313142239,0.489994592,0.192536506,0.244456463,0.563007031
0.195781504,0.291508924,0.512709573,0.194159005,0.234721471,0.571119524
0.193618172,0.269334776,0.537047052,0.199567334,0.20822066,0.592212006
0.189832342,0.257436452,0.552731206,0.193618172,0.201189832,0.605191996
0.187128177,0.236884803,0.57598702,0.191995673,0.189291509,0.618712818
0.190914008,0.213088156,0.595997837,0.188750676,0.170903191,0.640346133
0.200648999,0.189291509,0.610059492,0.197404002,0.163331531,0.639264467
0.189291509,0.189291509,0.621416982,0.190914008,0.169280692,0.6398053
0.181719849,0.183342347,0.634937804,0.185505679,0.171444024,0.643050297
0.178474851,0.173607355,0.647917793,0.184964846,0.164954029,0.650081125
0.173607355,0.167658194,0.658734451,0.184424013,0.161168199,0.654407788
0.156841536,0.177934018,0.665224446,0.154137372,0.170903191,0.674959438
0.148729043,0.175770687,0.67550027,0.150892374,0.178474851,0.670632774
0.149810708,0.17252569,0.677663602,0.151433207,0.173607355,0.674959438
0.143320714,0.162249865,0.694429421,0.145484045,0.159004867,0.695511087
0.143320714,0.156841536,0.69983775,0.147106544,0.15197404,0.700919416
0.131963223,0.155219037,0.712817739,0.133585722,0.144943213,0.721471065
0.134126555,0.147106544,0.718766901,0.140616549,0.164413196,0.694970254
0.126554895,0.154137372,0.719307734,0.128718226,0.158464035,0.712817739
0.125473229,0.141157382,0.733369389,0.134667388,0.153596539,0.711736074
0.132504056,0.131963223,0.73553272,0.138453218,0.150351541,0.711195241
0.133044889,0.122228231,0.744726879,0.137371552,0.146024878,0.716603569
0.132504056,0.114115738,0.753380206,0.140075717,0.141698215,0.718226068
0.136830719,0.103299081,0.7598702,0.143320714,0.136830719,0.719848567
0.134667388,0.092482423,0.772850189,0.14440238,0.135749054,0.719848567
0.136289886,0.092482423,0.771227691,0.146024878,0.141698215,0.712276906
0.143861547,0.086533261,0.769605192,0.152514873,0.140075717,0.70740941
0.142779881,0.082747431,0.774472688,0.147647377,0.142779881,0.709572742
0.14440238,0.074094105,0.781503515,0.151433207,0.139534884,0.709031909
0.147647377,0.071930773,0.78042185,0.161168199,0.138994051,0.69983775
0.148729043,0.064359113,0.786911844,0.161168199,0.137912385,0.700919416
0.157923202,0.062195782,0.779881017,0.163331531,0.13142239,0.705246079
0.1595457,0.065981612,0.774472688,0.168199027,0.129799892,0.702001082
0.166035695,0.067063277,0.766901028,0.171444024,0.130340725,0.698215251
0.171444024,0.065440779,0.763115197,0.177934018,0.124391563,0.697674419
0.174689021,0.06760411,0.757706869,0.188750676,0.12385073,0.687398594
0.174148188,0.072471606,0.753380206,0.180638183,0.130340725,0.689021092
0.171444024,0.078961601,0.749594375,0.171984857,0.140075717,0.687939427
0.171444024,0.082206598,0.746349378,0.167658194,0.141698215,0.690643591
0.169280692,0.083288264,0.747431044,0.170362358,0.14818821,0.681449432
0.178474851,0.076257436,0.745267712,0.182260681,0.148729043,0.669010276
0.18766901,0.069226609,0.743104381,0.196863169,0.138994051,0.66414278
0.196322336,0.058950784,0.744726879,0.206057328,0.128718226,0.665224446
0.199567334,0.06003245,0.740400216,0.201730665,0.137912385,0.66035695
0.20822066,0.053001622,0.738777718,0.213088156,0.128177393,0.658734451
0.216333153,0.050838291,0.732828556,0.223363981,0.124932396,0.651703624
0.219037317,0.05624662,0.724716063,0.230394808,0.126014062,0.64359113
0.227690644,0.054083288,0.718226068,0.236884803,0.113574905,0.649540292
0.229853975,0.062195782,0.707950243,0.239588967,0.122228231,0.638182802
0.233639805,0.065440779,0.700919416,0.248242293,0.118983234,0.632774473
0.24391563,0.06760411,0.68848026,0.246078962,0.115738237,0.638182802
0.256895619,0.068144943,0.674959438,0.274743104,0.113034072,0.612222823
0.260140617,0.070849108,0.669010276,0.274202271,0.116819903,0.608977826
0.266630611,0.077879935,0.655489454,0.274202271,0.1200649,0.605732829
0.273120606,0.088696593,0.638182802,0.269334776,0.129259059,0.601406165
0.290427258,0.090319091,0.619253651,0.301784749,0.126014062,0.57220119
0.302866414,0.090859924,0.606273661,0.320173067,0.119524067,0.560302866
0.318009735,0.094104922,0.587885343,0.327203894,0.127095727,0.545700379
0.323958897,0.103299081,0.572742023,0.338561385,0.129799892,0.531638724
0.333693889,0.122228231,0.54407788,0.341806382,0.142239048,0.51595457
0.339102217,0.126554895,0.534342888,0.344510546,0.144943213,0.510546241
0.345051379,0.133585722,0.521362899,0.355868037,0.142779881,0.501352082
0.348837209,0.142779881,0.50838291,0.357490535,0.142779881,0.499729584
0.347214711,0.145484045,0.507301244,0.360735533,0.147647377,0.49161709
0.353163872,0.154678204,0.492157923,0.352623039,0.150892374,0.496484586
0.361817198,0.161168199,0.477014602,0.362358031,0.153596539,0.48404543
0.36398053,0.173607355,0.462412115,0.376419686,0.147647377,0.475932937
0.368307193,0.179015684,0.452677123,0.378583018,0.154137372,0.467279611
0.367225527,0.19145484,0.441319632,0.385073012,0.156841536,0.458085452
0.368848026,0.193618172,0.437533802,0.378042185,0.153055706,0.468902109
0.365603029,0.205516495,0.428880476,0.375338021,0.160627366,0.464034613
0.373715522,0.205516495,0.420767983,0.381828015,0.151433207,0.466738778
0.366684694,0.218496485,0.414818821,0.378583018,0.169821525,0.451595457
0.362898864,0.223363981,0.413737155,0.370470525,0.174148188,0.455381287
0.365603029,0.224445646,0.409951325,0.373715522,0.184964846,0.441319632
0.365603029,0.224986479,0.409410492,0.375338021,0.177393186,0.447268794
0.370470525,0.217414819,0.412114657,0.386154678,0.163872363,0.449972958
0.369388859,0.220659816,0.409951325,0.386154678,0.167658194,0.446187128
0.371011357,0.215251487,0.413737155,0.39210384,0.158464035,0.449432125
0.368307193,0.217414819,0.414277988,0.382909681,0.153055706,0.464034613
0.362898864,0.216873986,0.42022715,0.37155219,0.164413196,0.464034613
0.363439697,0.216873986,0.419686317,0.378042185,0.154678204,0.467279611
0.357490535,0.221200649,0.421308816,0.36776636,0.157382369,0.474851271
0.350459708,0.220659816,0.428880476,0.355868037,0.162249865,0.481882098
0.343969713,0.219037317,0.436992969,0.354786371,0.160086533,0.485127096
0.33207139,0.228772309,0.439156301,0.337479719,0.177934018,0.484586263
0.332612223,0.229313142,0.438074635,0.342888048,0.180638183,0.47647377
0.333153056,0.230935641,0.435911303,0.348837209,0.179556517,0.471606274
0.333693889,0.227690644,0.438615468,0.343969713,0.171984857,0.48404543
0.327203894,0.23255814,0.440237966,0.344510546,0.173066522,0.482422931
0.326663061,0.235262304,0.438074635,0.343969713,0.182260681,0.473769605
0.316387236,0.2401298,0.443482964,0.332612223,0.181179016,0.486208761
0.299621417,0.24770146,0.452677123,0.317468902,0.170903191,0.511627907
0.290968091,0.250405625,0.458626284,0.305570579,0.179015684,0.515413737
0.288804759,0.253109789,0.458085452,0.301243916,0.18009735,0.518658734
0.286641428,0.250946458,0.462412115,0.297458085,0.17252569,0.530016225
0.277447269,0.267712277,0.454840454,0.2796106,0.197944835,0.522444565
0.266630611,0.280692266,0.452677123,0.255813953,0.219037317,0.525148729
0.252028123,0.282314765,0.465657112,0.237966468,0.239588967,0.522444565
0.244456463,0.275283937,0.4802596,0.228772309,0.243374797,0.527852893
0.23634397,0.276906436,0.486749594,0.230935641,0.241211466,0.527852893
0.237966468,0.263926447,0.498107085,0.224986479,0.236884803,0.538128718
0.244456463,0.254732288,0.500811249,0.239048134,0.237966468,0.522985398
0.245538129,0.253650622,0.500811249,0.242833964,0.243374797,0.513791239
0.244997296,0.233639805,0.521362899,0.244997296,0.230935641,0.524067063
0.246619794,0.223904813,0.529475392,0.248783126,0.216333153,0.534883721
0.246078962,0.213628989,0.54029205,0.247160627,0.216873986,0.535965387
0.252028123,0.204975663,0.542996214,0.250946458,0.209843158,0.539210384
0.254732288,0.200648999,0.544618713,0.253650622,0.203893997,0.542455381
0.261763115,0.189832342,0.548404543,0.263926447,0.188209843,0.54786371
0.255273121,0.181179016,0.563547864,0.25148729,0.174689021,0.573823688
0.257977285,0.169280692,0.572742023,0.255813953,0.163331531,0.580854516
0.265008112,0.159004867,0.57598702,0.26825311,0.145484045,0.586262845
0.274743104,0.151433207,0.573823688,0.284478096,0.138994051,0.576527853
0.269334776,0.152514873,0.578150352,0.266630611,0.147647377,0.585722012
0.26825311,0.150351541,0.581395349,0.266630611,0.151433207,0.581936182
0.271498107,0.147106544,0.581395349,0.266089778,0.150351541,0.58355868
0.274743104,0.138453218,0.586803678,0.279069767,0.131963223,0.588967009
0.269875608,0.141157382,0.588967009,0.274202271,0.140075717,0.585722012
0.261763115,0.14818821,0.590048675,0.266630611,0.144943213,0.588426176
0.252568956,0.15197404,0.595457004,0.250946458,0.149810708,0.599242834
0.250405625,0.156300703,0.593293672,0.24770146,0.157923202,0.594375338
0.252568956,0.15575987,0.591671174,0.247160627,0.163331531,0.589507842
0.252028123,0.162249865,0.585722012,0.249864792,0.152514873,0.597620335
0.250946458,0.164954029,0.584099513,0.244456463,0.147647377,0.60789616
0.250946458,0.156841536,0.592212006,0.253109789,0.12763656,0.619253651
0.250405625,0.159004867,0.590589508,0.245538129,0.128718226,0.625743645
0.241211466,0.168199027,0.590589508,0.23634397,0.127095727,0.636560303
0.239588967,0.171444024,0.588967009,0.233098972,0.120605733,0.646295295
0.241752299,0.164954029,0.593293672,0.24391563,0.118442401,0.637641969
0.237425635,0.171444024,0.591130341,0.229313142,0.129799892,0.640886966
0.228772309,0.179015684,0.592212006,0.221741482,0.144943213,0.633315306
0.221741482,0.184964846,0.593293672,0.213628989,0.148729043,0.637641969
0.209302326,0.198485668,0.592212006,0.203353164,0.149810708,0.646836128
0.20822066,0.194159005,0.597620335,0.202271498,0.151433207,0.646295295
0.20822066,0.190914008,0.600865333,0.193618172,0.14440238,0.661979448
0.204975663,0.196322336,0.598702001,0.193077339,0.148729043,0.658193618
0.20822066,0.189832342,0.601946998,0.200648999,0.141698215,0.657652785
0.203353164,0.19145484,0.605191996,0.193618172,0.147647377,0.658734451
0.210383991,0.187128177,0.602487831,0.195240671,0.150351541,0.654407788
0.201730665,0.201730665,0.59653867,0.184424013,0.151433207,0.66414278
0.202271498,0.201730665,0.595997837,0.189832342,0.14818821,0.661979448
0.189832342,0.206057328,0.60411033,0.170903191,0.157923202,0.671173607
0.180638183,0.205516495,0.613845322,0.170362358,0.163331531,0.666306111
0.182801514,0.189832342,0.627366144,0.179556517,0.15575987,0.664683613
0.175770687,0.190914008,0.633315306,0.170362358,0.152514873,0.677122769
0.17631152,0.182260681,0.641427799,0.162790698,0.150351541,0.686857761
0.173066522,0.173066522,0.653866955,0.167117361,0.150351541,0.682531098
0.171444024,0.177393186,0.651162791,0.162249865,0.161709032,0.676041103
0.171444024,0.173607355,0.654948621,0.171984857,0.1595457,0.668469443
0.176852353,0.15575987,0.667387777,0.171984857,0.156300703,0.67171444
0.181179016,0.1595457,0.659275284,0.179556517,0.160086533,0.66035695
0.177934018,0.157923202,0.66414278,0.167117361,0.165494862,0.667387777
0.18766901,0.146024878,0.666306111,0.181719849,0.160086533,0.658193618
0.192536506,0.136289886,0.671173607,0.189832342,0.157382369,0.652785289
0.209843158,0.125473229,0.664683613,0.209302326,0.150351541,0.640346133
0.21579232,0.126014062,0.658193618,0.214710654,0.155219037,0.630070308
0.233639805,0.111952407,0.654407788,0.230935641,0.146024878,0.623039481
0.245538129,0.109789075,0.644672796,0.250405625,0.137912385,0.61168199
0.256354786,0.111952407,0.631692807,0.263385614,0.131963223,0.604651163
0.265008112,0.108166577,0.626825311,0.269875608,0.118983234,0.611141157
0.281233099,0.109789075,0.608977826,0.287182261,0.11627907,0.59653867
0.292049757,0.111952407,0.595997837,0.295835587,0.113574905,0.590589508
0.296917253,0.113034072,0.590048675,0.309897242,0.110329908,0.57977285
0.307193077,0.122228231,0.570578691,0.312601406,0.117360736,0.570037858
0.322877231,0.128177393,0.548945376,0.336938886,0.115738237,0.547322877
0.329908058,0.137912385,0.532179557,0.348296376,0.116819903,0.534883721
0.347214711,0.140075717,0.512709573,0.360735533,0.120605733,0.518658734
0.35640887,0.144943213,0.498647918,0.372093023,0.120605733,0.507301244
0.352623039,0.157923202,0.489453759,0.372093023,0.117360736,0.510546241
0.351541374,0.169280692,0.479177934,0.374797188,0.115197404,0.510005408
0.352623039,0.183342347,0.464034613,0.372093023,0.133044889,0.494862088
0.358031368,0.182801514,0.459167117,0.382368848,0.128718226,0.488912926
0.354245538,0.195240671,0.450513791,0.374256355,0.128718226,0.497025419
0.356949703,0.200648999,0.442401298,0.376419686,0.129259059,0.494321255
0.349378042,0.209843158,0.440778799,0.358572201,0.13142239,0.510005408
0.344510546,0.214710654,0.440778799,0.353163872,0.138994051,0.507842077
0.343969713,0.218496485,0.437533802,0.355327204,0.146565711,0.498107085
0.341806382,0.227149811,0.431043807,0.352623039,0.156300703,0.491076257
0.341806382,0.233639805,0.424553813,0.342347215,0.162249865,0.49540292
0.339102217,0.241752299,0.419145484,0.343969713,0.164413196,0.49161709
0.337479719,0.242293131,0.42022715,0.352082207,0.168199027,0.479718767
0.322877231,0.252028123,0.425094646,0.33585722,0.174689021,0.489453759
0.310438075,0.254732288,0.434829638,0.316928069,0.168199027,0.514872904
0.288804759,0.268793943,0.442401298,0.294213088,0.181719849,0.524067063
0.281233099,0.26825311,0.450513791,0.286641428,0.185505679,0.527852893
0.287182261,0.255273121,0.457544619,0.297998918,0.17252569,0.529475392
0.274743104,0.262303948,0.462952948,0.284478096,0.188209843,0.527312061
0.273661439,0.252568956,0.473769605,0.283396431,0.175770687,0.540832883
0.260140617,0.257436452,0.482422931,0.26446728,0.183342347,0.552190373
0.259058951,0.249864792,0.491076257,0.273120606,0.175229854,0.55164954
0.24770146,0.248242293,0.504056247,0.253109789,0.182801514,0.564088697
0.241211466,0.247160627,0.511627907,0.235803137,0.188750676,0.575446187
0.232017307,0.254191455,0.513791239,0.219037317,0.201730665,0.579232017
0.225527312,0.252028123,0.522444565,0.21200649,0.194699838,0.593293672
0.213088156,0.249323959,0.537587885,0.200108167,0.195240671,0.604651163
0.212547323,0.241211466,0.546241211,0.196863169,0.183342347,0.619794484
